date,hko_max_c,hko_min_c,hko_mean_c,kp_max_c,kp_min_c,kp_mean_c,hko_rain_mm,hko_rh_pct,hko_pressure_hpa,hko_cloud_pct,kp_sun_hr,kp_wind_kmh,kp_hkhi_mean,kp_hkhi_max
2000-03-01,14.4,11.0,12.8,14.4,10.4,12.3,12.8,93,1021.3,98,0.0,5.0,,
2000-03-02,16.7,13.2,14.9,17.3,12.6,14.7,14.6,93,1019.2,95,0.6,5.0,,
2000-03-03,19.7,15.2,17.2,20.6,14.6,17.1,0.0,86,1017.6,72,3.0,11.6,,
2000-03-04,23.7,17.3,20.0,25.7,16.7,20.2,0.0,82,1014.6,48,9.0,7.2,,
2000-03-05,25.3,18.4,21.0,27.2,17.8,20.9,0.0,82,1011.6,28,10.3,5.6,,
2000-03-06,20.7,16.8,18.6,21.7,16.0,18.2,0.0,84,1013.4,85,1.1,13.3,,
2000-03-07,20.2,16.5,18.1,20.7,16.0,17.8,0.0,75,1015.5,58,7.7,17.7,,
2000-03-08,18.4,15.8,16.9,18.9,14.9,16.4,0.0,77,1017.0,70,4.4,17.3,,
2000-03-09,17.9,14.8,16.2,18.4,14.0,15.9,0.0,76,1018.6,58,8.2,20.7,,
2000-03-10,18.3,15.0,16.5,19.3,14.2,16.2,0.0,81,1016.5,78,4.7,16.5,,
2000-03-11,19.2,16.2,17.9,19.3,15.6,17.5,9.8,89,1011.9,87,0.0,8.2,,
2000-03-12,19.0,15.4,17.4,19.4,14.9,16.9,2.1,93,1011.9,95,0.1,10.9,,
2000-03-13,17.9,15.0,16.9,18.1,14.3,16.6,1.3,86,1014.5,92,0.0,17.2,,
2000-03-14,19.1,16.6,18.0,20.0,16.1,18.0,0.0,86,1015.1,89,1.0,13.5,,
2000-03-15,22.9,17.4,19.9,23.3,16.9,19.9,0.0,87,1012.7,57,5.7,9.2,,
2000-03-16,22.9,17.9,20.2,23.4,17.3,19.9,0.3,87,1011.7,85,0.1,6.3,,
2000-03-17,18.1,15.9,17.1,18.0,15.0,16.6,0.0,70,1013.9,96,0.1,23.4,,
2000-03-18,19.8,15.7,18.0,20.2,14.8,17.7,0.0,79,1012.8,89,0.2,14.8,,
2000-03-19,24.6,19.3,21.0,25.5,18.5,20.9,0.0,83,1013.0,89,1.3,4.9,,
2000-03-20,21.2,18.3,19.3,22.0,17.5,18.9,0.0,73,1014.9,74,5.8,17.9,,
2000-03-21,22.8,17.9,20.6,23.5,17.4,20.5,0.0,70,1014.4,58,6.7,13.3,,
2000-03-22,25.1,20.3,22.4,26.8,19.4,22.3,0.0,83,1013.9,21,9.2,4.3,,
2000-03-23,25.1,20.2,22.2,26.2,19.4,21.9,0.0,81,1015.9,52,5.7,8.2,,
2000-03-24,22.4,19.0,20.2,22.5,18.2,19.6,0.0,71,1018.9,67,5.3,12.9,,
2000-03-25,21.8,18.0,19.7,22.3,17.3,19.3,0.0,57,1020.1,61,7.6,15.7,,
2000-03-26,22.4,18.5,20.2,22.6,17.7,19.8,0.0,66,1019.9,73,2.1,6.1,,
2000-03-27,23.9,18.4,20.9,24.0,16.8,20.4,0.0,71,1016.3,17,7.9,4.0,,
2000-03-28,27.7,19.4,22.9,27.6,18.3,22.5,0.0,68,1014.5,22,9.9,4.0,,
2000-03-29,25.3,20.1,22.6,27.7,18.9,22.1,0.0,67,1017.0,20,9.9,11.8,,
2000-03-30,24.6,19.2,21.5,25.0,18.0,21.0,0.0,67,1014.8,56,6.7,11.6,,
2000-03-31,24.8,21.1,22.8,25.4,20.0,22.3,0.0,85,1009.6,86,2.8,10.2,,
2000-04-01,27.0,21.6,24.1,27.6,21.5,23.7,1.5,87,1007.1,86,2.7,6.7,,
2000-04-02,22.7,20.7,21.3,22.1,20.0,20.9,47.9,90,1009.5,92,0.0,18.6,,
2000-04-03,24.8,20.8,22.4,24.0,20.4,22.1,124.2,95,1009.2,93,0.0,7.6,,
2000-04-04,21.8,20.2,21.0,21.7,20.3,20.9,0.3,93,1010.1,92,0.0,3.1,,
2000-04-05,23.6,19.7,21.9,24.0,18.9,21.7,2.3,81,1012.4,86,1.3,6.0,,
2000-04-06,20.7,19.2,20.1,20.5,18.7,19.6,0.0,76,1015.4,89,0.1,19.1,,
2000-04-07,21.8,19.1,20.7,22.3,18.4,20.4,0.0,79,1015.9,95,0.4,12.4,,
2000-04-08,21.5,20.5,21.1,21.5,19.8,20.7,0.0,84,1014.6,92,0.0,14.3,,
2000-04-09,24.4,19.9,22.0,25.4,19.3,21.9,0.0,84,1013.0,77,4.4,11.3,,
2000-04-10,26.0,21.8,23.2,26.9,21.2,23.0,0.3,86,1013.8,91,0.7,5.1,,
2000-04-11,22.3,20.7,21.2,22.4,20.2,20.8,0.0,79,1015.4,86,2.7,18.3,,
2000-04-12,24.2,20.1,22.0,25.1,19.4,21.9,0.8,84,1012.1,90,1.7,6.8,,
2000-04-13,23.9,22.3,23.1,24.1,21.9,22.8,16.8,93,1008.9,88,0.0,7.7,,
2000-04-14,26.3,21.7,24.4,26.3,21.9,24.0,60.8,91,1006.7,91,0.0,11.8,,
2000-04-15,24.9,20.7,22.2,24.5,20.3,22.1,2.1,73,1012.1,83,3.3,11.0,,
2000-04-16,24.6,19.0,21.3,25.2,18.5,21.1,0.0,62,1015.1,49,10.0,10.4,,
2000-04-17,24.3,20.0,21.7,23.9,19.3,21.3,0.0,74,1015.3,76,7.5,14.5,,
2000-04-18,25.4,21.2,23.1,26.1,20.7,23.0,0.0,81,1013.7,76,7.6,12.9,,
2000-04-19,28.2,22.8,25.1,28.9,22.4,25.0,0.0,85,1010.9,65,6.7,4.9,,
2000-04-20,28.8,24.7,26.3,29.2,23.9,26.2,0.0,81,1009.0,67,10.0,6.0,,
2000-04-21,26.8,24.9,25.8,27.1,24.7,25.6,0.7,90,1009.7,85,0.2,3.2,,
2000-04-22,28.8,24.2,26.4,29.5,24.2,26.2,16.5,85,1009.4,86,5.8,4.8,,
2000-04-23,25.8,22.7,23.4,25.0,22.1,22.9,172.5,97,1009.2,96,0.0,9.3,,
2000-04-24,22.8,21.9,22.4,22.9,21.4,21.9,1.0,93,1008.5,96,0.0,21.3,,
2000-04-25,30.2,22.4,26.3,29.6,22.1,26.1,0.1,85,1006.3,85,5.8,11.6,,
2000-04-26,29.8,23.8,26.8,29.0,23.4,26.2,33.3,86,1006.7,89,0.4,7.9,,
2000-04-27,25.9,21.0,23.6,26.6,20.2,23.2,1.9,87,1010.1,88,0.9,11.3,,
2000-04-28,21.9,19.9,20.7,21.0,19.3,20.1,54.2,94,1010.9,92,0.0,20.2,,
2000-04-29,24.6,20.9,22.6,25.1,20.5,22.4,9.9,95,1011.7,91,0.5,11.9,,
2000-04-30,29.1,23.3,26.3,29.6,22.8,26.3,0.6,89,1010.1,87,4.6,5.2,,
2000-05-01,30.6,25.8,27.6,30.7,25.5,27.5,10.0,85,1008.5,82,7.9,5.8,,
2000-05-02,27.5,23.9,24.9,27.0,23.6,24.5,69.1,94,1010.1,94,0.0,7.1,,
2000-05-03,24.3,20.6,22.3,23.7,19.9,21.7,5.1,87,1012.4,92,0.2,14.1,,
2000-05-04,25.3,20.9,22.7,25.5,20.3,22.4,0.0,80,1012.8,60,4.3,11.6,,
2000-05-05,27.8,22.3,24.5,28.6,21.7,24.4,0.0,81,1013.0,49,6.8,7.9,,
2000-05-06,29.1,23.4,25.6,29.6,22.6,25.5,0.0,83,1012.8,43,10.0,5.7,,
2000-05-07,27.5,24.5,25.5,27.7,23.8,25.2,0.0,82,1012.3,70,6.8,10.5,,
2000-05-08,25.7,23.6,24.4,26.1,23.1,24.0,0.0,81,1011.2,85,1.9,14.1,,
2000-05-09,26.9,23.4,24.8,27.3,22.9,24.5,0.0,82,1008.1,90,3.8,14.4,,
2000-05-10,24.9,22.4,23.5,24.2,21.9,23.1,50.7,95,1006.7,95,0.0,5.1,,
2000-05-11,26.9,22.8,24.2,27.2,22.5,24.1,0.6,82,1007.0,88,3.5,13.2,,
2000-05-12,27.4,23.9,25.2,27.3,23.4,24.9,0.0,82,1006.8,89,3.1,11.0,,
2000-05-13,29.6,24.2,26.2,30.0,23.5,26.0,0.0,79,1007.1,78,6.2,9.0,,
2000-05-14,28.1,25.2,26.5,28.9,24.5,26.3,0.0,79,1007.9,88,3.5,12.3,,
2000-05-15,30.3,25.7,27.4,30.3,25.1,26.9,0.0,78,1007.3,56,9.5,12.8,,
2000-05-16,31.6,25.7,28.0,31.6,24.6,27.8,0.0,71,1006.0,5,11.7,6.0,,
2000-05-17,29.3,25.7,26.9,28.9,25.1,26.3,0.0,79,1006.5,62,6.0,12.5,,
2000-05-18,28.4,24.8,26.2,28.2,23.9,25.7,0.3,80,1007.0,80,5.0,12.8,,
2000-05-19,25.8,21.8,23.4,24.8,21.4,22.7,1.3,80,1007.6,93,0.0,9.9,,
2000-05-20,27.6,22.6,25.2,28.2,22.1,25.1,0.0,63,1008.1,88,0.9,10.5,,
2000-05-21,26.6,24.8,25.6,27.0,24.0,25.4,0.0,56,1009.2,88,0.1,7.3,,
2000-05-22,28.5,24.3,26.0,28.3,23.6,25.5,0.0,71,1010.8,83,4.1,13.2,,
2000-05-23,28.0,24.5,25.7,27.5,23.9,25.3,0.0,78,1010.3,86,1.3,16.1,,
2000-05-24,26.0,24.3,25.2,26.0,23.8,24.7,29.4,89,1008.1,92,0.0,15.1,,
2000-05-25,30.1,24.9,27.3,30.1,24.5,27.2,36.9,85,1005.0,82,5.4,4.8,,
2000-05-26,30.2,27.2,28.5,30.3,27.2,28.4,0.0,80,1004.7,81,4.6,6.4,,
2000-05-27,31.1,27.8,29.0,31.3,27.1,28.7,0.6,80,1006.2,82,4.1,6.1,,
2000-05-28,31.3,27.7,29.2,31.7,27.1,28.9,0.0,80,1008.1,82,5.6,5.8,,
2000-05-29,31.2,26.9,28.9,31.2,26.5,28.4,4.3,81,1009.0,64,9.2,9.3,,
2000-05-30,31.2,27.5,28.9,31.2,26.8,28.5,0.0,82,1008.2,61,11.3,11.3,,
2000-05-31,32.4,27.6,29.6,32.4,26.7,29.3,0.0,75,1007.4,51,11.7,5.9,,
2000-06-01,32.1,28.0,29.4,32.0,27.1,28.9,0.0,78,1008.6,75,7.6,8.9,,
2000-06-02,32.3,28.0,29.5,31.6,27.2,28.9,0.0,77,1010.0,58,11.1,10.3,,
2000-06-03,32.2,27.7,29.6,32.5,26.9,29.3,0.0,74,1009.2,34,10.6,6.0,,
2000-06-04,32.8,27.2,29.5,32.6,26.9,29.3,0.0,75,1007.5,16,12.3,6.8,,
2000-06-05,34.2,28.3,30.4,34.0,27.8,30.2,0.0,74,1006.2,18,12.0,8.6,,
2000-06-06,32.7,28.5,29.9,32.4,28.2,29.6,0.0,76,1007.3,71,9.7,9.9,,
2000-06-07,32.5,27.7,29.9,32.5,27.5,29.6,1.3,74,1007.9,69,10.2,8.2,,
2000-06-08,31.8,27.0,29.6,31.9,26.9,29.3,3.9,77,1007.3,83,7.5,8.1,,
2000-06-09,30.5,26.5,29.4,30.5,25.9,29.0,9.8,79,1006.3,87,0.1,11.6,,
2000-06-10,32.4,28.9,30.1,31.9,28.5,29.8,0.0,76,1006.1,88,7.4,12.7,,
2000-06-11,31.5,28.9,29.6,31.0,28.6,29.3,0.2,77,1004.5,88,5.4,14.0,,
2000-06-12,29.5,21.8,24.9,29.0,21.6,24.6,140.2,89,1004.1,97,0.0,10.5,,
2000-06-13,23.2,21.8,22.5,23.1,21.3,22.1,0.4,81,1007.2,99,0.0,8.2,,
2000-06-14,27.6,22.3,24.5,27.4,21.9,24.3,0.0,64,1007.3,88,3.2,9.5,,
2000-06-15,29.5,24.2,25.9,29.1,23.5,25.5,0.0,66,1005.4,69,5.7,10.5,,
2000-06-16,30.7,24.2,26.9,30.8,22.9,26.5,0.0,74,1005.1,67,10.8,8.1,,
2000-06-17,27.2,24.8,25.7,27.4,24.4,25.4,57.2,89,1005.8,94,1.4,8.4,,
2000-06-18,26.7,24.9,25.7,26.7,24.6,25.4,168.1,96,1004.1,97,0.0,9.3,,
2000-06-19,29.6,24.7,27.3,29.6,24.5,27.2,1.7,83,1006.4,87,3.8,5.1,,
2000-06-20,28.0,24.6,26.5,27.8,24.4,26.3,31.4,89,1008.1,92,0.0,4.7,,
2000-06-21,30.9,25.9,28.4,30.8,25.9,28.1,2.6,81,1009.2,79,5.6,8.5,,
2000-06-22,31.1,27.7,29.0,30.5,27.3,28.6,0.0,77,1009.1,84,7.8,10.6,,
2000-06-23,29.7,25.5,28.2,29.1,25.1,27.7,22.8,81,1007.7,85,0.5,9.2,,
2000-06-24,31.6,27.6,29.1,31.3,26.8,28.6,0.1,77,1007.1,78,9.7,10.2,,
2000-06-25,31.8,26.1,28.9,31.3,26.0,28.4,3.4,79,1007.8,76,9.1,7.5,,
2000-06-26,32.0,27.3,29.3,32.0,26.6,28.9,0.2,77,1008.7,57,11.8,7.9,,
2000-06-27,32.0,27.7,29.4,32.2,26.9,29.1,0.0,79,1009.3,56,10.2,6.4,,
2000-06-28,32.3,27.5,29.5,31.9,26.6,29.1,0.0,74,1008.1,53,9.8,4.8,,
2000-06-29,33.0,27.7,29.8,32.2,27.2,29.3,0.0,74,1006.3,31,12.1,5.4,,
2000-06-30,33.5,27.9,30.0,32.2,27.3,29.5,0.0,72,1006.6,36,11.7,5.2,,
2000-07-01,33.1,27.9,30.1,32.5,26.9,29.6,0.0,72,1006.7,58,11.5,6.8,,
2000-07-02,31.7,26.2,28.5,31.5,26.0,28.1,14.8,85,1005.7,85,7.0,13.3,,
2000-07-03,31.4,25.1,28.6,31.3,24.3,28.4,15.1,82,1004.1,84,8.6,12.3,,
2000-07-04,33.0,27.6,29.7,32.7,27.1,29.4,0.0,72,1002.0,63,9.7,9.0,,
2000-07-05,30.5,27.3,29.1,30.6,26.4,28.7,0.2,78,1001.7,85,2.9,8.3,,
2000-07-06,30.3,26.8,28.2,30.2,26.4,27.9,0.2,79,1001.7,85,0.0,4.3,,
2000-07-07,29.9,26.3,27.9,30.5,26.1,27.7,14.7,85,1000.2,91,2.8,5.3,,
2000-07-08,30.9,27.3,28.6,31.2,26.8,28.3,5.8,79,999.0,87,3.8,7.2,,
2000-07-09,32.2,26.7,29.0,32.0,26.6,28.8,0.0,77,999.1,61,7.1,5.5,,
2000-07-10,32.0,26.7,29.2,31.5,26.1,28.9,11.6,78,1002.6,53,11.0,9.8,,
2000-07-11,29.9,26.3,28.2,29.6,25.5,27.6,15.7,87,1005.9,83,5.5,20.2,,
2000-07-12,30.9,26.6,28.3,31.2,25.9,28.0,21.3,84,1008.3,81,7.0,15.3,,
2000-07-13,31.8,27.3,29.2,31.4,26.7,28.9,0.0,78,1006.7,58,10.7,13.0,,
2000-07-14,31.9,27.7,29.5,31.7,26.4,29.0,0.3,77,1004.3,53,10.7,12.0,,
2000-07-15,31.9,27.8,29.5,32.1,27.2,29.1,2.1,75,1002.2,69,9.7,15.0,,
2000-07-16,30.3,25.5,28.1,30.5,24.7,27.7,34.9,83,1000.9,89,7.9,19.9,,
2000-07-17,28.7,25.6,27.2,28.3,24.8,26.6,53.8,86,1000.1,92,0.0,17.8,,
2000-07-18,28.4,24.5,27.2,27.9,24.1,26.5,50.7,86,1000.3,91,0.0,11.5,,
2000-07-19,28.9,25.7,27.8,28.5,25.1,27.3,13.8,85,1002.6,93,0.0,8.0,,
2000-07-20,28.3,25.1,26.6,28.2,24.7,26.0,10.3,89,1006.6,93,0.0,9.6,,
2000-07-21,28.6,25.5,26.6,28.5,24.9,26.1,33.6,92,1009.0,89,0.2,7.1,,
2000-07-22,31.4,26.4,28.4,31.2,25.8,28.1,0.6,81,1007.4,70,9.9,5.1,,
2000-07-23,31.9,26.5,28.8,31.5,26.0,28.4,0.0,76,1004.7,31,11.7,5.5,,
2000-07-24,32.6,27.2,29.5,32.1,26.7,29.2,0.0,73,1004.2,41,12.1,6.1,,
2000-07-25,32.6,28.0,29.9,32.0,27.5,29.6,0.0,73,1003.7,37,11.9,8.0,,
2000-07-26,32.7,28.4,30.2,32.4,28.0,29.9,0.0,75,1002.9,45,12.0,8.4,,
2000-07-27,32.1,28.8,30.2,32.5,28.4,30.1,0.0,77,1001.4,77,9.8,8.9,,
2000-07-28,33.2,28.8,30.3,33.0,28.4,30.0,0.0,74,1002.9,50,11.5,8.8,,
2000-07-29,33.0,28.5,30.1,32.6,28.2,29.9,0.0,74,1003.7,62,9.8,9.0,,
2000-07-30,32.6,28.7,30.2,32.4,28.2,30.0,0.0,76,1004.1,60,10.6,8.7,,
2000-07-31,32.1,26.3,29.7,32.0,25.3,29.5,4.5,80,1004.4,85,6.5,9.5,,
2000-08-01,27.8,24.3,26.4,27.6,23.9,26.0,70.0,89,1005.4,91,0.0,4.6,,
2000-08-02,27.7,24.7,26.4,27.5,24.3,26.1,31.6,90,1005.4,89,0.0,3.3,,
2000-08-03,28.2,24.3,25.9,27.7,24.2,25.7,88.7,92,1005.0,90,0.0,4.6,,
2000-08-04,26.4,24.5,25.6,26.8,24.3,25.2,77.8,95,1006.0,96,0.0,5.2,,
2000-08-05,27.9,24.6,25.6,28.1,24.2,25.3,6.4,91,1007.4,89,0.5,5.8,,
2000-08-06,29.9,24.1,26.5,29.7,23.6,26.3,26.6,87,1008.2,82,5.7,4.4,,
2000-08-07,30.5,25.9,28.0,31.8,25.0,27.8,0.0,82,1009.0,43,8.7,4.5,,
2000-08-08,31.4,26.7,28.7,31.3,26.4,28.3,0.0,77,1009.6,44,7.0,4.3,,
2000-08-09,32.1,26.8,29.2,31.9,26.2,28.9,0.0,77,1008.1,23,11.9,5.8,,
2000-08-10,32.8,27.6,29.8,32.6,27.1,29.5,0.0,77,1005.0,24,11.1,6.8,,
2000-08-11,33.3,28.4,30.1,32.8,28.0,29.8,0.0,78,1003.1,45,10.9,8.1,,
2000-08-12,32.7,28.4,30.0,32.5,28.0,29.7,0.0,77,1005.1,68,10.3,8.5,,
2000-08-13,32.4,28.6,30.1,32.6,28.2,29.8,0.0,76,1005.7,80,7.7,7.7,,
2000-08-14,33.2,28.6,29.9,32.7,27.9,29.7,0.3,78,1005.2,82,7.6,6.7,,
2000-08-15,31.1,28.0,29.5,32.0,28.1,29.3,3.5,80,1005.1,84,6.0,5.2,,
2000-08-16,31.3,26.2,29.2,31.3,25.8,28.9,8.2,80,1005.2,88,3.6,7.3,,
2000-08-17,32.1,28.1,29.6,32.2,27.3,29.3,0.0,76,1007.3,76,10.1,6.3,,
2000-08-18,32.1,28.0,29.3,32.8,26.7,28.8,0.0,80,1008.6,58,6.5,3.6,,
2000-08-19,32.7,27.3,29.7,33.7,27.0,29.7,0.0,78,1006.5,31,11.8,4.7,,
2000-08-20,32.7,28.2,30.0,33.7,27.1,29.8,0.0,77,1004.9,37,11.3,8.8,,
2000-08-21,31.9,27.5,29.8,32.4,26.5,29.5,3.6,78,1004.6,61,11.6,15.3,,
2000-08-22,32.3,28.2,30.0,33.1,27.4,29.7,0.0,72,1003.9,47,10.8,11.6,,
2000-08-23,31.4,26.2,29.1,32.0,25.9,28.8,5.9,77,999.4,87,1.6,12.8,,
2000-08-24,29.3,24.9,28.0,28.6,24.3,27.3,153.2,85,1001.4,91,0.0,11.0,,
2000-08-25,29.9,25.8,28.6,30.3,25.1,28.3,25.4,82,1004.2,87,1.0,4.8,,
2000-08-26,28.7,25.7,26.7,28.2,25.3,26.4,54.0,92,1004.0,91,0.0,2.6,,
2000-08-27,28.4,24.3,26.4,28.9,24.2,26.2,24.3,93,1002.3,89,0.0,2.7,,
2000-08-28,30.0,26.3,27.7,30.4,26.5,27.9,0.0,81,1001.3,84,3.1,10.3,,
2000-08-29,33.0,26.8,29.9,33.9,26.5,30.2,0.5,68,999.0,67,9.4,9.3,,
2000-08-30,32.3,28.1,29.7,32.9,27.8,29.5,0.0,73,997.4,82,5.8,7.5,,
2000-08-31,30.8,26.9,28.5,31.3,26.7,28.7,20.7,82,996.7,90,2.4,11.1,,
2000-09-01,30.3,24.6,28.0,30.0,24.8,27.6,50.8,85,998.9,96,0.0,14.2,,
2000-09-02,29.2,24.7,27.1,28.8,24.5,26.7,93.9,91,1004.9,92,0.0,6.7,,
2000-09-03,29.2,26.6,27.8,30.3,25.6,27.7,0.3,87,1007.0,77,7.7,9.5,,
2000-09-04,31.2,26.5,28.6,32.2,25.8,28.6,0.0,81,1006.1,54,10.1,6.4,,
2000-09-05,32.2,26.9,29.2,32.4,26.5,29.1,0.0,77,1003.2,70,6.0,3.7,,
2000-09-06,30.9,27.0,28.9,31.5,26.4,28.6,0.0,75,1003.8,70,9.6,11.5,,
2000-09-07,30.8,27.1,28.6,31.5,26.8,28.3,0.0,68,1005.7,64,6.4,10.3,,
2000-09-08,28.6,25.0,27.5,28.9,24.3,27.0,1.7,73,1007.1,88,1.7,16.2,,
2000-09-09,29.1,25.6,27.5,30.2,24.6,27.2,0.8,72,1008.6,77,7.7,13.3,,
2000-09-10,29.9,24.8,27.2,30.2,24.0,27.1,0.0,67,1007.2,60,8.9,5.6,,
2000-09-11,30.4,25.1,27.7,31.3,24.5,27.6,0.0,63,1006.0,30,8.1,6.0,,
2000-09-12,30.3,25.0,27.7,30.3,24.5,27.6,0.0,57,1007.0,26,10.2,11.2,,
2000-09-13,30.5,24.8,27.4,30.4,24.4,27.2,0.0,50,1005.9,4,10.7,12.8,,
2000-09-14,30.7,23.9,27.2,30.6,23.5,27.0,0.0,43,1004.2,2,10.9,14.3,,
2000-09-15,30.1,25.0,27.5,30.2,25.2,27.4,0.0,39,1005.1,3,10.7,15.4,,
2000-09-16,29.9,24.8,27.1,30.9,23.9,26.8,0.0,54,1009.2,20,10.1,8.0,,
2000-09-17,29.6,25.9,27.3,30.7,24.8,26.7,0.0,75,1011.1,69,4.7,7.3,,
2000-09-18,29.3,25.8,27.3,30.3,24.7,26.8,0.0,74,1011.9,73,6.9,12.0,,
2000-09-19,28.9,25.8,27.2,30.0,24.7,26.7,0.0,68,1012.9,78,7.4,13.6,,
2000-09-20,27.2,23.9,26.3,28.3,23.1,25.7,4.5,78,1013.9,88,0.9,11.8,,
2000-09-21,29.0,25.7,27.3,29.8,25.3,26.9,0.6,78,1015.1,79,7.2,14.2,,
2000-09-22,29.6,26.0,27.5,31.0,25.1,27.2,0.0,77,1014.9,67,8.3,12.0,,
2000-09-23,30.2,26.4,27.8,31.8,25.5,27.6,0.0,79,1013.5,79,7.9,7.8,,
2000-09-24,29.3,26.1,27.4,30.6,25.0,27.1,0.0,80,1011.7,82,4.1,7.9,,
2000-09-25,30.0,26.3,27.7,31.8,25.1,27.3,0.0,80,1011.2,61,7.6,8.1,,
2000-09-26,29.9,26.6,27.9,31.3,25.4,27.5,0.0,78,1011.9,73,7.8,12.0,,
2000-09-27,29.2,26.7,27.7,31.0,25.8,27.5,0.0,78,1012.3,76,9.2,13.6,,
2000-09-28,29.7,26.8,27.9,31.8,26.0,27.7,0.0,80,1012.6,68,8.9,13.5,,
2000-09-29,30.9,26.8,28.2,33.0,25.8,28.1,0.0,80,1013.0,52,8.3,10.4,,
2000-09-30,30.6,26.7,28.3,32.5,25.6,28.0,0.0,78,1014.0,41,9.2,7.9,,
2000-10-01,30.5,26.6,28.2,32.7,25.5,28.1,0.0,77,1014.3,30,8.2,5.7,,
2000-10-02,31.2,26.6,28.3,32.2,25.6,28.0,0.0,73,1012.4,29,8.2,4.7,,
2000-10-03,31.0,26.6,28.3,31.7,25.9,28.2,0.0,72,1010.8,44,9.8,6.4,,
2000-10-04,30.0,26.8,28.1,32.3,26.2,28.1,0.0,77,1011.1,68,5.4,7.3,,
2000-10-05,29.3,25.8,27.5,31.4,25.2,27.5,4.7,84,1012.3,74,7.7,12.1,,
2000-10-06,29.4,26.1,27.9,32.6,25.9,27.9,1.0,82,1012.6,79,6.7,10.3,,
2000-10-07,30.0,26.0,27.8,32.0,25.0,27.5,0.8,81,1011.7,76,6.2,9.0,,
2000-10-08,29.7,25.4,27.8,32.2,24.9,27.9,4.0,81,1009.7,54,9.2,9.5,,
2000-10-09,29.4,26.9,27.9,31.6,25.9,27.8,0.0,74,1009.7,58,9.4,14.3,,
2000-10-10,30.0,26.2,28.1,32.0,25.4,28.1,0.0,70,1009.8,42,10.0,14.7,,
2000-10-11,30.1,26.9,28.2,32.5,26.4,27.9,0.6,76,1009.4,81,5.7,18.9,,
2000-10-12,29.0,25.4,27.4,29.2,24.5,27.0,3.9,74,1008.7,93,0.2,17.4,,
2000-10-13,26.8,22.1,24.3,26.3,21.8,23.8,5.0,77,1008.4,98,0.0,15.9,,
2000-10-14,23.6,21.2,22.5,23.6,20.7,22.3,4.9,83,1010.8,95,0.0,14.5,,
2000-10-15,24.9,22.3,23.7,25.8,22.0,23.6,0.0,75,1014.7,90,0.0,12.4,,
2000-10-16,27.0,22.1,24.8,28.8,21.2,24.6,0.1,71,1015.2,63,6.5,8.9,,
2000-10-17,28.0,22.6,25.3,29.0,21.8,25.1,0.0,69,1012.7,63,6.8,9.0,,
2000-10-18,26.2,23.1,25.1,25.9,22.4,24.5,0.0,77,1011.5,89,0.2,13.0,,
2000-10-19,25.4,22.1,24.1,24.8,21.4,23.5,17.8,86,1011.6,91,0.0,15.2,,
2000-10-20,25.0,23.6,24.1,24.5,23.1,23.7,116.0,94,1011.4,99,0.0,13.3,,
2000-10-21,25.4,23.6,24.5,24.9,23.2,24.0,27.6,94,1011.3,95,0.0,14.0,,
2000-10-22,28.3,24.7,26.6,29.8,24.2,26.7,10.7,92,1010.8,87,5.4,6.9,,
2000-10-23,28.3,25.5,26.5,30.6,25.0,26.6,5.1,91,1011.2,76,6.3,9.0,,
2000-10-24,30.2,25.5,27.6,31.5,24.4,27.4,0.0,83,1012.8,49,8.9,4.8,,
2000-10-25,29.1,25.0,27.3,31.2,24.2,27.3,1.9,79,1014.0,69,7.4,10.1,,
2000-10-26,27.7,25.6,26.6,29.1,24.8,26.3,0.0,80,1015.1,79,5.1,12.6,,
2000-10-27,26.7,24.8,25.6,28.5,24.1,25.3,0.0,79,1016.4,84,5.6,13.4,,
2000-10-28,26.3,24.1,25.1,26.7,23.5,24.7,0.0,75,1015.2,78,0.7,7.8,,
2000-10-29,25.2,20.5,23.1,25.7,19.5,22.8,0.0,65,1013.4,27,9.2,15.6,,
2000-10-30,23.3,18.7,21.1,24.3,18.0,20.9,0.0,53,1011.4,49,8.9,13.5,,
2000-10-31,23.9,18.9,21.4,24.5,18.2,21.0,0.0,52,1009.6,61,7.8,12.2,,
2000-11-01,23.3,18.6,20.7,23.8,17.9,20.5,0.0,47,1013.3,27,10.2,13.8,,
2000-11-02,23.7,16.9,19.9,24.3,15.9,19.6,0.0,50,1017.3,10,10.1,8.2,,
2000-11-03,23.9,18.6,21.5,26.3,17.3,21.4,0.0,57,1016.8,33,7.9,5.2,,
2000-11-04,23.3,20.9,22.2,23.0,20.5,21.9,0.0,58,1015.6,85,0.0,5.4,,
2000-11-05,25.8,21.4,23.5,27.8,21.3,23.5,0.0,67,1011.7,74,2.9,4.8,,
2000-11-06,25.0,22.8,23.7,25.4,21.8,23.3,0.1,76,1009.9,88,0.0,4.2,,
2000-11-07,24.1,22.2,23.2,24.0,21.9,23.1,23.5,89,1010.3,95,0.0,8.3,,
2000-11-08,24.8,23.3,24.0,25.3,22.9,23.6,3.1,90,1011.6,91,0.3,14.4,,
2000-11-09,23.9,22.1,23.0,24.6,21.3,22.5,0.0,82,1013.7,89,1.4,18.3,,
2000-11-10,25.7,22.2,23.7,27.9,21.4,23.7,0.4,78,1017.8,74,7.8,9.5,,
2000-11-11,23.6,17.2,21.0,23.0,16.5,20.4,13.7,81,1018.9,90,0.1,10.0,,
2000-11-12,17.5,14.9,15.7,16.7,14.2,15.1,44.1,91,1019.4,92,0.0,8.5,,
2000-11-13,20.6,15.1,18.1,21.6,14.4,18.1,0.0,79,1017.8,73,2.2,6.1,,
2000-11-14,24.3,19.5,22.1,26.6,19.3,22.4,0.0,74,1016.1,45,8.7,4.5,,
2000-11-15,26.5,22.0,24.1,28.5,21.4,24.3,0.0,75,1016.3,74,7.1,5.6,,
2000-11-16,23.2,19.3,21.2,23.6,18.6,20.7,9.6,80,1017.6,88,2.4,8.4,,
2000-11-17,20.7,18.5,19.5,20.6,18.0,18.9,0.0,72,1018.8,88,0.0,9.1,,
2000-11-18,21.2,18.3,19.9,21.8,17.5,19.4,0.0,76,1018.4,88,0.9,9.6,,
2000-11-19,22.5,19.9,21.3,23.4,19.3,21.1,0.0,78,1016.2,88,0.2,6.7,,
2000-11-20,21.5,14.7,17.7,21.0,13.8,17.1,0.0,66,1018.3,85,4.5,13.9,,
2000-11-21,17.7,14.1,15.8,17.7,13.2,15.2,0.0,56,1020.5,70,0.4,10.5,,
2000-11-22,19.9,14.7,17.6,22.5,13.7,17.7,0.0,64,1020.4,7,10.1,6.2,,
2000-11-23,21.6,17.6,19.7,24.0,16.8,19.8,0.0,75,1019.5,33,9.9,8.5,,
2000-11-24,22.1,19.9,21.0,24.1,19.4,20.8,0.0,78,1017.2,82,1.7,11.3,,
2000-11-25,23.6,20.5,21.7,26.7,19.8,21.7,0.0,80,1016.3,46,7.0,12.0,,
2000-11-26,24.3,20.5,22.3,26.3,20.5,22.2,2.3,81,1017.1,69,2.5,5.9,,
2000-11-27,24.3,21.4,22.5,26.8,20.7,22.4,0.0,84,1018.0,67,5.3,13.3,,
2000-11-28,22.4,20.5,21.4,22.9,20.0,20.9,0.0,80,1018.5,88,0.7,16.4,,
2000-11-29,22.2,19.9,21.0,24.7,19.1,20.8,0.0,77,1018.4,69,5.9,11.5,,
2000-11-30,22.9,19.7,21.3,25.3,18.5,21.3,0.0,80,1016.6,36,9.4,8.7,,
2000-12-01,25.4,20.2,22.4,27.7,19.6,22.2,0.0,78,1015.8,56,7.5,6.2,,
2000-12-02,22.9,19.4,21.3,25.0,18.6,21.1,0.5,80,1018.0,56,6.4,9.8,,
2000-12-03,21.0,17.2,18.6,21.8,16.0,18.1,0.0,66,1018.9,41,4.2,9.0,,
2000-12-04,19.7,16.3,18.1,19.4,15.1,17.4,0.0,70,1017.6,69,0.0,5.3,,
2000-12-05,21.8,17.7,19.6,24.5,17.0,19.5,0.0,74,1017.6,44,9.5,7.2,,
2000-12-06,21.5,18.8,20.1,23.7,18.0,20.0,0.0,79,1018.1,49,8.6,9.7,,
2000-12-07,22.4,19.5,20.8,25.1,18.6,20.7,0.0,80,1018.0,61,7.5,7.5,,
2000-12-08,21.6,19.4,20.5,23.5,18.5,20.3,0.0,79,1017.0,51,8.7,10.5,,
2000-12-09,21.6,19.1,20.2,23.8,17.6,19.8,0.0,77,1015.7,38,8.9,12.3,,
2000-12-10,24.2,19.7,21.6,27.6,18.5,21.9,0.0,71,1016.9,63,6.5,6.4,,
2000-12-11,21.6,17.8,20.5,22.2,16.9,19.9,1.7,81,1019.5,89,0.2,14.4,,
2000-12-12,17.9,13.9,16.2,16.9,13.0,15.4,25.8,94,1019.8,96,0.0,9.1,,
2000-12-13,14.2,11.3,12.7,13.2,10.6,12.2,24.8,92,1018.4,95,0.0,6.3,,
2000-12-14,18.6,13.1,15.8,19.8,12.7,15.9,0.0,76,1019.7,58,7.0,4.9,,
2000-12-15,20.0,16.3,18.2,21.6,15.3,18.2,0.0,75,1020.2,85,1.1,3.5,,
2000-12-16,22.6,18.6,20.2,24.3,18.2,20.3,0.0,77,1019.9,70,4.9,3.3,,
2000-12-17,23.9,19.7,21.3,26.8,19.2,21.6,0.0,76,1018.4,77,5.1,6.7,,
2000-12-18,22.9,19.8,20.9,24.3,19.2,20.6,0.0,85,1016.0,88,0.7,8.4,,
2000-12-19,22.1,19.5,20.7,21.9,18.8,20.1,2.4,87,1016.2,88,0.0,14.6,,
2000-12-20,23.1,17.3,20.3,24.2,16.5,20.0,0.6,86,1017.6,88,0.5,8.7,,
2000-12-21,17.9,13.9,15.9,18.1,12.8,15.2,0.0,67,1019.8,77,2.4,9.9,,
2000-12-22,17.3,12.6,14.8,18.9,11.1,14.4,0.0,72,1018.9,49,3.1,7.0,,
2000-12-23,19.5,12.9,16.3,22.5,11.5,16.4,0.0,63,1018.9,4,9.6,5.4,,
2000-12-24,20.0,15.2,17.5,23.4,13.6,17.5,0.0,64,1019.7,2,9.8,5.9,,
2000-12-25,20.5,16.4,18.4,23.1,14.6,18.2,0.0,73,1020.9,13,9.6,10.7,,
2000-12-26,20.6,16.6,18.6,22.9,15.7,18.4,0.0,73,1021.8,69,5.0,9.9,,
2000-12-27,20.6,18.0,19.2,22.7,17.2,18.9,0.2,73,1020.4,87,1.5,10.7,,
2000-12-28,22.6,18.5,20.1,26.1,17.7,20.4,0.0,73,1019.0,32,8.8,5.9,,
2000-12-29,20.6,17.2,18.7,22.8,16.0,18.5,0.0,79,1017.7,17,8.6,5.8,,
2000-12-30,21.6,16.2,18.1,23.0,15.3,18.2,0.0,67,1016.2,5,8.9,5.8,,
2000-12-31,19.3,14.4,16.7,20.1,13.6,16.3,0.0,57,1016.9,0,9.3,10.7,,
2001-01-01,17.9,15.1,16.4,20.2,13.7,15.7,0.0,69,1017.9,41,5.3,9.8,,
2001-01-02,19.8,16.0,17.9,21.6,14.9,17.6,0.0,78,1016.7,61,2.1,8.3,,
2001-01-03,19.8,17.1,18.3,22.1,16.3,18.2,0.0,82,1017.6,35,9.6,11.2,,
2001-01-04,19.4,17.7,18.4,20.6,16.6,18.0,0.0,80,1019.6,86,0.9,11.1,,
2001-01-05,19.9,17.6,18.6,21.9,16.7,18.6,0.0,79,1019.8,57,6.9,9.3,,
2001-01-06,20.4,17.9,19.0,23.4,16.8,19.0,0.0,81,1017.4,48,6.8,12.3,,
2001-01-07,23.2,17.3,20.1,24.5,16.1,19.8,0.0,79,1014.4,7,9.0,3.7,,
2001-01-08,20.8,18.8,19.6,22.5,17.1,19.1,0.0,81,1014.2,55,6.7,11.3,,
2001-01-09,22.9,15.3,19.0,24.4,14.1,18.5,0.0,74,1015.3,56,6.3,7.0,,
2001-01-10,17.7,13.2,15.8,18.4,12.5,15.3,0.0,71,1015.9,92,0.0,4.8,,
2001-01-11,18.1,14.7,16.5,18.7,14.1,16.3,0.4,80,1015.3,94,0.0,3.5,,
2001-01-12,19.0,17.5,18.1,20.6,16.8,17.9,0.0,81,1016.2,82,2.8,12.9,,
2001-01-13,19.4,15.1,17.2,20.4,14.4,16.9,0.7,71,1017.5,56,4.2,6.6,,
2001-01-14,18.1,14.7,16.5,20.6,13.6,16.2,0.0,69,1021.5,31,9.4,9.4,,
2001-01-15,16.1,13.4,14.7,15.1,12.3,13.8,0.0,65,1024.6,67,0.5,9.5,,
2001-01-16,16.6,13.7,15.3,18.5,12.7,14.9,0.0,66,1025.5,77,3.2,10.0,,
2001-01-17,17.6,14.5,16.2,20.5,13.4,16.2,0.0,70,1023.3,36,9.7,12.4,,
2001-01-18,21.2,15.6,18.4,24.1,14.5,18.4,0.0,75,1020.3,53,6.0,7.8,,
2001-01-19,21.5,18.1,19.6,24.3,17.3,19.7,0.0,75,1019.7,53,7.6,11.5,,
2001-01-20,23.3,18.2,20.3,26.2,17.0,20.5,0.0,71,1017.7,40,9.1,2.4,,
2001-01-21,20.1,18.2,18.9,20.0,17.3,18.3,0.0,84,1015.6,76,1.5,13.3,,
2001-01-22,21.8,18.5,20.0,24.5,18.0,20.0,0.0,84,1013.5,85,3.8,10.5,,
2001-01-23,20.4,17.6,19.0,20.6,17.0,18.6,0.3,92,1014.8,99,0.0,13.7,,
2001-01-24,20.2,17.7,18.7,19.7,17.1,18.4,0.0,91,1012.7,100,0.0,14.6,,
2001-01-25,21.0,16.0,19.6,21.2,15.8,19.4,2.3,95,1008.6,93,0.0,7.5,,
2001-01-26,16.2,11.4,13.7,15.8,11.0,13.4,27.3,80,1013.5,89,0.4,9.4,,
2001-01-27,13.8,11.2,12.5,13.8,10.4,12.0,6.4,80,1017.4,91,0.0,7.7,,
2001-01-28,12.9,9.8,11.2,12.5,9.2,10.7,10.2,87,1020.4,96,0.0,6.6,,
2001-01-29,15.2,12.3,13.8,15.5,11.9,13.5,0.0,70,1021.0,88,0.0,6.2,,
2001-01-30,17.3,14.5,15.8,19.2,13.7,15.7,0.0,75,1018.1,82,0.2,10.0,,
2001-01-31,18.5,15.8,16.9,19.7,15.3,16.8,0.0,83,1015.0,88,0.2,9.0,,
2001-02-01,19.0,15.6,17.3,20.1,14.9,17.0,0.0,81,1014.0,89,0.0,6.0,,
2001-02-02,15.7,13.2,14.0,15.1,11.8,13.3,0.0,82,1015.4,91,0.0,10.7,,
2001-02-03,16.3,14.1,15.1,15.8,13.6,14.7,0.1,91,1014.4,100,0.0,16.2,,
2001-02-04,16.1,14.7,15.4,16.5,14.7,15.5,0.0,91,1015.7,100,0.0,2.2,,
2001-02-05,18.8,15.9,17.3,21.4,15.9,17.5,0.0,89,1015.0,79,4.5,11.1,,
2001-02-06,21.7,17.4,19.5,25.1,16.5,20.0,0.0,87,1012.8,77,8.3,6.7,,
2001-02-07,23.6,16.7,20.0,25.5,15.9,19.9,0.0,81,1014.7,49,6.9,6.0,,
2001-02-08,17.0,14.6,15.6,15.9,13.9,14.8,0.0,74,1019.2,90,0.0,7.1,,
2001-02-09,17.7,14.5,16.0,19.5,13.4,15.5,0.0,75,1019.2,85,2.0,6.8,,
2001-02-10,17.3,13.9,15.7,18.7,13.6,15.4,1.0,76,1019.0,89,0.7,5.0,,
2001-02-11,19.0,15.4,17.1,20.6,14.2,17.0,0.0,80,1017.9,78,3.0,5.7,,
2001-02-12,22.8,16.8,19.4,25.1,16.0,19.5,0.0,79,1016.4,69,8.1,6.4,,
2001-02-13,20.4,13.7,17.6,20.8,12.9,17.2,0.0,78,1018.5,89,0.7,9.0,,
2001-02-14,15.9,10.5,13.3,16.1,9.3,12.6,0.0,63,1023.1,59,2.4,10.5,,
2001-02-15,18.0,12.5,15.2,21.2,11.5,15.1,0.0,64,1023.0,32,10.0,5.7,,
2001-02-16,18.9,14.9,16.8,21.7,13.8,16.8,0.0,70,1023.7,49,7.8,12.7,,
2001-02-17,17.8,14.8,16.4,20.7,13.9,16.3,0.0,69,1021.0,62,6.8,14.4,,
2001-02-18,22.8,16.4,19.3,26.1,15.5,19.6,0.0,75,1017.1,37,8.8,5.8,,
2001-02-19,24.1,17.8,20.3,26.6,16.4,20.1,0.0,78,1016.3,11,10.2,5.8,,
2001-02-20,22.3,17.9,19.7,24.8,16.9,19.8,0.0,76,1015.3,14,10.4,13.3,,
2001-02-21,23.2,18.5,20.7,25.4,17.7,20.6,0.0,75,1013.4,59,4.4,5.6,,
2001-02-22,24.2,18.9,21.1,26.5,18.0,21.1,0.0,78,1012.3,7,10.3,8.8,,
2001-02-23,25.3,17.7,21.0,25.9,16.6,20.9,0.0,75,1010.8,17,10.2,6.6,,
2001-02-24,26.0,18.6,21.6,27.3,18.1,21.7,0.0,78,1012.1,59,7.6,8.3,,
2001-02-25,19.4,12.9,15.4,18.2,12.2,14.3,8.8,80,1018.5,89,0.0,11.1,,
2001-02-26,16.7,12.9,14.8,16.1,12.0,14.3,0.0,85,1019.1,96,0.0,10.3,,
2001-02-27,20.4,16.6,18.9,22.1,16.1,19.0,0.0,81,1018.4,88,0.6,9.8,,
2001-02-28,20.3,17.2,18.5,21.3,16.6,18.7,1.0,86,1017.3,83,4.2,6.4,,
2001-03-01,21.2,14.3,17.7,23.1,13.5,17.7,0.0,63,1019.4,31,10.0,6.7,,
2001-03-02,19.4,16.5,18.1,21.2,15.3,17.8,0.0,65,1019.4,55,5.8,16.0,,
2001-03-03,22.8,18.3,19.9,24.0,17.7,20.0,0.0,72,1018.7,83,4.0,10.5,,
2001-03-04,22.6,17.0,19.6,25.1,16.4,19.5,0.0,46,1020.2,23,9.7,9.4,,
2001-03-05,21.1,17.3,19.1,22.4,15.6,18.7,0.0,68,1017.5,40,8.5,11.6,,
2001-03-06,23.4,18.8,20.9,25.3,17.7,20.8,0.0,79,1015.9,58,8.6,9.2,,
2001-03-07,25.1,18.2,21.6,27.4,17.4,21.2,0.0,85,1015.8,72,4.6,6.6,,
2001-03-08,18.3,15.4,16.6,17.4,14.3,15.7,0.0,77,1022.0,94,0.3,12.5,,
2001-03-09,17.9,14.9,16.6,19.2,13.9,16.2,0.0,65,1022.1,87,2.7,9.8,,
2001-03-10,18.7,17.3,18.0,18.5,16.6,17.5,0.0,70,1019.3,90,0.0,9.0,,
2001-03-11,19.7,16.9,18.3,20.2,16.4,18.1,2.7,85,1018.5,100,0.0,3.2,,
2001-03-12,20.6,16.1,18.2,22.0,15.7,17.9,1.3,76,1019.7,90,0.5,7.8,,
2001-03-13,20.1,16.9,18.5,21.2,16.0,18.4,0.0,64,1019.2,76,4.4,16.3,,
2001-03-14,22.5,18.5,20.3,24.5,17.8,20.4,0.0,81,1017.8,73,5.6,9.1,,
2001-03-15,25.3,19.8,22.2,27.7,18.9,22.5,0.0,79,1015.4,45,9.5,8.1,,
2001-03-16,23.0,20.8,21.8,24.9,20.3,21.9,0.0,89,1012.0,82,5.0,10.0,,
2001-03-17,26.9,20.5,22.9,27.1,20.1,22.9,0.0,85,1011.4,77,3.8,6.2,,
2001-03-18,23.6,19.9,21.5,25.1,19.4,21.5,0.0,86,1014.3,74,1.4,9.2,,
2001-03-19,22.6,19.1,20.7,25.2,18.6,20.8,0.0,84,1014.6,94,4.1,13.3,,
2001-03-20,25.4,21.3,23.0,25.4,20.8,22.8,0.1,85,1011.8,92,0.0,4.9,,
2001-03-21,26.5,19.5,22.6,26.8,18.8,22.4,0.0,72,1011.0,31,9.8,5.5,,
2001-03-22,24.9,20.9,22.5,26.8,19.7,22.2,0.0,84,1010.2,73,3.3,9.2,,
2001-03-23,27.7,22.2,24.4,29.1,21.8,24.5,0.2,84,1009.5,80,5.5,7.8,,
2001-03-24,27.9,23.9,25.5,28.9,23.2,25.4,0.0,81,1007.9,86,6.4,6.1,,
2001-03-25,26.2,20.7,23.7,25.9,20.0,23.3,46.2,87,1006.4,80,0.4,6.4,,
2001-03-26,20.8,19.1,20.1,20.5,18.4,19.6,0.0,82,1008.3,84,0.0,11.8,,
2001-03-27,20.7,18.9,19.8,20.9,18.3,19.5,5.4,89,1007.5,97,0.0,8.1,,
2001-03-28,23.0,19.5,21.0,24.6,18.7,21.0,0.0,79,1010.8,86,5.1,10.5,,
2001-03-29,22.0,17.1,19.9,23.5,16.6,19.5,0.6,71,1013.9,51,7.6,11.7,,
2001-03-30,22.7,18.4,20.4,24.7,17.2,20.1,0.0,75,1015.1,44,9.2,9.9,,
2001-03-31,24.2,20.0,21.9,26.1,19.1,21.9,0.0,81,1016.5,72,4.6,9.7,,
2001-04-01,22.1,19.6,20.4,21.6,19.2,20.2,0.0,82,1017.1,91,0.6,15.5,,
2001-04-02,24.0,20.0,21.9,26.1,19.5,21.9,0.0,83,1012.6,60,4.7,9.8,,
2001-04-03,26.8,21.4,24.0,28.1,20.6,23.8,0.0,81,1010.3,66,6.8,4.8,,
2001-04-04,24.2,18.8,20.7,23.8,18.4,20.2,41.3,93,1012.2,96,0.0,14.2,,
2001-04-05,21.4,18.5,19.9,22.4,18.0,19.9,17.9,89,1013.6,92,0.3,9.6,,
2001-04-06,21.0,19.5,20.2,20.6,19.0,19.8,5.0,92,1013.3,98,0.0,13.7,,
2001-04-07,22.3,19.7,20.8,23.3,19.3,20.7,0.2,92,1011.9,99,0.0,9.2,,
2001-04-08,26.4,21.0,24.3,25.9,20.7,24.1,0.1,90,1006.3,96,0.1,9.3,,
2001-04-09,25.2,21.4,23.1,24.8,21.1,23.0,46.6,95,1008.7,96,0.0,11.9,,
2001-04-10,21.8,21.0,21.4,22.0,20.4,21.1,0.3,89,1012.7,98,0.0,20.7,,
2001-04-11,21.1,15.6,18.1,20.4,15.0,17.7,4.2,84,1015.7,91,0.1,8.8,,
2001-04-12,21.1,15.0,17.8,22.4,14.2,17.7,0.0,65,1016.6,46,8.1,7.4,,
2001-04-13,20.5,18.7,19.4,21.1,17.9,19.1,0.0,76,1016.2,96,0.1,9.6,,
2001-04-14,23.0,19.7,21.1,23.8,19.4,21.1,0.0,72,1018.3,93,0.7,5.8,,
2001-04-15,24.2,20.7,22.2,26.1,20.4,22.4,0.0,74,1016.8,59,7.6,12.0,,
2001-04-16,25.8,20.7,22.6,27.7,20.1,22.8,0.0,82,1013.2,77,6.0,8.2,,
2001-04-17,26.8,22.1,23.9,27.4,21.5,23.7,0.0,85,1010.2,84,2.1,4.3,,
2001-04-18,25.1,21.9,23.7,27.2,21.4,23.3,5.4,91,1008.8,93,0.8,8.7,,
2001-04-19,24.4,21.7,22.9,24.0,21.2,22.7,2.3,94,1008.0,95,0.2,13.1,,
2001-04-20,28.6,24.1,26.5,28.9,23.9,26.3,0.0,84,1004.6,87,4.9,10.2,,
2001-04-21,27.6,23.1,25.6,27.3,22.5,25.2,1.2,87,1005.5,92,0.1,11.1,,
2001-04-22,23.3,19.9,21.6,22.7,19.2,21.0,3.6,90,1010.8,99,0.0,20.3,,
2001-04-23,22.4,19.5,20.8,23.1,18.9,20.6,1.4,90,1012.5,93,0.6,17.5,,
2001-04-24,26.8,21.3,23.1,28.5,20.8,23.4,0.0,89,1012.1,90,1.8,7.0,,
2001-04-25,22.9,20.2,21.6,22.8,19.8,21.3,3.2,91,1013.3,96,0.0,4.2,,
2001-04-26,24.2,20.1,22.0,25.6,19.6,22.2,0.0,82,1014.7,71,8.1,12.8,,
2001-04-27,24.9,21.0,22.7,25.9,20.0,22.7,0.0,79,1012.5,73,6.6,13.1,,
2001-04-28,26.2,22.8,24.2,27.7,22.3,24.4,0.0,90,1009.8,89,3.5,12.1,,
2001-04-29,30.0,24.3,26.8,31.0,23.8,26.8,0.3,87,1009.6,83,6.1,5.1,,
2001-04-30,31.8,25.8,27.8,31.5,25.4,27.7,0.0,82,1011.0,67,9.1,4.7,,
2001-05-01,27.1,24.0,25.6,27.9,24.2,25.6,0.8,85,1011.1,86,1.3,6.2,,
2001-05-02,26.7,23.6,24.9,28.4,23.6,24.9,0.0,87,1009.7,88,0.1,5.8,,
2001-05-03,24.9,23.4,23.9,25.7,22.6,23.4,3.2,90,1011.8,92,0.0,12.5,,
2001-05-04,26.4,23.3,24.5,28.5,22.7,24.4,0.1,87,1012.6,89,1.6,10.6,,
2001-05-05,30.5,24.3,26.8,30.4,23.9,26.8,0.0,82,1010.5,68,8.9,5.0,,
2001-05-06,31.0,26.0,28.1,31.2,25.4,28.0,0.0,80,1008.3,71,9.8,6.9,,
2001-05-07,31.0,27.7,28.9,31.1,27.1,28.7,0.0,78,1006.2,83,8.0,7.8,,
2001-05-08,32.2,27.4,29.0,32.2,27.0,28.8,5.2,82,1004.7,88,5.9,6.4,,
2001-05-09,30.3,23.4,26.5,30.5,23.0,26.3,30.4,87,1005.3,87,3.0,6.8,,
2001-05-10,26.9,23.5,24.7,27.4,22.5,24.3,0.0,80,1009.6,88,1.4,6.7,,
2001-05-11,26.6,22.9,24.6,27.1,21.9,24.3,0.2,79,1010.8,76,2.4,5.5,,
2001-05-12,29.6,23.4,25.7,30.2,22.6,25.4,0.0,75,1008.6,68,7.4,5.9,,
2001-05-13,29.2,23.9,26.2,29.3,23.0,25.9,0.0,76,1007.2,37,9.6,5.3,,
2001-05-14,30.0,25.4,27.1,29.9,24.8,26.8,0.0,75,1008.8,60,7.0,5.0,,
2001-05-15,28.5,25.3,26.5,29.8,24.7,26.2,0.1,80,1011.5,85,3.3,10.5,,
2001-05-16,27.8,25.0,26.1,28.9,24.6,25.8,1.2,80,1012.1,88,0.9,14.3,,
2001-05-17,27.5,24.9,25.8,26.9,24.3,25.3,0.5,87,1010.5,85,0.4,12.5,,
2001-05-18,28.0,25.3,26.8,27.8,25.1,26.3,22.8,86,1006.2,91,0.1,7.0,,
2001-05-19,27.9,25.5,26.6,28.5,24.9,26.4,1.8,89,1004.0,88,0.1,4.5,,
2001-05-20,31.9,26.2,28.3,31.2,25.8,28.2,0.0,81,1003.5,75,8.4,5.5,,
2001-05-21,31.7,23.9,27.8,31.7,23.5,27.5,27.6,83,1003.1,88,3.2,8.1,,
2001-05-22,28.9,24.8,26.8,29.4,24.6,26.8,14.6,88,1002.9,87,1.0,3.9,,
2001-05-23,28.6,26.3,27.1,29.2,25.7,27.0,0.0,87,1004.0,80,4.7,9.1,,
2001-05-24,30.3,25.8,27.5,30.7,24.8,27.3,0.0,83,1004.5,54,10.5,9.8,,
2001-05-25,29.8,26.3,27.6,30.2,25.4,27.4,0.0,82,1006.0,84,7.6,12.6,,
2001-05-26,30.7,26.7,28.0,31.1,25.8,27.6,0.0,80,1008.0,58,10.2,12.0,,
2001-05-27,31.0,26.1,28.3,32.0,25.0,28.2,0.0,72,1007.5,64,11.7,8.9,,
2001-05-28,29.3,26.2,27.7,29.9,25.9,27.4,1.2,81,1006.0,80,6.6,14.4,,
2001-05-29,29.3,26.3,27.4,29.7,25.7,27.0,0.0,80,1004.7,74,8.0,15.0,,
2001-05-30,29.0,24.5,26.3,30.0,24.2,25.9,50.8,89,1005.3,89,0.6,5.1,,
2001-05-31,29.7,24.8,26.5,30.9,24.7,26.6,1.5,81,1009.0,85,5.8,11.5,,
2001-06-01,27.9,25.1,26.2,28.9,24.5,25.7,0.0,74,1011.1,85,0.6,16.8,,
2001-06-02,26.8,25.0,25.8,26.5,24.6,25.1,1.7,86,1011.6,89,0.0,10.5,,
2001-06-03,31.4,25.5,27.4,31.4,24.8,27.2,0.0,82,1010.6,88,3.7,7.6,,
2001-06-04,30.5,27.4,28.7,31.2,26.6,28.5,0.0,78,1006.5,88,5.4,9.3,,
2001-06-05,29.5,25.0,27.5,30.2,24.2,27.1,73.6,85,1005.1,90,1.0,8.9,,
2001-06-06,27.9,24.9,26.3,28.0,24.6,26.1,54.7,91,1006.4,91,0.0,5.1,,
2001-06-07,27.8,23.7,25.9,27.3,23.4,25.3,72.3,91,1006.5,95,0.0,5.5,,
2001-06-08,26.8,23.9,24.9,26.8,23.4,24.7,131.3,95,1006.3,97,0.0,6.0,,
2001-06-09,27.7,24.2,26.1,27.1,23.9,25.8,54.5,93,1006.2,93,0.0,6.3,,
2001-06-10,29.7,26.8,28.2,30.1,26.2,27.9,4.4,83,1005.5,92,1.9,9.7,,
2001-06-11,28.2,24.2,26.3,27.9,23.7,26.0,101.3,90,1006.0,93,0.0,5.1,,
2001-06-12,29.3,24.9,27.3,29.0,24.7,26.8,73.2,88,1005.5,90,1.8,7.7,,
2001-06-13,30.2,24.3,27.7,29.8,23.8,27.1,41.6,84,1002.4,89,1.0,14.4,,
2001-06-14,28.9,24.9,26.7,29.5,24.9,26.5,0.4,82,1002.9,85,1.6,5.0,,
2001-06-15,29.4,24.9,27.1,29.9,24.3,26.9,4.9,88,1004.7,80,4.4,6.0,,
2001-06-16,30.2,26.9,28.3,30.5,26.5,27.8,7.1,84,1005.5,80,5.0,6.3,,
2001-06-17,32.2,27.2,29.2,32.4,26.3,28.9,0.0,79,1006.4,58,11.7,6.1,,
2001-06-18,32.5,27.5,29.6,32.1,26.2,29.0,0.0,75,1004.6,43,11.2,5.3,,
2001-06-19,32.3,27.7,29.6,32.1,27.2,29.3,0.0,75,1001.7,57,11.3,7.0,,
2001-06-20,30.6,27.2,28.8,30.8,27.2,28.5,29.9,85,1002.5,83,2.1,4.5,,
2001-06-21,32.2,28.0,29.4,32.7,27.1,29.2,0.0,82,1003.9,73,8.3,7.9,,
2001-06-22,33.2,28.0,30.0,32.9,27.3,29.6,0.0,77,1003.7,39,12.0,8.6,,
2001-06-23,33.2,26.0,29.6,33.7,25.3,29.5,39.4,81,1002.0,64,6.8,7.1,,
2001-06-24,30.4,25.7,28.0,31.2,25.2,27.8,39.3,85,1004.9,89,3.0,7.3,,
2001-06-25,28.0,25.2,26.5,29.2,24.5,26.1,106.1,94,1004.8,88,0.7,10.7,,
2001-06-26,29.0,25.0,26.6,28.9,24.1,26.0,73.1,92,1004.1,89,0.0,12.2,,
2001-06-27,27.5,23.9,25.9,26.7,23.3,25.3,136.4,93,1006.3,91,0.0,9.8,,
2001-06-28,30.6,25.4,28.1,31.0,25.0,28.2,5.2,87,1007.3,73,10.4,13.1,,
2001-06-29,30.9,27.1,28.6,31.6,26.6,28.4,2.9,84,1007.2,78,9.6,14.0,,
2001-06-30,29.2,26.1,27.7,29.8,25.6,27.4,30.3,89,1004.6,86,0.5,15.5,,
2001-07-01,28.3,25.1,27.1,28.1,24.4,26.6,57.8,88,1002.1,92,0.2,26.3,,
2001-07-02,28.7,25.6,27.3,28.8,24.9,27.0,11.8,88,1004.7,88,0.8,21.1,,
2001-07-03,29.6,26.3,27.9,30.0,25.6,27.5,6.9,85,1005.4,72,8.8,15.5,,
2001-07-04,33.2,25.8,29.7,33.3,24.9,30.0,0.0,68,998.9,60,9.0,9.2,,
2001-07-05,33.0,26.3,30.1,33.5,26.1,30.4,15.8,69,990.1,88,0.2,15.3,,
2001-07-06,28.3,25.4,26.7,28.1,24.9,26.0,142.1,87,986.5,97,0.0,22.8,,
2001-07-07,30.1,27.3,28.6,29.9,26.6,28.0,8.8,84,1002.6,91,0.4,19.1,,
2001-07-08,29.9,27.1,28.1,30.9,26.5,27.8,1.4,89,1008.8,86,3.6,12.3,,
2001-07-09,32.2,27.1,29.0,32.0,26.0,28.5,0.0,81,1008.8,60,8.8,5.2,,
2001-07-10,32.1,27.0,29.1,31.7,26.5,28.9,0.0,78,1006.9,25,12.3,7.6,,
2001-07-11,32.1,27.7,29.3,32.7,27.1,29.1,0.0,80,1004.4,70,8.3,8.1,,
2001-07-12,30.9,28.5,29.5,30.7,28.1,29.1,0.0,82,1002.3,87,0.3,8.9,,
2001-07-13,29.5,24.9,27.0,29.7,24.1,26.6,41.0,83,1003.7,90,0.0,6.2,,
2001-07-14,31.5,27.4,29.3,31.4,26.6,28.9,1.2,80,1006.3,86,8.5,8.8,,
2001-07-15,29.1,24.3,26.0,28.4,23.8,25.5,114.0,92,1007.6,92,0.0,3.6,,
2001-07-16,29.9,25.1,27.0,29.8,24.5,26.6,1.0,87,1006.5,88,1.1,4.4,,
2001-07-17,29.4,24.6,27.2,28.6,24.0,26.5,37.0,87,1003.3,89,0.1,7.1,,
2001-07-18,29.6,24.4,26.8,29.4,24.4,26.3,45.8,89,1002.3,91,0.7,7.6,,
2001-07-19,28.7,25.4,27.0,28.9,24.8,26.7,10.8,89,1004.7,86,0.0,5.5,,
2001-07-20,30.0,25.8,27.6,30.6,25.5,27.4,21.5,90,1004.8,81,6.1,7.8,,
2001-07-21,28.9,25.3,26.8,29.8,24.7,26.5,87.3,93,1005.3,86,0.3,11.0,,
2001-07-22,30.8,26.3,28.0,30.8,25.6,27.8,4.2,87,1008.0,71,7.2,9.4,,
2001-07-23,31.7,26.8,29.1,31.5,26.2,28.7,0.0,78,1006.9,51,9.9,5.9,,
2001-07-24,31.3,26.1,28.1,31.9,25.4,27.9,14.5,84,1003.7,83,3.2,5.8,,
2001-07-25,28.1,25.2,26.7,28.0,24.5,26.1,17.7,86,1003.0,94,0.0,24.3,,
2001-07-26,28.9,25.5,27.0,29.4,24.7,26.5,15.8,90,1006.5,88,1.2,14.0,,
2001-07-27,30.2,26.8,28.1,30.7,26.2,27.7,0.0,87,1006.9,77,5.3,10.1,,
2001-07-28,31.5,26.8,28.8,31.2,25.7,28.1,0.0,80,1006.1,68,6.6,4.0,,
2001-07-29,32.0,26.8,29.2,31.9,26.1,28.9,0.0,78,1005.6,32,10.9,6.3,,
2001-07-30,32.4,27.9,29.9,31.7,27.3,29.6,0.0,77,1005.7,58,12.1,8.5,,
2001-07-31,32.7,28.7,30.2,32.4,28.1,29.9,0.0,76,1004.9,71,10.4,8.3,,
2001-08-01,31.3,25.1,28.6,31.2,24.8,28.1,11.3,83,1004.3,88,2.4,7.1,,
2001-08-02,30.2,24.3,26.9,31.2,23.8,26.5,54.5,90,1006.2,86,4.5,7.3,,
2001-08-03,29.6,25.0,27.7,30.6,24.1,27.5,0.0,87,1010.3,80,2.7,8.9,,
2001-08-04,31.8,26.9,29.1,32.5,25.7,29.0,0.0,77,1011.2,22,11.9,7.8,,
2001-08-05,31.2,28.1,29.3,32.1,27.3,29.0,0.2,83,1010.6,74,10.4,12.5,,
2001-08-06,32.2,28.0,29.7,32.0,26.9,29.2,0.0,79,1008.0,64,8.5,4.7,,
2001-08-07,32.9,27.9,30.1,32.7,27.3,29.8,0.0,75,1005.6,54,11.5,6.8,,
2001-08-08,33.4,28.2,30.3,32.9,27.6,29.9,0.0,75,1006.3,35,11.8,6.0,,
2001-08-09,32.2,28.4,30.0,32.6,27.4,29.6,0.0,79,1007.9,54,11.1,11.7,,
2001-08-10,31.1,26.9,29.0,31.9,26.0,28.7,20.9,85,1008.3,81,8.2,15.3,,
2001-08-11,30.6,26.9,28.9,31.1,26.6,28.5,1.6,82,1009.7,86,2.3,6.2,,
2001-08-12,31.8,24.3,28.8,33.1,23.6,28.6,32.1,82,1008.9,83,4.0,4.3,,
2001-08-13,32.6,24.6,29.0,33.2,23.9,28.8,0.5,76,1008.3,78,8.0,4.8,,
2001-08-14,31.8,27.8,29.5,32.8,26.8,29.2,0.0,78,1008.5,64,7.8,7.2,,
2001-08-15,31.9,27.3,29.1,32.8,26.5,29.0,0.6,79,1006.5,78,6.4,5.0,,
2001-08-16,30.4,26.8,28.5,31.1,25.0,28.3,0.1,78,1004.1,82,6.2,3.4,,
2001-08-17,32.2,26.8,29.1,32.4,26.6,28.8,0.0,77,1003.6,79,7.6,8.1,,
2001-08-18,32.5,28.2,29.8,33.9,27.7,29.7,0.0,72,1003.9,70,8.8,7.4,,
2001-08-19,30.4,27.8,29.2,31.0,27.6,28.9,1.3,78,1004.7,72,4.2,7.0,,
2001-08-20,33.2,27.9,29.9,34.2,27.3,29.9,0.0,73,1005.9,49,10.7,6.5,,
2001-08-21,32.9,28.3,30.1,34.7,27.5,29.8,0.0,76,1005.2,56,8.2,6.5,,
2001-08-22,32.9,27.8,30.2,33.4,27.3,29.9,0.0,76,1003.4,28,9.6,4.6,,
2001-08-23,34.0,29.0,31.0,34.1,28.5,30.8,0.0,74,1002.2,35,9.6,6.8,,
2001-08-24,33.4,29.3,30.9,33.5,28.8,30.6,0.0,76,1001.8,70,8.4,6.9,,
2001-08-25,32.2,29.1,30.3,34.3,28.3,30.2,0.0,77,1003.1,69,7.6,4.3,,
2001-08-26,32.6,28.9,30.4,34.3,28.2,30.5,0.0,75,1002.9,73,10.2,6.3,,
2001-08-27,32.1,26.1,29.3,33.2,25.4,28.8,32.3,78,1001.7,88,3.4,9.7,,
2001-08-28,28.5,26.5,27.3,28.6,25.8,26.9,17.4,88,1000.2,89,0.1,14.9,,
2001-08-29,28.3,25.6,26.9,28.2,25.0,26.3,51.9,92,1000.1,91,0.4,17.1,,
2001-08-30,28.5,25.4,26.5,27.1,24.8,25.9,90.6,95,1001.7,95,0.0,7.5,,
2001-08-31,30.6,26.9,29.1,30.5,26.3,28.5,3.6,82,1003.6,88,1.4,10.2,,
2001-09-01,29.2,25.2,27.2,28.5,24.6,26.7,133.2,92,1003.9,92,0.0,6.7,,
2001-09-02,27.4,25.2,26.2,28.2,24.6,25.8,33.3,94,1004.5,92,0.2,8.2,,
2001-09-03,27.0,25.1,26.1,26.8,24.7,25.6,73.9,92,1007.3,92,0.0,12.0,,
2001-09-04,28.3,25.3,26.6,29.4,24.6,26.3,0.2,85,1007.2,86,3.2,8.5,,
2001-09-05,26.6,24.6,25.9,25.9,24.2,25.3,100.8,92,1006.8,91,0.0,5.2,,
2001-09-06,30.3,25.9,27.5,30.7,25.3,27.4,4.4,86,1007.1,84,3.5,3.5,,
2001-09-07,28.8,24.9,26.8,29.5,24.3,26.4,98.7,90,1008.0,83,1.1,5.8,,
2001-09-08,29.1,25.4,27.2,29.9,24.8,27.1,32.3,85,1007.3,67,9.2,12.1,,
2001-09-09,28.5,25.6,27.0,30.1,25.3,26.7,1.5,84,1007.5,83,1.3,5.7,,
2001-09-10,28.1,26.5,27.4,28.3,26.0,26.9,0.0,82,1008.2,85,0.1,8.1,,
2001-09-11,29.7,26.9,27.8,30.4,26.4,27.5,0.0,82,1008.7,85,2.3,9.3,,
2001-09-12,31.0,26.8,28.4,32.6,26.1,28.3,0.0,77,1009.2,76,7.8,5.9,,
2001-09-13,30.5,26.7,28.4,32.2,26.0,28.0,0.0,79,1008.2,59,7.7,5.4,,
2001-09-14,29.8,25.6,27.9,30.5,25.2,27.6,6.0,82,1008.4,61,3.7,3.6,,
2001-09-15,32.5,27.2,29.2,33.0,26.7,29.5,0.0,72,1007.6,47,8.9,5.2,,
2001-09-16,32.4,26.8,29.4,32.6,25.6,29.1,0.0,59,1007.7,6,9.3,3.7,,
2001-09-17,32.6,27.2,29.7,32.5,26.6,29.4,0.0,68,1006.6,9,7.6,7.0,,
2001-09-18,32.9,28.0,30.1,33.6,27.4,29.8,0.0,75,1006.1,31,6.7,6.2,,
2001-09-19,33.8,28.2,30.5,34.3,27.5,30.4,0.0,68,1005.3,65,6.5,5.4,,
2001-09-20,30.9,24.9,28.0,30.9,24.3,27.6,52.6,77,1005.6,88,1.1,6.6,,
2001-09-21,28.0,24.9,26.5,27.4,24.0,26.0,26.4,88,1010.3,89,0.0,15.7,,
2001-09-22,29.0,26.4,27.5,30.1,25.7,27.3,0.0,74,1011.7,50,9.9,12.6,,
2001-09-23,30.2,26.1,28.2,30.8,25.6,28.1,0.0,66,1009.7,40,10.0,8.4,,
2001-09-24,31.9,26.3,29.2,32.4,25.9,29.2,0.0,60,1007.5,39,9.1,9.8,,
2001-09-25,32.4,27.2,29.7,32.5,27.1,29.7,0.0,55,1005.6,27,9.5,13.4,,
2001-09-26,30.9,27.4,29.0,30.9,26.8,28.8,0.0,60,1004.9,68,4.6,8.7,,
2001-09-27,32.1,26.7,29.1,32.2,26.3,28.9,0.0,57,1005.7,17,10.4,9.6,,
2001-09-28,32.3,26.5,29.1,32.3,26.1,28.8,0.0,60,1007.7,37,8.5,8.3,,
2001-09-29,31.8,26.6,29.0,32.0,25.9,28.7,0.0,61,1008.7,35,9.7,8.8,,
2001-09-30,31.6,26.6,29.0,32.0,25.9,28.7,0.0,61,1010.1,16,10.4,9.2,,
2001-10-01,30.8,25.6,28.6,31.5,24.6,28.2,9.2,67,1012.8,59,7.3,13.8,,
2001-10-02,28.2,25.8,27.0,29.1,24.4,26.5,0.0,75,1014.7,71,8.4,16.6,,
2001-10-03,28.5,26.2,27.0,30.2,25.1,26.5,0.0,76,1014.2,60,7.9,13.3,,
2001-10-04,29.0,24.8,27.0,29.6,23.2,26.1,0.7,79,1014.4,73,1.7,7.6,,
2001-10-05,28.0,24.8,26.5,28.6,23.5,25.8,0.2,75,1014.2,84,5.7,13.8,,
2001-10-06,28.0,25.4,26.6,29.0,24.4,25.9,0.0,76,1013.7,82,6.1,13.7,,
2001-10-07,28.1,26.0,26.9,29.5,24.9,26.3,0.0,80,1012.9,65,5.6,12.3,,
2001-10-08,29.9,26.0,27.4,30.8,24.8,26.9,0.0,79,1012.1,65,2.5,4.3,,
2001-10-09,28.8,25.5,26.8,29.0,24.5,26.2,0.0,71,1012.4,86,3.0,8.5,,
2001-10-10,27.5,24.7,26.1,28.3,23.9,25.4,0.0,69,1014.6,85,0.8,9.0,,
2001-10-11,27.9,25.4,26.5,29.2,24.3,26.0,0.0,71,1015.4,47,9.2,13.3,,
2001-10-12,27.4,24.9,26.1,28.6,23.7,25.6,0.0,71,1014.9,55,9.2,14.5,,
2001-10-13,26.7,24.9,25.6,27.7,23.7,24.9,0.0,71,1013.1,64,5.7,13.1,,
2001-10-14,27.0,24.9,25.7,28.1,24.0,25.3,0.0,70,1012.1,72,7.8,13.3,,
2001-10-15,28.0,24.4,26.0,28.7,23.2,25.3,0.0,76,1012.1,63,5.2,5.8,,
2001-10-16,31.2,24.7,27.4,31.5,23.5,27.2,0.0,61,1010.4,23,10.0,5.7,,
2001-10-17,29.7,24.1,26.8,30.4,23.3,26.5,0.0,60,1011.8,20,8.3,7.8,,
2001-10-18,27.3,24.6,25.9,28.7,23.4,25.4,0.5,73,1015.9,69,8.0,12.4,,
2001-10-19,26.5,24.4,25.2,27.9,23.0,24.7,0.0,70,1018.7,60,7.3,16.6,,
2001-10-20,26.5,23.7,25.0,28.2,22.6,24.7,0.0,69,1017.4,47,10.1,15.0,,
2001-10-21,26.9,23.6,25.3,28.4,22.5,24.9,0.0,73,1015.6,44,10.4,16.0,,
2001-10-22,27.9,24.1,26.0,29.5,23.1,25.6,0.0,71,1016.1,68,9.5,12.8,,
2001-10-23,26.7,24.6,25.6,27.6,23.2,24.9,0.0,74,1017.0,66,2.6,13.7,,
2001-10-24,27.2,24.7,25.7,28.8,23.5,25.3,0.0,74,1015.8,39,9.4,13.4,,
2001-10-25,26.2,24.3,25.2,28.3,23.4,24.8,0.0,74,1015.1,42,8.8,15.7,,
2001-10-26,27.2,24.2,25.4,30.0,23.1,25.1,0.0,79,1014.8,48,8.1,13.0,,
2001-10-27,28.3,24.0,26.0,30.4,22.7,25.7,0.0,79,1014.4,43,7.6,5.6,,
2001-10-28,28.5,24.9,26.3,29.2,24.2,26.0,0.0,71,1015.0,61,5.8,8.0,,
2001-10-29,25.2,22.0,24.0,25.1,20.6,23.1,0.1,72,1017.5,88,0.5,9.4,,
2001-10-30,25.6,22.7,24.2,27.7,21.5,23.8,0.0,72,1017.9,74,5.6,12.3,,
2001-10-31,26.6,23.8,24.9,29.2,22.9,24.6,0.0,74,1017.6,67,7.8,11.9,,
2001-11-01,27.9,24.3,25.8,30.7,23.4,25.7,0.0,78,1017.1,44,9.7,8.0,,
2001-11-02,27.3,25.0,25.7,29.1,23.8,25.3,0.0,82,1015.6,74,6.4,13.1,,
2001-11-03,28.3,24.9,26.2,31.2,23.7,26.1,0.0,84,1014.7,55,7.7,8.4,,
2001-11-04,26.0,23.6,24.8,25.8,22.6,24.1,0.7,81,1016.6,90,0.9,18.2,,
2001-11-05,27.9,23.5,25.4,30.8,22.4,25.4,0.0,72,1018.6,36,9.6,11.3,,
2001-11-06,24.3,21.3,22.7,24.7,20.2,21.9,0.0,63,1020.6,65,2.8,11.1,,
2001-11-07,24.1,21.4,22.7,26.0,20.3,22.3,0.0,67,1019.1,63,7.5,11.2,,
2001-11-08,24.5,20.7,22.8,27.0,19.4,22.8,0.0,70,1016.9,22,9.7,7.5,,
2001-11-09,25.0,20.4,22.8,26.1,19.7,22.4,0.0,55,1016.2,59,7.4,13.1,,
2001-11-10,24.2,19.3,22.1,25.4,18.2,21.7,0.0,54,1016.2,37,8.9,13.1,,
2001-11-11,24.2,20.0,22.2,25.9,19.0,21.9,0.0,55,1016.3,66,8.6,11.2,,
2001-11-12,23.2,20.7,22.1,24.3,19.6,21.6,0.0,59,1017.1,76,0.4,12.1,,
2001-11-13,22.8,18.6,21.2,21.9,17.8,20.5,1.0,67,1018.5,98,0.0,10.6,,
2001-11-14,21.7,14.1,17.7,21.3,12.8,16.8,1.0,55,1021.9,99,0.0,16.7,,
2001-11-15,19.0,13.1,16.5,18.9,12.0,15.9,1.1,48,1022.7,91,0.2,10.5,,
2001-11-16,21.1,15.6,18.5,24.2,14.7,18.2,0.0,46,1021.7,12,10.3,8.8,,
2001-11-17,21.9,16.2,19.1,25.6,14.9,19.1,0.0,51,1021.8,0,10.3,8.0,,
2001-11-18,22.4,17.0,19.7,25.7,15.4,19.4,0.0,57,1022.1,0,10.1,5.7,,
2001-11-19,22.5,17.7,19.8,23.6,16.7,19.4,0.0,48,1021.8,0,10.0,9.3,,
2001-11-20,21.9,17.3,19.6,24.1,16.4,19.0,0.0,50,1021.9,1,10.0,7.1,,
2001-11-21,21.7,17.1,19.5,24.4,15.7,19.3,0.0,56,1021.2,1,10.0,7.3,,
2001-11-22,21.8,17.3,19.6,24.7,15.5,19.3,0.0,62,1020.2,3,10.1,7.0,,
2001-11-23,22.5,18.3,20.1,25.3,16.6,19.4,0.0,67,1018.5,11,9.5,6.9,,
2001-11-24,22.8,17.8,20.2,24.1,16.3,19.6,0.0,68,1016.3,6,9.3,4.4,,
2001-11-25,22.8,18.6,20.4,25.7,16.2,20.2,0.0,65,1016.5,8,9.8,5.4,,
2001-11-26,22.8,19.1,20.9,25.0,17.6,20.4,0.0,60,1020.8,16,9.5,12.7,,
2001-11-27,21.8,18.9,20.4,23.6,17.3,20.1,0.0,70,1020.5,24,9.6,15.3,,
2001-11-28,22.0,19.8,20.9,22.9,19.1,20.4,0.2,82,1016.4,90,1.5,16.3,,
2001-11-29,23.5,21.3,22.2,25.9,20.4,21.8,0.3,89,1014.9,84,0.8,11.5,,
2001-11-30,25.1,21.3,22.7,28.1,20.1,22.5,0.0,86,1015.0,56,5.8,5.5,,
2001-12-01,22.9,20.9,21.7,25.3,19.7,21.3,0.0,84,1015.9,70,3.8,11.2,,
2001-12-02,22.8,21.2,21.8,25.2,20.3,21.5,0.0,80,1016.5,84,5.1,12.8,,
2001-12-03,22.7,20.7,21.6,25.0,20.0,21.3,0.0,82,1016.6,72,3.1,10.7,,
2001-12-04,26.2,21.2,23.2,30.0,20.1,23.7,0.0,73,1014.8,36,9.7,4.0,,
2001-12-05,23.0,21.3,22.1,25.6,20.5,22.0,0.0,79,1015.9,75,6.6,13.0,,
2001-12-06,22.4,18.8,21.4,22.5,17.7,20.6,0.0,75,1017.9,93,0.0,7.6,,
2001-12-07,20.7,17.5,19.5,23.3,16.8,19.2,0.0,74,1018.9,88,4.6,7.9,,
2001-12-08,21.4,19.2,20.1,21.4,18.2,19.4,7.1,82,1018.2,94,0.0,9.9,,
2001-12-09,22.2,19.6,20.9,22.5,19.1,20.7,9.6,87,1018.5,98,0.0,7.8,,
2001-12-10,23.6,19.5,21.3,25.6,18.8,21.0,7.8,83,1018.7,92,0.7,6.1,,
2001-12-11,20.9,19.4,20.2,21.2,18.5,19.4,0.0,83,1018.8,88,0.0,13.6,,
2001-12-12,22.5,20.0,21.0,24.1,19.2,20.9,0.0,84,1019.3,84,0.7,7.6,,
2001-12-13,21.3,14.9,18.6,20.4,13.6,17.9,0.0,73,1022.9,84,0.0,10.5,,
2001-12-14,17.4,13.0,15.1,17.3,11.9,14.2,0.0,68,1027.3,90,0.2,10.0,,
2001-12-15,18.6,15.5,17.1,19.0,14.9,16.7,0.0,72,1025.2,83,6.0,15.3,,
2001-12-16,20.1,17.9,18.9,19.9,17.1,18.4,0.0,78,1022.0,94,0.0,12.4,,
2001-12-17,21.5,18.8,20.5,21.9,18.5,20.3,1.7,83,1020.8,96,0.0,5.6,,
2001-12-18,19.2,15.2,17.3,18.6,14.1,16.5,18.4,92,1022.8,99,0.0,3.0,,
2001-12-19,19.4,15.2,17.4,20.9,14.2,16.9,0.0,80,1024.7,73,3.6,4.3,,
2001-12-20,20.2,17.2,18.7,21.9,16.5,18.3,0.0,78,1024.8,84,3.8,6.9,,
2001-12-21,18.2,11.0,14.5,17.3,9.4,13.7,0.0,62,1026.7,51,5.5,14.0,,
2001-12-22,14.3,8.9,11.7,15.2,7.3,11.1,0.0,45,1027.7,14,9.7,11.1,,
2001-12-23,16.7,11.3,13.9,18.9,10.1,13.5,0.0,45,1025.8,31,9.8,7.0,,
2001-12-24,17.3,12.6,15.0,20.2,10.2,14.6,0.0,56,1025.3,38,9.2,5.9,,
2001-12-25,17.9,13.5,15.8,20.5,11.7,15.4,0.0,66,1027.6,17,9.6,6.8,,
2001-12-26,17.6,14.0,15.8,20.3,12.3,15.3,0.0,70,1027.8,46,8.0,10.3,,
2001-12-27,17.6,14.7,16.2,19.9,13.3,15.9,0.0,70,1027.4,39,7.5,6.6,,
2001-12-28,18.5,13.4,15.7,20.6,12.0,15.5,0.0,54,1027.2,6,9.0,6.6,,
2001-12-29,18.2,13.1,15.6,19.3,11.6,15.0,0.0,53,1024.7,3,8.7,5.8,,
2001-12-30,18.0,13.9,16.0,20.2,11.8,15.5,0.0,63,1022.0,3,9.0,7.1,,
2001-12-31,21.1,15.1,17.4,23.3,13.2,17.0,0.0,67,1019.8,7,9.1,4.8,,
2002-01-01,22.5,16.4,18.9,24.2,14.8,18.8,0.0,63,1020.9,23,8.6,3.2,,
2002-01-02,20.0,16.4,18.1,22.6,14.3,17.8,0.0,51,1025.4,8,9.0,8.1,,
2002-01-03,18.8,14.3,16.4,21.6,12.2,16.0,0.0,55,1025.7,14,9.2,5.5,,
2002-01-04,19.8,14.7,16.9,22.1,12.1,16.2,0.0,66,1024.6,7,9.4,3.6,,
2002-01-05,21.2,15.0,18.0,24.9,13.2,17.8,0.0,55,1021.8,15,9.4,2.8,,
2002-01-06,20.8,16.8,18.5,24.1,14.9,18.3,0.0,73,1022.3,18,9.7,5.5,,
2002-01-07,22.2,16.5,19.2,24.9,14.8,18.8,0.0,69,1023.2,6,8.3,3.3,,
2002-01-08,19.8,17.3,18.3,22.8,16.0,17.9,0.0,64,1025.1,8,8.6,11.1,,
2002-01-09,17.8,15.7,17.0,20.2,14.3,16.4,0.0,75,1024.7,32,9.0,13.2,,
2002-01-10,20.8,16.0,18.1,23.8,14.4,18.0,0.0,82,1021.2,57,8.9,2.7,,
2002-01-11,22.0,16.9,19.2,23.0,15.6,18.6,0.0,81,1017.8,18,8.4,2.4,,
2002-01-12,22.1,18.6,20.2,23.6,17.1,20.0,0.0,84,1017.8,84,1.6,4.8,,
2002-01-13,23.7,19.7,21.5,26.6,18.7,21.5,0.0,80,1016.9,82,5.1,7.4,,
2002-01-14,22.7,20.0,21.2,24.3,19.2,20.8,1.7,84,1014.7,89,0.4,7.0,,
2002-01-15,20.2,18.9,19.7,20.1,18.0,19.1,1.0,93,1014.3,98,0.0,14.7,,
2002-01-16,24.7,19.9,21.6,25.6,19.1,21.4,0.0,88,1014.1,56,7.2,3.8,,
2002-01-17,23.6,18.4,20.6,27.4,17.6,20.7,0.0,89,1013.2,47,7.6,7.8,,
2002-01-18,20.5,18.8,19.6,21.8,17.9,19.2,1.9,90,1014.0,92,0.2,13.6,,
2002-01-19,19.6,16.8,17.5,19.0,15.9,16.8,0.5,89,1017.4,92,0.0,6.8,,
2002-01-20,17.5,12.2,15.8,17.7,11.0,15.2,0.0,80,1020.0,93,0.0,8.3,,
2002-01-21,15.7,9.5,12.9,16.2,8.1,12.2,0.0,57,1022.3,4,9.9,13.0,,
2002-01-22,16.6,11.7,14.3,19.1,10.1,13.9,0.0,59,1023.0,45,8.5,6.5,,
2002-01-23,17.0,14.2,15.8,18.9,12.7,15.4,0.0,63,1023.1,60,7.5,11.4,,
2002-01-24,17.2,15.5,16.3,16.5,14.7,15.5,0.0,76,1020.0,92,0.0,15.9,,
2002-01-25,18.0,14.7,16.5,18.7,14.1,16.1,0.2,88,1016.0,100,0.0,11.8,,
2002-01-26,15.5,12.4,14.2,14.9,11.8,13.5,13.7,85,1017.6,95,0.2,4.5,,
2002-01-27,13.3,11.0,12.2,12.7,10.0,11.4,6.0,93,1020.8,99,0.0,4.1,,
2002-01-28,13.4,11.5,12.6,13.1,10.6,11.8,0.0,84,1023.4,96,0.0,4.5,,
2002-01-29,15.8,11.9,13.8,16.6,11.0,13.3,0.0,76,1025.6,90,0.0,4.8,,
2002-01-30,17.0,13.8,15.3,19.5,12.7,15.1,0.0,73,1025.0,48,6.5,8.3,,
2002-01-31,17.6,14.2,15.9,20.1,13.2,15.8,0.0,77,1024.0,27,8.7,10.5,,
2002-02-01,17.2,13.0,15.7,18.1,11.6,15.0,0.0,75,1022.8,91,0.4,8.0,,
2002-02-02,15.5,10.1,13.0,16.5,9.0,12.4,2.6,80,1023.5,87,1.5,5.4,,
2002-02-03,15.9,14.1,15.1,16.6,13.2,14.7,0.0,71,1021.4,87,1.5,17.4,,
2002-02-04,17.6,15.2,16.4,18.4,14.6,16.2,0.0,74,1019.4,88,0.5,10.4,,
2002-02-05,17.6,14.9,16.0,17.1,14.7,15.6,1.9,85,1018.7,100,0.0,3.2,,
2002-02-06,17.1,15.3,16.2,16.9,14.2,15.7,0.1,84,1017.8,89,0.0,9.5,,
2002-02-07,18.7,16.6,17.6,19.5,15.9,17.2,0.0,80,1017.4,93,0.6,16.5,,
2002-02-08,20.1,16.3,18.0,20.8,15.5,17.7,0.0,82,1017.9,81,0.0,9.3,,
2002-02-09,20.5,17.0,18.7,22.3,16.4,18.5,0.0,84,1017.0,76,3.6,8.3,,
2002-02-10,18.9,16.8,18.0,18.9,16.0,17.3,0.0,74,1019.5,88,0.0,6.9,,
2002-02-11,18.0,15.7,16.7,19.8,14.8,16.1,0.0,67,1023.1,70,3.0,11.1,,
2002-02-12,18.6,15.1,16.8,21.4,13.6,16.6,0.0,68,1022.5,16,10.0,9.1,,
2002-02-13,20.2,15.9,17.8,23.0,14.0,17.6,0.0,76,1020.3,21,8.4,8.5,,
2002-02-14,20.5,16.7,18.6,22.8,15.7,18.7,0.0,75,1022.1,47,10.4,12.0,,
2002-02-15,19.2,16.7,17.8,21.3,15.7,17.6,0.0,79,1023.3,64,8.1,12.8,,
2002-02-16,20.2,16.5,18.3,23.1,15.6,18.3,0.0,75,1021.7,72,4.5,10.7,,
2002-02-17,24.1,17.7,20.6,26.3,16.0,20.4,0.0,71,1020.8,23,10.1,2.3,,
2002-02-18,20.9,18.6,19.6,22.7,17.4,19.1,0.0,77,1022.8,35,7.4,12.0,,
2002-02-19,20.3,17.6,18.9,22.8,16.7,18.5,0.0,71,1025.0,40,9.0,16.6,,
2002-02-20,18.9,15.8,17.5,20.5,14.9,17.0,0.0,75,1025.8,85,4.8,17.0,,
2002-02-21,21.4,16.7,19.1,24.5,15.3,19.1,0.0,71,1023.1,41,7.7,8.6,,
2002-02-22,23.5,18.4,20.6,26.3,17.0,20.6,0.0,78,1021.8,14,10.4,5.0,,
2002-02-23,21.4,18.9,20.1,23.9,17.6,19.9,0.0,86,1019.5,55,5.3,5.7,,
2002-02-24,21.6,19.1,20.2,23.7,18.1,20.3,0.0,81,1020.1,79,6.0,8.6,,
2002-02-25,20.4,17.5,18.9,22.3,16.5,18.7,0.0,80,1020.6,58,8.2,12.4,,
2002-02-26,23.2,18.3,20.3,26.3,16.9,20.4,0.0,81,1018.5,32,10.4,7.6,,
2002-02-27,23.1,19.7,21.2,24.9,18.5,21.0,0.0,85,1016.0,74,5.3,7.7,,
2002-02-28,24.5,19.7,21.7,27.8,18.6,21.9,0.0,83,1015.8,56,8.7,7.1,,
2002-03-01,23.3,20.7,21.7,26.0,19.6,21.7,0.0,86,1016.7,85,6.6,10.1,,
2002-03-02,23.4,20.1,21.4,26.3,18.9,21.2,0.0,81,1016.2,53,6.9,7.5,,
2002-03-03,21.6,19.9,20.5,23.2,18.7,19.9,0.0,84,1016.8,80,1.6,10.9,,
2002-03-04,21.8,19.1,20.4,24.3,18.4,20.1,0.0,80,1016.5,81,4.6,13.4,,
2002-03-05,25.6,17.9,21.2,27.9,16.8,21.5,0.0,73,1015.7,74,6.3,7.7,,
2002-03-06,20.9,14.9,17.5,21.5,13.8,17.1,0.0,47,1019.7,43,6.1,10.4,,
2002-03-07,20.6,15.6,18.1,22.8,14.2,17.9,0.0,51,1021.7,32,10.0,9.0,,
2002-03-08,21.7,17.3,19.5,23.9,16.0,19.1,0.0,60,1022.7,60,5.2,13.2,,
2002-03-09,22.1,19.0,20.4,23.5,18.1,20.2,0.0,66,1021.7,85,3.4,13.1,,
2002-03-10,23.3,19.6,21.1,26.2,18.5,21.0,0.0,78,1019.8,66,6.4,9.4,,
2002-03-11,24.0,19.9,21.7,27.0,18.6,21.8,0.0,78,1018.5,57,8.1,7.9,,
2002-03-12,24.0,20.5,21.9,26.8,19.4,21.7,0.0,84,1017.6,68,7.3,9.1,,
2002-03-13,23.1,21.2,22.0,24.8,20.1,21.7,0.0,87,1015.1,82,2.9,9.7,,
2002-03-14,24.8,21.1,22.7,25.1,20.2,22.3,0.0,85,1012.9,87,0.9,5.4,,
2002-03-15,26.3,22.6,24.3,26.7,21.8,24.0,0.0,83,1011.3,86,2.8,3.9,,
2002-03-16,26.1,20.4,23.2,26.2,19.4,22.5,1.1,89,1012.7,94,0.4,8.3,,
2002-03-17,21.7,20.0,20.9,22.6,19.0,20.3,0.0,84,1017.8,98,0.1,9.8,,
2002-03-18,22.2,19.6,20.7,23.6,18.6,20.2,0.0,73,1021.8,90,1.0,9.2,,
2002-03-19,24.3,19.4,21.5,26.6,18.3,21.4,0.0,65,1020.1,44,5.3,8.3,,
2002-03-20,25.9,20.6,22.7,26.2,19.3,22.0,0.0,79,1016.0,66,3.5,4.2,,
2002-03-21,27.3,21.3,23.5,28.9,19.9,23.4,0.0,76,1011.9,46,8.7,4.0,,
2002-03-22,25.5,22.2,23.5,26.8,21.2,22.8,0.0,84,1009.8,82,0.4,3.0,,
2002-03-23,23.6,18.8,20.3,22.6,18.2,19.5,130.0,94,1011.9,96,0.0,16.0,,
2002-03-24,20.2,19.1,19.6,20.1,18.3,19.0,33.7,95,1011.7,93,0.0,13.4,,
2002-03-25,23.2,19.4,20.7,25.4,18.8,20.5,0.1,90,1012.8,84,2.7,7.7,,
2002-03-26,22.0,20.8,21.2,22.6,20.0,20.9,0.0,90,1011.9,89,0.1,13.1,,
2002-03-27,24.7,21.2,22.8,26.5,20.6,22.7,0.0,92,1011.8,91,2.0,9.1,,
2002-03-28,23.3,21.8,22.5,22.7,21.1,22.1,2.3,95,1011.8,89,0.0,9.5,,
2002-03-29,26.8,21.9,24.5,26.9,21.4,24.2,57.0,89,1011.6,91,0.9,4.0,,
2002-03-30,24.2,21.4,22.3,24.5,20.8,21.9,13.6,93,1013.2,96,0.2,4.0,,
2002-03-31,22.3,21.2,21.6,22.3,20.4,21.0,0.9,89,1015.4,90,0.0,8.5,,
2002-04-01,25.3,20.8,22.7,27.5,20.2,22.9,0.0,82,1016.1,54,8.7,8.5,,
2002-04-02,28.3,22.2,24.8,28.2,21.4,24.3,0.0,82,1013.8,71,5.8,4.2,,
2002-04-03,28.1,24.3,25.8,28.5,23.5,25.3,0.0,81,1010.3,76,6.7,7.1,,
2002-04-04,28.1,24.3,25.8,29.3,23.6,25.6,0.0,82,1009.7,72,7.5,7.8,,
2002-04-05,28.6,24.7,26.1,28.8,23.9,25.7,0.0,79,1010.0,80,8.3,8.6,,
2002-04-06,27.8,21.3,25.9,27.7,21.0,25.3,9.2,81,1010.7,85,3.4,5.8,,
2002-04-07,28.2,24.6,26.2,28.6,23.9,25.9,0.0,78,1011.6,81,8.8,5.5,,
2002-04-08,28.5,24.7,26.4,29.4,24.0,26.0,0.0,78,1011.8,61,8.7,5.2,,
2002-04-09,28.7,23.2,25.8,29.5,21.9,25.3,0.1,82,1012.2,79,4.9,6.9,,
2002-04-10,23.4,20.6,22.3,22.8,19.7,21.3,2.9,90,1013.4,99,0.0,13.6,,
2002-04-11,21.1,17.8,18.8,20.3,16.7,17.7,0.0,80,1017.0,94,0.0,7.2,,
2002-04-12,21.9,17.8,19.8,23.1,16.8,19.2,0.0,74,1018.6,69,0.0,6.5,,
2002-04-13,24.3,19.5,21.6,25.9,18.3,21.3,0.0,73,1016.1,32,9.9,9.0,,
2002-04-14,26.2,21.0,23.4,27.2,19.4,23.2,0.0,84,1012.6,60,6.6,6.5,,
2002-04-15,28.3,23.3,25.3,29.1,22.3,25.2,0.0,86,1012.4,76,7.5,8.3,,
2002-04-16,28.8,24.0,25.7,29.2,23.0,25.4,0.0,85,1013.1,76,6.2,6.6,,
2002-04-17,29.0,24.2,26.1,28.7,23.0,25.4,0.0,83,1012.7,83,3.6,7.2,,
2002-04-18,25.3,22.9,23.8,25.7,21.9,23.2,0.0,86,1015.0,90,3.0,13.8,,
2002-04-19,24.8,22.0,23.2,26.5,21.2,22.8,0.0,85,1016.2,88,4.6,11.5,,
2002-04-20,27.6,23.0,24.9,29.2,21.9,24.8,0.0,83,1013.1,52,6.8,6.3,,
2002-04-21,29.5,23.4,25.9,29.2,22.6,25.5,0.0,78,1010.6,32,10.4,4.9,,
2002-04-22,29.4,24.5,26.5,29.4,23.0,26.0,0.0,80,1011.0,56,10.4,5.3,,
2002-04-23,29.6,25.5,27.2,31.5,24.7,27.1,0.0,81,1012.5,52,10.3,6.8,,
2002-04-24,29.7,25.2,27.1,31.4,23.9,27.0,0.0,81,1011.9,58,9.2,5.8,,
2002-04-25,26.5,23.5,24.5,25.4,22.8,23.6,0.0,84,1014.2,92,0.0,17.3,,
2002-04-26,23.8,22.4,22.9,23.6,21.3,22.1,0.0,84,1014.8,98,0.0,15.5,,
2002-04-27,24.8,22.5,23.4,26.6,21.7,23.1,0.0,83,1014.1,92,2.8,14.7,,
2002-04-28,25.8,23.1,24.1,27.5,22.3,24.0,0.2,85,1013.4,88,3.8,12.9,,
2002-04-29,28.2,23.9,25.5,29.5,23.1,25.5,0.0,85,1011.6,79,8.3,11.5,,
2002-04-30,28.6,24.9,26.4,30.2,24.1,26.4,0.0,84,1010.4,53,10.6,9.8,,
2002-05-01,28.4,25.0,26.3,30.2,24.0,26.3,0.0,83,1010.1,53,8.1,8.8,,
2002-05-02,29.9,25.3,27.2,31.5,24.3,27.1,0.0,81,1011.9,53,11.5,10.8,,
2002-05-03,30.2,25.7,27.5,31.6,24.5,27.3,0.0,79,1012.6,48,10.3,11.5,,
2002-05-04,29.9,25.7,27.4,31.5,24.6,27.2,0.0,79,1012.3,68,10.3,12.1,,
2002-05-05,29.3,25.9,27.1,29.8,25.0,26.7,0.0,79,1011.0,79,10.0,13.4,,
2002-05-06,29.1,25.7,27.1,30.4,24.5,26.8,0.2,81,1009.9,64,9.5,10.7,,
2002-05-07,30.6,25.8,27.7,32.3,24.4,27.7,0.0,77,1009.6,29,11.4,7.0,,
2002-05-08,30.0,26.1,27.7,31.7,24.8,27.7,0.0,77,1011.2,65,11.4,10.8,,
2002-05-09,28.0,25.2,26.4,27.8,24.8,25.8,19.3,90,1011.2,88,2.0,13.3,,
2002-05-10,29.5,24.2,26.8,29.5,23.5,26.3,56.3,86,1010.1,89,3.1,5.4,,
2002-05-11,30.2,24.0,27.6,29.9,22.9,27.2,31.3,79,1010.3,82,7.7,5.3,,
2002-05-12,28.4,25.5,26.6,29.0,24.9,26.2,29.7,89,1012.2,93,0.7,9.0,,
2002-05-13,28.8,24.7,26.5,28.3,24.3,25.9,6.0,87,1011.6,81,2.1,13.6,,
2002-05-14,29.9,24.1,27.6,30.0,23.8,27.1,21.2,83,1008.4,84,4.0,12.0,,
2002-05-15,28.4,23.9,26.4,28.5,23.6,26.0,1.4,80,1007.9,90,1.7,6.2,,
2002-05-16,29.0,23.5,26.4,29.2,22.3,25.7,18.2,85,1008.5,90,1.3,3.9,,
2002-05-17,26.5,22.3,24.4,27.0,21.4,23.9,23.0,89,1008.0,92,0.3,8.0,,
2002-05-18,26.8,24.6,25.4,27.0,23.6,24.7,5.1,89,1007.6,85,0.1,8.8,,
2002-05-19,27.7,24.5,25.7,29.0,24.0,25.5,34.3,94,1004.9,88,1.0,3.3,,
2002-05-20,27.8,25.0,26.2,27.7,24.5,25.9,7.2,92,1003.9,95,0.0,12.2,,
2002-05-21,30.7,27.2,29.2,30.9,26.5,28.8,0.0,81,1003.3,89,0.9,9.5,,
2002-05-22,30.9,26.4,29.0,31.1,25.5,28.6,13.9,82,1005.1,89,1.5,7.3,,
2002-05-23,30.3,25.7,27.7,31.1,25.5,27.5,3.4,80,1008.4,91,5.1,6.4,,
2002-05-24,28.2,25.1,26.6,29.7,24.1,26.1,0.0,75,1011.3,89,1.9,9.8,,
2002-05-25,28.9,24.8,26.4,29.9,24.3,26.1,0.0,68,1011.1,88,3.0,9.0,,
2002-05-26,29.3,25.2,26.8,30.5,24.6,26.6,0.0,61,1010.2,83,5.3,9.3,,
2002-05-27,29.9,25.2,27.2,30.3,23.8,26.8,0.0,73,1009.3,63,11.2,14.5,,
2002-05-28,29.2,26.1,27.3,29.8,24.9,26.8,0.0,76,1008.7,70,7.9,12.4,,
2002-05-29,30.1,25.9,27.8,30.8,24.9,27.2,0.0,77,1007.7,57,5.0,5.8,,
2002-05-30,31.8,25.8,28.0,31.0,25.3,27.6,4.9,80,1006.3,78,6.5,7.3,,
2002-05-31,31.0,26.5,28.0,30.8,25.9,27.8,0.2,77,1004.6,78,5.4,6.9,,
2002-06-01,30.9,26.7,28.1,31.8,26.1,27.9,3.8,84,1003.8,84,5.0,7.8,,
2002-06-02,27.9,24.2,26.4,28.3,23.6,26.0,3.0,89,1004.4,89,0.1,12.1,,
2002-06-03,27.8,25.7,26.6,27.5,25.4,26.3,0.0,80,1004.9,85,0.1,14.8,,
2002-06-04,29.5,26.2,27.6,30.4,25.6,27.4,0.0,79,1005.1,84,5.4,14.5,,
2002-06-05,28.4,26.5,27.4,28.7,25.4,26.9,1.0,83,1004.9,82,2.7,14.1,,
2002-06-06,29.9,25.9,27.8,30.7,25.0,27.5,3.3,83,1004.1,75,9.0,13.2,,
2002-06-07,31.2,26.6,28.5,31.9,25.6,28.2,0.0,76,1004.7,42,9.1,7.8,,
2002-06-08,31.4,27.1,28.7,32.2,25.9,28.4,0.0,79,1005.2,53,9.8,7.6,,
2002-06-09,28.5,24.5,26.8,29.7,23.7,26.2,24.7,89,1005.9,82,1.7,7.4,,
2002-06-10,30.2,25.6,27.9,30.0,24.8,27.6,9.7,84,1005.4,87,0.8,6.9,,
2002-06-11,29.0,23.9,27.7,28.2,23.8,27.0,109.2,87,1006.3,95,0.0,7.7,,
2002-06-12,30.2,26.4,28.1,30.3,25.9,27.6,6.4,85,1007.6,89,0.4,5.6,,
2002-06-13,31.3,27.8,29.0,31.0,27.0,28.6,0.0,79,1007.5,86,5.2,6.1,,
2002-06-14,31.8,27.6,29.3,31.3,27.0,28.9,0.0,74,1007.0,84,10.4,7.6,,
2002-06-15,31.2,28.5,29.5,31.4,27.9,29.1,0.0,76,1006.3,86,5.4,7.9,,
2002-06-16,31.1,26.8,29.1,30.7,26.1,28.5,11.9,79,1006.7,85,4.3,10.3,,
2002-06-17,31.5,26.8,29.4,31.1,26.9,28.8,9.6,78,1006.6,86,4.3,9.1,,
2002-06-18,30.9,27.9,29.4,31.0,27.3,28.8,0.5,78,1006.8,85,5.5,9.2,,
2002-06-19,31.3,27.5,29.3,30.9,27.0,28.6,6.8,79,1006.0,83,6.5,9.0,,
2002-06-20,30.0,26.1,28.7,29.7,25.3,28.0,15.6,83,1005.2,84,0.5,7.7,,
2002-06-21,32.6,28.1,29.6,33.1,27.5,29.3,2.5,81,1005.4,71,10.8,9.2,,
2002-06-22,31.2,26.8,28.9,32.2,26.2,28.8,5.5,85,1007.2,72,8.6,9.3,,
2002-06-23,32.4,28.1,29.3,32.6,27.3,28.8,9.4,85,1008.6,82,6.8,9.4,,
2002-06-24,33.1,28.6,30.2,32.5,27.7,29.6,0.0,75,1008.4,51,11.7,7.6,,
2002-06-25,33.5,27.2,30.1,32.3,26.5,29.7,11.8,76,1008.8,43,11.9,7.1,,
2002-06-26,33.4,28.9,30.5,32.7,28.3,30.0,0.0,74,1009.3,50,11.4,7.9,,
2002-06-27,33.1,28.9,30.5,33.9,28.1,30.3,0.0,74,1009.5,62,11.2,7.3,,
2002-06-28,32.5,29.2,30.4,32.0,28.7,30.0,0.0,74,1008.9,81,9.5,8.4,,
2002-06-29,32.2,27.2,30.0,32.0,27.3,29.7,2.3,76,1007.2,86,9.8,7.8,,
2002-06-30,32.2,29.0,29.9,32.0,28.4,29.4,0.6,76,1005.1,88,3.3,7.0,,
2002-07-01,31.5,25.9,29.5,33.6,24.9,29.2,11.5,80,1004.7,88,2.8,7.6,,
2002-07-02,31.7,26.3,28.7,31.7,25.0,28.3,4.7,83,1005.8,88,3.1,8.5,,
2002-07-03,32.5,27.3,29.3,32.2,26.7,28.8,0.0,80,1004.4,78,5.5,4.1,,
2002-07-04,32.5,27.1,29.5,32.8,25.4,29.0,12.0,78,1001.3,50,8.5,5.3,,
2002-07-05,33.6,28.2,30.4,34.1,27.5,30.0,0.0,78,1000.3,60,8.9,4.5,,
2002-07-06,30.7,26.7,28.8,31.8,26.5,28.5,5.6,86,999.8,86,3.5,6.9,,
2002-07-07,30.3,26.8,28.3,31.4,26.4,28.0,12.5,85,997.9,86,2.3,5.6,,
2002-07-08,32.2,25.8,28.5,32.1,25.5,28.3,0.5,79,996.9,86,3.5,8.0,,
2002-07-09,32.7,26.5,28.9,33.0,25.6,28.8,9.3,77,996.7,80,7.9,6.9,,
2002-07-10,32.0,26.9,29.5,32.3,26.8,29.2,0.0,74,998.1,73,8.2,4.5,,
2002-07-11,32.8,27.2,30.3,32.3,26.3,29.8,0.0,76,1000.1,69,9.5,7.5,,
2002-07-12,33.3,28.4,30.4,32.8,27.7,30.0,0.0,73,1001.0,39,11.3,7.3,,
2002-07-13,33.3,28.7,30.8,33.5,28.0,30.4,0.0,75,1000.4,60,10.0,5.5,,
2002-07-14,33.1,28.5,30.8,33.6,28.3,30.6,0.0,79,1000.0,57,10.8,7.3,,
2002-07-15,32.7,29.0,30.5,33.0,27.7,30.0,0.0,77,1001.4,55,11.6,10.3,,
2002-07-16,30.3,26.1,28.2,30.7,25.3,27.4,24.3,84,1002.9,82,1.7,10.0,,
2002-07-17,32.1,25.2,29.3,31.7,25.0,28.5,38.2,82,1004.3,90,1.7,13.0,,
2002-07-18,30.9,28.7,29.7,30.7,28.2,29.0,0.9,79,1003.6,88,3.3,14.2,,
2002-07-19,30.3,28.6,29.5,30.1,27.9,28.8,0.2,80,1005.0,90,0.0,12.4,,
2002-07-20,30.4,26.7,29.3,30.2,25.5,28.6,8.8,82,1007.2,88,1.7,9.5,,
2002-07-21,32.3,26.6,29.2,32.2,25.5,28.7,0.8,82,1007.5,83,10.0,7.6,,
2002-07-22,31.9,25.3,28.0,31.8,24.4,27.3,17.9,83,1006.6,86,5.9,6.7,,
2002-07-23,30.5,24.7,28.0,30.9,24.0,27.4,8.0,83,1005.3,83,4.2,7.3,,
2002-07-24,31.8,27.5,29.2,32.2,26.6,28.8,0.0,81,1004.5,81,9.1,8.3,,
2002-07-25,32.1,26.6,29.4,32.2,25.7,29.0,0.9,80,1002.1,83,8.2,5.5,,
2002-07-26,31.4,25.5,27.9,31.4,24.9,27.4,41.8,86,1001.0,89,1.4,4.6,,
2002-07-27,28.1,26.1,27.0,27.5,25.6,26.5,17.7,93,1003.7,88,0.0,6.0,,
2002-07-28,28.7,25.2,26.7,29.2,24.5,26.3,16.0,92,1006.1,88,4.4,10.7,,
2002-07-29,28.6,24.5,26.0,29.8,23.8,25.6,71.8,93,1006.4,88,2.5,10.0,,
2002-07-30,28.6,25.6,26.8,29.7,25.0,26.5,7.0,93,1006.9,90,1.8,8.0,,
2002-07-31,28.4,25.8,27.0,28.7,25.7,26.7,10.4,92,1006.1,88,2.2,4.8,,
2002-08-01,31.5,25.8,28.8,31.6,25.3,28.6,0.0,79,1004.4,39,10.9,4.8,,
2002-08-02,31.6,26.2,29.2,31.6,26.1,28.9,0.0,80,1002.8,86,5.3,4.6,,
2002-08-03,30.0,25.9,27.6,30.6,25.4,27.6,13.3,87,999.2,87,1.0,7.9,,
2002-08-04,28.4,25.9,27.1,28.8,25.7,27.2,19.4,86,993.2,88,1.7,17.5,,
2002-08-05,29.8,25.1,27.1,29.8,24.8,26.7,6.2,84,994.2,90,0.1,11.6,,
2002-08-06,29.0,24.2,27.8,28.0,23.1,27.0,43.7,84,1000.6,92,0.0,15.8,,
2002-08-07,30.0,27.5,28.7,29.3,26.8,28.1,1.2,82,1003.2,87,3.2,11.5,,
2002-08-08,30.6,27.9,28.9,30.4,27.4,28.3,0.0,81,1003.8,88,0.7,6.3,,
2002-08-09,28.9,24.7,26.6,28.4,24.2,26.0,91.7,92,1004.8,93,0.1,3.9,,
2002-08-10,28.2,24.4,26.2,29.2,23.9,26.0,90.5,94,1007.0,89,1.0,3.7,,
2002-08-11,30.1,26.2,27.7,31.1,25.6,27.8,3.0,89,1009.3,83,8.8,9.2,,
2002-08-12,30.9,26.6,28.3,31.4,26.1,28.2,0.8,84,1009.7,78,9.4,10.0,,
2002-08-13,31.1,27.0,28.6,32.1,26.1,28.4,0.0,81,1008.1,63,11.5,9.3,,
2002-08-14,31.1,27.3,28.7,32.2,26.4,28.5,0.0,80,1005.9,61,9.9,8.5,,
2002-08-15,31.5,27.0,29.0,32.1,26.1,28.7,0.0,77,1004.0,76,8.1,9.7,,
2002-08-16,30.4,28.2,29.0,30.9,27.5,28.7,0.0,76,1002.5,88,4.3,13.8,,
2002-08-17,30.5,27.7,28.9,31.1,26.5,28.6,1.0,78,1002.4,88,5.1,17.0,,
2002-08-18,28.5,25.6,27.2,28.5,24.6,26.6,51.6,87,1002.4,89,1.6,18.7,,
2002-08-19,28.3,25.7,27.2,28.0,24.9,26.8,26.8,89,1002.5,88,1.6,21.2,,
2002-08-20,29.4,26.1,27.5,29.8,25.3,27.0,14.6,91,1007.2,87,3.2,15.5,,
2002-08-21,30.1,26.7,28.0,31.1,26.1,27.8,0.0,88,1010.8,68,7.0,10.2,,
2002-08-22,31.5,26.9,29.0,32.2,26.1,28.7,0.0,80,1011.0,37,10.4,3.0,,
2002-08-23,31.4,27.2,29.1,31.2,26.6,28.5,0.0,73,1010.9,25,10.6,6.7,,
2002-08-24,32.1,27.2,29.1,31.7,26.3,28.7,0.0,76,1010.4,26,11.6,8.7,,
2002-08-25,32.1,27.6,29.3,31.8,27.2,28.9,0.0,75,1008.5,47,10.8,8.5,,
2002-08-26,31.6,27.8,29.3,31.7,27.3,29.0,0.0,79,1007.1,61,11.0,9.9,,
2002-08-27,32.4,28.3,29.7,32.3,27.6,29.4,0.4,79,1006.8,71,9.5,8.7,,
2002-08-28,33.0,26.9,29.5,32.8,26.6,29.3,0.0,75,1007.8,38,10.4,6.3,,
2002-08-29,32.8,27.4,29.8,32.9,26.6,29.5,0.0,69,1007.2,16,11.4,8.5,,
2002-08-30,32.9,27.2,29.6,32.5,26.1,29.1,1.7,77,1005.7,35,6.1,7.2,,
2002-08-31,31.8,27.8,29.2,31.3,27.0,28.5,0.0,77,1005.9,38,3.0,5.3,,
2002-09-01,32.9,27.6,29.6,33.0,26.9,29.2,0.0,76,1008.3,31,9.3,6.1,,
2002-09-02,32.1,26.9,29.4,31.8,26.9,28.9,0.6,74,1010.0,43,9.5,6.9,,
2002-09-03,30.6,25.1,27.8,30.9,25.0,27.4,6.8,80,1009.9,73,4.7,3.7,,
2002-09-04,30.9,26.2,28.2,32.0,25.2,28.1,0.0,73,1008.9,43,10.0,4.8,,
2002-09-05,31.9,26.7,29.1,32.3,25.9,28.7,0.0,65,1007.7,38,8.2,4.8,,
2002-09-06,33.4,27.3,30.0,33.6,26.8,30.0,0.0,69,1005.5,55,8.0,6.8,,
2002-09-07,31.7,27.0,29.1,31.9,26.7,28.9,0.0,52,1003.9,10,10.6,11.7,,
2002-09-08,31.7,25.6,28.2,31.9,24.8,27.7,0.0,59,1004.9,31,10.1,6.7,,
2002-09-09,31.6,26.3,28.7,32.0,25.8,28.4,0.0,72,1006.3,52,7.1,3.7,,
2002-09-10,31.7,25.9,28.2,33.1,25.0,28.3,49.0,82,1004.8,86,3.2,5.6,,
2002-09-11,28.0,23.8,26.0,27.8,22.9,25.6,39.5,86,1003.3,94,0.0,27.0,,
2002-09-12,27.7,24.4,26.5,27.7,23.4,26.0,17.8,86,1008.2,89,0.2,15.1,,
2002-09-13,28.0,25.3,26.6,29.3,24.8,26.2,9.2,90,1009.0,84,1.9,7.3,,
2002-09-14,27.2,24.7,26.1,27.1,23.9,25.4,56.2,92,1007.7,90,0.1,6.0,,
2002-09-15,26.1,24.3,25.3,26.0,23.8,24.8,161.1,96,1005.7,97,0.0,7.7,,
2002-09-16,27.8,24.1,25.4,29.1,23.3,25.1,121.9,96,1006.0,95,2.0,9.1,,
2002-09-17,25.9,23.9,24.7,26.6,23.4,24.3,162.8,96,1008.4,98,0.1,4.3,,
2002-09-18,29.4,24.7,27.0,30.9,24.3,27.0,3.5,81,1012.0,74,9.1,14.2,,
2002-09-19,29.7,26.3,27.8,30.6,25.7,27.6,0.0,76,1012.9,75,6.4,16.6,,
2002-09-20,28.9,26.4,27.5,29.8,25.7,27.3,0.0,77,1012.8,38,10.7,15.3,,
2002-09-21,29.2,26.6,27.5,30.7,25.6,27.3,0.0,79,1011.8,69,7.0,10.7,,
2002-09-22,27.4,24.5,26.1,27.7,23.7,25.8,83.0,87,1012.5,90,0.7,6.3,,
2002-09-23,27.8,24.6,26.3,28.8,24.0,25.9,0.0,76,1013.4,89,3.2,12.5,,
2002-09-24,26.5,23.9,25.4,27.3,22.8,24.7,0.4,79,1013.8,88,0.6,13.7,,
2002-09-25,26.2,24.2,25.0,26.8,23.3,24.3,5.6,88,1013.6,88,0.0,10.3,,
2002-09-26,27.5,24.9,26.2,29.1,24.1,25.9,0.2,87,1013.2,86,3.9,12.2,,
2002-09-27,29.4,26.1,27.4,29.9,25.4,27.0,0.2,84,1012.5,71,8.0,11.2,,
2002-09-28,28.7,26.0,27.1,30.3,25.2,27.0,0.8,85,1012.9,73,8.2,10.7,,
2002-09-29,27.2,24.7,26.2,28.4,24.1,25.8,4.4,85,1012.9,88,2.0,12.8,,
2002-09-30,27.2,25.8,26.3,27.4,24.9,25.8,0.0,77,1012.7,85,1.3,13.0,,
2002-10-01,27.2,23.8,25.4,28.3,23.2,24.9,7.6,86,1012.7,86,1.1,3.1,,
2002-10-02,28.1,24.7,26.3,30.1,24.0,26.2,0.0,78,1012.9,83,2.8,5.6,,
2002-10-03,28.3,25.5,26.7,29.8,24.5,26.2,0.0,78,1013.9,81,2.6,8.2,,
2002-10-04,28.4,25.8,26.9,30.4,24.7,26.6,0.0,82,1014.0,77,4.1,9.4,,
2002-10-05,28.4,26.0,27.1,30.3,25.1,26.9,0.0,82,1012.8,79,6.8,10.3,,
2002-10-06,26.9,23.7,25.2,26.0,23.3,24.7,0.0,66,1012.7,86,0.9,9.2,,
2002-10-07,24.7,23.0,23.8,24.2,22.6,23.4,0.0,48,1015.6,86,0.0,11.6,,
2002-10-08,26.5,21.4,24.1,27.2,20.7,23.8,0.0,45,1017.1,17,10.5,10.3,,
2002-10-09,26.7,21.2,23.9,27.7,20.6,23.4,0.0,50,1017.3,5,10.5,8.0,,
2002-10-10,27.2,22.1,24.5,28.9,21.0,24.3,0.0,64,1016.3,27,9.6,5.1,,
2002-10-11,28.1,23.9,25.8,30.4,22.5,25.5,0.0,73,1013.0,52,9.2,5.6,,
2002-10-12,28.3,25.1,26.5,30.3,24.2,26.2,0.0,77,1011.6,79,4.1,9.5,,
2002-10-13,27.7,25.6,26.6,28.6,24.7,26.2,0.0,81,1012.5,81,0.9,8.7,,
2002-10-14,27.8,24.9,26.3,29.5,24.0,26.0,0.0,77,1014.1,38,9.8,10.6,,
2002-10-15,28.4,24.9,26.5,30.5,23.8,26.2,0.0,80,1015.3,31,10.3,8.5,,
2002-10-16,28.1,25.3,26.5,30.1,24.3,26.2,0.0,81,1014.6,70,9.1,11.6,,
2002-10-17,28.5,26.1,27.1,28.8,25.0,26.4,0.1,82,1011.6,89,2.3,11.3,,
2002-10-18,28.1,24.5,26.6,28.3,24.0,26.1,54.9,87,1009.9,81,2.9,4.1,,
2002-10-19,29.6,26.0,27.5,30.3,25.2,27.0,0.0,80,1010.2,51,8.4,5.2,,
2002-10-20,30.2,25.8,27.6,31.2,24.6,27.1,0.0,79,1011.4,76,7.5,5.3,,
2002-10-21,27.4,22.3,24.1,26.6,21.3,23.3,50.1,89,1012.9,91,0.1,6.6,,
2002-10-22,23.9,23.1,23.5,23.5,22.3,22.7,0.0,85,1014.0,88,0.0,8.0,,
2002-10-23,23.7,19.8,20.8,22.7,18.8,20.0,9.2,86,1015.3,89,0.0,8.1,,
2002-10-24,24.2,19.6,22.1,26.8,18.4,21.9,0.0,77,1016.4,74,3.1,4.0,,
2002-10-25,26.3,23.0,24.6,29.0,22.2,24.8,0.0,78,1017.5,59,9.1,8.1,,
2002-10-26,26.6,23.1,24.9,27.7,21.8,24.4,0.5,78,1017.0,70,9.1,7.3,,
2002-10-27,24.7,22.4,23.8,25.4,20.9,23.3,0.1,78,1015.7,84,1.7,10.6,,
2002-10-28,24.6,22.9,24.1,25.0,22.0,23.4,1.0,83,1014.1,93,0.3,15.8,,
2002-10-29,25.2,23.8,24.5,24.3,23.1,23.8,4.1,87,1013.0,89,0.0,14.3,,
2002-10-30,24.0,23.1,23.5,23.4,22.5,22.9,66.2,96,1013.7,90,0.0,10.9,,
2002-10-31,24.4,22.0,23.0,24.4,21.3,22.5,5.2,90,1014.7,87,0.0,3.3,,
2002-11-01,25.3,20.7,22.9,26.7,19.8,22.8,0.0,73,1016.9,57,7.5,8.3,,
2002-11-02,23.2,20.0,21.4,24.0,18.7,20.8,0.0,70,1019.9,72,3.9,9.3,,
2002-11-03,22.9,18.5,20.7,23.8,17.0,20.4,0.0,51,1022.1,8,9.2,11.5,,
2002-11-04,21.5,18.2,20.0,23.0,17.5,19.6,0.0,43,1022.6,27,10.1,13.5,,
2002-11-05,22.3,18.1,20.6,24.3,17.0,20.3,0.0,61,1020.8,35,10.1,9.4,,
2002-11-06,23.5,19.6,21.7,26.2,18.2,21.6,0.0,67,1019.1,9,10.3,10.0,,
2002-11-07,26.9,21.0,23.6,28.0,19.4,23.3,0.0,64,1017.7,2,9.9,3.4,,
2002-11-08,26.4,21.7,23.8,28.5,20.6,23.9,0.0,58,1017.9,12,10.3,5.8,,
2002-11-09,23.6,22.0,22.7,24.6,21.0,22.1,0.0,72,1019.5,50,8.6,15.0,,
2002-11-10,24.0,20.5,22.4,25.8,19.4,22.2,0.0,74,1018.1,66,9.1,11.8,,
2002-11-11,25.7,22.3,23.9,28.2,21.3,23.8,0.0,83,1016.7,62,7.5,7.1,,
2002-11-12,27.6,22.7,24.7,28.8,21.2,24.4,0.0,79,1015.3,11,9.2,2.2,,
2002-11-13,26.4,22.7,24.4,28.6,21.2,24.3,0.0,78,1012.7,16,9.9,5.8,,
2002-11-14,27.3,23.3,25.1,28.5,22.0,24.7,0.0,80,1010.0,45,8.7,3.6,,
2002-11-15,28.0,21.8,25.7,28.8,22.0,25.2,0.0,83,1010.7,68,3.8,3.9,,
2002-11-16,22.3,18.3,19.8,22.0,17.4,19.0,5.4,83,1016.1,93,0.0,8.6,,
2002-11-17,21.8,18.1,20.1,23.7,17.3,19.7,0.0,73,1019.7,91,3.3,6.7,,
2002-11-18,21.2,19.6,20.4,21.0,18.5,19.8,0.0,69,1020.0,88,0.1,10.2,,
2002-11-19,20.9,17.7,19.6,20.9,16.7,19.0,5.0,81,1018.9,88,0.1,8.1,,
2002-11-20,24.2,19.5,21.8,26.4,18.6,21.9,0.0,76,1018.1,73,4.6,5.8,,
2002-11-21,24.3,20.6,22.3,25.4,19.6,21.9,0.0,72,1017.8,51,5.8,7.0,,
2002-11-22,22.4,18.8,20.6,23.8,17.7,20.1,0.0,72,1017.3,65,7.0,4.7,,
2002-11-23,23.1,19.2,21.0,24.3,18.0,20.7,0.0,74,1016.1,57,5.2,3.0,,
2002-11-24,22.2,17.8,20.4,23.7,16.5,19.9,0.0,67,1017.8,67,5.7,8.7,,
2002-11-25,20.5,16.4,18.5,21.7,15.3,18.0,0.0,63,1020.5,68,6.9,7.1,,
2002-11-26,20.0,16.2,18.5,22.4,14.9,18.2,0.0,58,1022.8,34,8.8,9.0,,
2002-11-27,20.1,18.5,19.1,20.9,17.5,18.4,0.0,64,1021.8,87,0.4,9.3,,
2002-11-28,19.9,16.6,18.6,19.1,15.5,17.6,3.0,87,1019.7,92,0.0,10.9,,
2002-11-29,21.8,19.2,20.6,22.0,18.4,20.1,0.7,86,1019.0,91,0.0,9.8,,
2002-11-30,21.4,20.0,20.8,21.0,19.3,20.2,9.2,91,1017.2,97,0.0,9.6,,
2002-12-01,21.1,19.7,20.4,21.1,19.1,20.0,2.3,90,1016.1,92,0.0,16.5,,
2002-12-02,22.1,20.3,21.3,22.3,19.6,20.8,0.6,91,1016.6,94,0.0,13.4,,
2002-12-03,24.5,21.2,22.7,27.2,20.3,22.7,0.0,89,1016.6,57,7.4,7.8,,
2002-12-04,25.4,22.0,23.3,27.3,21.0,23.2,0.0,87,1016.1,59,8.5,4.3,,
2002-12-05,23.9,22.8,23.2,24.4,22.2,22.9,0.2,92,1016.1,89,0.9,8.3,,
2002-12-06,25.3,22.5,23.8,27.6,21.9,23.6,0.0,91,1015.4,84,3.8,9.4,,
2002-12-07,25.7,23.3,24.3,28.2,22.4,24.2,0.0,90,1015.1,72,6.1,5.6,,
2002-12-08,23.9,11.8,16.1,23.5,10.6,15.0,4.3,81,1021.4,91,0.0,11.9,,
2002-12-09,15.3,11.1,13.2,15.6,9.8,12.4,0.0,65,1025.6,62,3.3,9.8,,
2002-12-10,17.2,13.8,15.8,18.9,12.7,15.3,0.0,66,1024.1,48,8.9,9.5,,
2002-12-11,17.1,13.6,15.7,16.2,12.6,14.7,8.0,75,1023.1,93,0.0,9.1,,
2002-12-12,18.3,12.8,15.2,19.5,12.0,15.0,8.0,76,1026.0,44,9.1,6.3,,
2002-12-13,17.9,13.7,16.2,18.9,12.1,15.7,0.0,71,1027.8,59,4.5,9.5,,
2002-12-14,19.2,15.7,17.6,21.0,14.7,17.3,0.0,73,1025.5,66,5.7,11.8,,
2002-12-15,21.0,17.6,19.4,24.0,16.6,19.5,0.0,77,1022.6,66,7.8,9.3,,
2002-12-16,23.3,18.9,20.9,27.3,18.3,21.3,0.2,79,1020.9,66,6.6,6.5,,
2002-12-17,21.6,19.7,20.6,22.7,18.5,20.1,0.0,79,1019.3,78,2.6,12.1,,
2002-12-18,22.0,20.2,21.2,23.7,19.5,21.1,0.0,83,1015.5,89,1.9,10.4,,
2002-12-19,25.3,20.7,22.5,27.1,19.9,22.5,0.0,87,1013.6,79,6.5,5.6,,
2002-12-20,20.9,17.4,18.9,20.4,16.5,18.1,23.0,92,1012.9,88,0.4,11.4,,
2002-12-21,21.3,17.6,19.3,21.9,16.9,19.1,0.7,84,1014.5,82,2.2,5.2,,
2002-12-22,20.1,17.3,18.7,22.1,15.9,18.3,0.0,80,1017.5,66,6.7,5.1,,
2002-12-23,21.5,17.0,18.9,22.7,15.9,18.6,0.0,73,1019.1,84,7.5,5.0,,
2002-12-24,20.3,16.9,18.5,22.9,15.7,18.1,0.0,73,1019.4,83,5.6,5.1,,
2002-12-25,18.8,15.6,17.4,18.8,14.6,16.5,0.0,74,1020.9,86,2.7,10.8,,
2002-12-26,16.0,7.2,11.8,14.7,5.9,10.5,8.9,76,1022.5,88,0.2,13.8,,
2002-12-27,9.3,6.8,8.2,8.2,5.7,7.2,7.4,90,1023.4,92,0.0,8.8,,
2002-12-28,14.7,8.9,12.0,15.8,7.8,11.7,0.0,76,1021.8,79,4.4,3.3,,
2002-12-29,17.6,13.1,15.1,19.3,12.2,14.8,0.0,77,1022.0,72,3.7,3.6,,
2002-12-30,18.1,14.1,15.9,19.7,12.9,15.9,0.0,75,1020.1,56,8.2,4.6,,
2002-12-31,17.2,13.6,15.4,18.3,12.9,14.9,0.5,78,1020.6,85,0.6,3.6,,
2003-01-01,16.3,15.1,15.8,16.8,14.3,15.4,0.0,78,1023.1,84,0.7,12.0,,
2003-01-02,17.8,15.6,16.4,17.5,14.8,16.0,0.0,78,1023.4,88,0.0,12.1,,
2003-01-03,17.9,12.8,15.5,19.5,11.8,15.1,0.8,66,1024.2,38,7.2,7.1,,
2003-01-04,17.2,12.7,15.2,19.9,10.7,14.6,0.0,68,1025.0,39,5.7,5.7,,
2003-01-05,16.4,13.7,15.2,18.2,12.8,14.8,0.0,68,1026.6,86,1.6,9.7,,
2003-01-06,14.9,8.8,11.8,13.9,7.6,10.7,16.5,80,1022.8,92,0.0,8.0,,
2003-01-07,14.2,8.9,11.4,15.1,7.9,11.0,0.1,76,1023.3,61,9.3,8.8,,
2003-01-08,15.3,10.2,13.0,17.9,9.1,12.6,0.0,72,1023.7,33,8.3,7.0,,
2003-01-09,17.6,12.9,15.2,18.8,11.7,15.0,0.0,68,1021.7,17,9.7,5.5,,
2003-01-10,18.1,12.8,15.2,19.8,11.7,15.0,0.0,62,1020.9,2,9.5,5.8,,
2003-01-11,17.7,12.4,15.0,19.1,11.1,14.6,0.0,56,1022.7,33,8.6,6.0,,
2003-01-12,17.4,13.0,15.1,20.5,11.9,15.1,0.0,62,1022.5,13,9.3,4.9,,
2003-01-13,19.5,13.6,16.2,21.0,11.3,15.5,0.0,69,1020.5,26,9.2,2.3,,
2003-01-14,19.2,14.9,16.9,21.9,12.8,16.8,0.0,57,1021.7,61,9.4,7.7,,
2003-01-15,17.7,15.4,16.3,19.1,14.0,15.9,0.0,64,1024.0,36,9.1,14.4,,
2003-01-16,17.8,14.7,16.0,20.1,13.6,15.5,0.0,73,1023.6,70,4.6,9.6,,
2003-01-17,20.4,15.0,17.5,23.4,13.3,17.5,0.0,68,1022.7,10,9.8,8.1,,
2003-01-18,20.3,17.5,18.6,22.6,16.1,18.5,0.0,66,1022.6,35,9.6,10.6,,
2003-01-19,22.6,16.3,19.1,24.1,14.6,18.5,0.0,71,1019.7,24,8.7,3.3,,
2003-01-20,19.6,16.8,18.1,21.4,15.5,17.6,0.0,73,1018.7,42,7.0,9.6,,
2003-01-21,17.8,15.7,16.9,19.1,14.3,16.1,0.0,74,1017.2,51,4.6,14.3,,
2003-01-22,21.0,15.7,18.1,21.1,14.6,17.5,0.0,72,1014.0,27,8.5,5.0,,
2003-01-23,19.9,16.9,18.1,21.3,16.4,17.8,0.0,69,1015.4,52,5.4,7.3,,
2003-01-24,17.5,15.6,16.3,16.4,14.9,15.5,0.0,79,1016.3,88,0.0,18.5,,
2003-01-25,18.9,16.6,17.7,19.8,15.8,17.3,0.0,87,1015.0,90,0.1,16.4,,
2003-01-26,22.8,18.1,20.1,24.3,17.3,19.9,0.0,88,1014.0,87,3.6,5.2,,
2003-01-27,20.6,11.8,15.2,19.9,10.4,14.7,4.3,69,1020.5,45,7.7,12.1,,
2003-01-28,16.2,11.3,13.6,18.7,10.1,13.3,0.0,56,1024.4,29,9.5,6.9,,
2003-01-29,17.0,13.1,15.1,19.1,11.6,14.8,0.0,68,1024.0,28,9.4,10.6,,
2003-01-30,17.0,15.0,16.0,17.8,14.1,15.6,0.0,74,1022.7,90,0.5,16.1,,
2003-01-31,19.9,16.6,18.1,23.1,16.0,18.3,0.0,82,1020.2,76,5.2,11.1,,
2003-02-01,22.2,17.7,19.5,24.8,16.6,19.3,0.0,82,1020.0,78,2.4,3.8,,
2003-02-02,17.8,14.9,15.9,16.8,13.8,15.0,0.0,76,1023.4,89,0.0,9.0,,
2003-02-03,15.9,14.7,15.2,16.3,13.7,14.4,0.0,80,1023.9,88,0.0,8.0,,
2003-02-04,17.7,13.0,14.8,17.8,12.1,14.3,0.0,65,1024.3,53,8.5,11.0,,
2003-02-05,16.7,12.4,14.5,18.9,11.5,14.0,0.0,60,1025.9,23,7.1,8.6,,
2003-02-06,16.6,13.1,14.9,18.5,11.5,14.5,0.0,73,1024.4,58,7.4,9.5,,
2003-02-07,16.9,15.1,16.1,17.0,14.2,15.6,0.0,76,1018.1,88,0.0,8.2,,
2003-02-08,20.3,16.0,17.8,20.9,15.3,17.5,14.4,88,1014.5,85,1.9,3.9,,
2003-02-09,20.0,17.2,18.4,22.8,16.4,18.4,0.0,92,1015.6,76,4.7,10.0,,
2003-02-10,22.1,18.2,19.8,24.3,17.2,19.9,0.0,87,1016.6,44,8.8,5.1,,
2003-02-11,23.9,18.0,19.9,25.1,17.1,19.6,0.0,85,1017.5,50,7.1,5.3,,
2003-02-12,18.3,14.8,16.6,18.4,13.5,15.6,0.0,83,1021.0,97,0.1,10.1,,
2003-02-13,17.1,14.2,15.6,16.8,13.1,15.0,0.0,80,1021.5,88,0.0,10.1,,
2003-02-14,18.4,16.1,17.2,18.6,15.4,16.8,0.0,84,1019.3,91,0.0,13.3,,
2003-02-15,20.7,17.8,19.1,23.4,17.2,19.2,0.0,90,1016.3,89,2.8,7.8,,
2003-02-16,24.6,19.7,21.4,25.1,19.1,21.2,0.0,89,1015.2,80,6.2,2.7,,
2003-02-17,21.1,17.4,18.4,20.4,16.6,17.8,0.0,88,1018.5,90,0.1,12.7,,
2003-02-18,21.5,17.6,19.4,23.6,16.7,19.4,0.0,82,1017.7,63,6.2,9.3,,
2003-02-19,22.6,18.7,20.4,24.2,18.0,20.1,0.0,85,1016.9,70,2.6,4.2,,
2003-02-20,19.8,16.7,17.7,19.7,15.6,17.2,0.0,78,1019.1,76,5.7,18.9,,
2003-02-21,19.3,16.8,18.1,19.8,16.1,17.6,0.0,83,1019.0,86,0.5,13.6,,
2003-02-22,24.8,18.6,21.1,26.8,18.0,21.1,0.0,84,1016.1,50,7.1,4.0,,
2003-02-23,24.1,19.4,21.5,24.8,18.4,21.0,0.0,82,1014.0,55,3.8,2.9,,
2003-02-24,24.6,19.0,21.0,26.8,17.9,20.5,0.0,86,1014.6,60,6.5,8.3,,
2003-02-25,20.2,17.8,19.0,21.5,17.0,18.6,0.0,84,1017.0,88,0.4,14.4,,
2003-02-26,23.7,18.8,20.9,26.3,18.0,20.9,0.0,80,1016.7,81,3.9,8.3,,
2003-02-27,25.7,20.3,22.5,28.0,18.7,22.6,0.0,79,1016.4,48,10.4,8.0,,
2003-02-28,21.8,19.0,20.4,23.5,18.0,20.1,0.7,86,1015.4,88,1.3,11.6,,
2003-03-01,24.9,20.5,22.3,27.2,19.6,22.1,0.0,86,1012.6,56,6.6,3.7,,
2003-03-02,22.8,20.4,21.5,24.5,19.6,21.2,0.0,89,1011.9,82,3.5,10.7,,
2003-03-03,23.6,20.4,21.9,24.9,19.3,21.6,0.3,89,1009.6,83,2.9,10.6,,
2003-03-04,23.1,17.7,20.0,22.3,16.8,19.0,5.5,91,1009.4,89,0.1,21.1,,
2003-03-05,19.2,17.2,18.1,18.7,16.5,17.5,10.7,94,1009.6,99,0.0,18.1,,
2003-03-06,19.6,12.7,16.8,19.1,11.8,16.4,7.7,89,1012.6,93,0.0,6.9,,
2003-03-07,16.0,11.5,13.9,16.0,10.5,13.2,0.0,67,1018.3,81,1.6,7.0,,
2003-03-08,16.8,12.4,14.7,18.4,11.3,14.4,0.0,63,1021.9,82,5.0,8.8,,
2003-03-09,15.8,13.9,15.1,16.4,12.5,14.4,0.7,70,1023.1,90,0.7,9.4,,
2003-03-10,17.5,12.9,15.2,19.2,12.0,14.9,1.5,80,1023.3,84,2.6,10.2,,
2003-03-11,18.0,14.6,16.4,20.0,13.6,16.3,0.0,66,1023.0,38,10.2,18.5,,
2003-03-12,19.9,16.3,17.8,21.9,15.3,17.5,0.0,80,1023.1,59,3.7,12.4,,
2003-03-13,21.4,17.5,19.1,23.4,16.1,19.0,0.0,80,1023.2,44,8.0,9.7,,
2003-03-14,19.6,16.8,18.2,20.7,16.0,17.8,0.0,81,1020.9,85,0.7,12.4,,
2003-03-15,21.7,18.5,20.2,22.9,17.7,20.0,0.0,83,1015.4,88,0.2,9.3,,
2003-03-16,24.4,20.6,22.1,26.8,19.8,22.2,0.0,88,1015.3,56,8.4,7.3,,
2003-03-17,26.6,21.1,23.2,27.7,20.3,23.0,0.0,86,1016.0,48,8.3,4.7,,
2003-03-18,23.0,17.9,20.3,22.5,16.9,19.5,0.0,89,1018.1,77,0.2,10.4,,
2003-03-19,18.1,16.1,16.9,17.0,15.1,15.8,0.0,84,1019.1,88,0.0,8.8,,
2003-03-20,16.4,14.5,15.5,15.4,13.7,14.6,8.7,88,1017.8,88,0.0,6.4,,
2003-03-21,18.7,14.7,16.8,19.5,13.7,16.4,0.1,84,1019.8,86,0.0,3.2,,
2003-03-22,18.8,16.2,17.7,19.7,15.3,17.4,0.4,73,1021.1,88,1.3,11.3,,
2003-03-23,18.8,17.2,17.9,18.9,16.3,17.5,0.7,78,1020.3,90,0.0,6.1,,
2003-03-24,21.4,16.8,18.9,23.0,16.0,18.5,2.3,89,1018.8,90,0.7,2.8,,
2003-03-25,22.5,18.4,20.2,24.4,17.0,20.0,0.0,83,1019.1,75,7.5,8.7,,
2003-03-26,23.3,18.7,21.0,26.1,17.5,21.2,0.0,74,1017.8,78,6.7,8.6,,
2003-03-27,26.6,21.2,23.3,27.0,20.4,23.1,0.0,84,1014.8,67,5.1,5.0,,
2003-03-28,22.6,19.2,20.6,22.5,18.2,20.2,0.0,86,1013.5,68,0.0,9.4,,
2003-03-29,21.7,18.7,19.9,23.0,17.9,19.7,0.0,85,1013.3,88,0.7,12.9,,
2003-03-30,22.2,20.1,20.9,23.4,19.4,20.7,0.0,88,1013.3,88,0.5,9.8,,
2003-03-31,26.7,21.3,24.0,27.6,20.5,23.8,0.0,85,1010.9,88,3.6,5.3,,
2003-04-01,27.9,24.2,25.5,28.1,23.8,25.3,0.0,84,1007.8,88,1.5,10.0,,
2003-04-02,26.8,24.9,25.8,26.3,24.1,25.2,0.8,87,1006.6,88,0.0,5.8,,
2003-04-03,27.4,24.7,26.2,27.6,24.4,25.9,0.3,88,1007.1,88,1.4,5.0,,
2003-04-04,26.3,20.9,23.7,25.7,19.9,23.2,1.3,86,1009.3,91,0.3,6.3,,
2003-04-05,21.2,19.0,20.2,21.9,18.1,19.5,0.0,73,1015.1,88,0.1,9.4,,
2003-04-06,20.2,18.7,19.4,20.1,17.6,18.6,0.5,78,1014.8,89,0.1,18.2,,
2003-04-07,24.0,18.8,21.1,23.0,17.9,20.7,11.8,94,1011.7,92,0.0,8.9,,
2003-04-08,24.2,18.7,21.6,26.1,18.1,21.4,65.4,94,1012.4,89,0.1,9.4,,
2003-04-09,20.1,18.2,19.1,21.3,17.6,18.7,1.2,87,1015.0,95,1.4,21.0,,
2003-04-10,20.0,17.8,18.8,19.5,17.1,18.2,2.6,94,1015.2,96,0.0,16.9,,
2003-04-11,24.4,19.8,21.8,24.5,19.4,21.7,0.0,94,1012.9,91,0.0,7.7,,
2003-04-12,27.6,23.5,25.8,27.9,23.2,25.6,0.0,86,1010.8,86,3.9,7.5,,
2003-04-13,28.6,25.0,26.6,27.6,24.9,26.2,0.0,81,1008.7,86,3.3,7.4,,
2003-04-14,27.2,21.6,23.3,26.1,21.2,23.1,0.5,77,1012.0,89,1.7,8.1,,
2003-04-15,22.2,20.8,21.4,21.7,19.9,20.7,0.0,80,1015.6,88,0.0,11.6,,
2003-04-16,22.9,20.4,21.6,23.8,19.4,21.3,0.0,80,1016.9,88,2.1,14.9,,
2003-04-17,26.2,21.5,23.5,27.5,20.7,23.5,0.0,87,1014.6,84,6.5,10.9,,
2003-04-18,27.5,23.3,24.9,29.1,23.0,25.0,0.0,89,1012.2,79,7.8,9.2,,
2003-04-19,27.8,24.0,25.4,28.7,23.3,25.4,0.0,86,1009.5,65,10.4,10.9,,
2003-04-20,27.5,24.0,25.4,29.2,23.2,25.2,0.0,84,1011.7,56,9.5,9.6,,
2003-04-21,27.5,23.8,25.0,28.6,23.0,24.8,0.0,85,1014.1,78,7.0,11.4,,
2003-04-22,28.2,22.6,24.5,28.4,21.8,24.2,0.0,77,1014.7,59,6.4,9.6,,
2003-04-23,29.5,23.6,25.8,29.0,22.7,25.4,0.0,77,1011.7,52,7.9,6.0,,
2003-04-24,29.8,24.3,26.5,29.6,23.5,26.2,0.0,77,1009.5,48,10.7,7.1,,
2003-04-25,29.2,25.3,27.0,29.9,24.7,26.9,0.0,75,1010.0,42,9.7,8.9,,
2003-04-26,28.8,25.1,26.3,30.3,24.2,26.1,0.0,79,1012.0,74,5.5,9.3,,
2003-04-27,26.7,23.9,25.0,27.7,23.1,24.7,0.0,82,1013.6,80,6.2,13.6,,
2003-04-28,27.4,23.9,25.3,28.4,23.3,25.0,0.0,80,1014.0,66,8.2,13.3,,
2003-04-29,28.8,24.4,26.1,30.2,23.6,26.0,0.0,83,1013.4,73,7.3,8.8,,
2003-04-30,27.8,23.9,25.5,28.4,22.1,25.1,0.1,71,1014.0,80,3.9,9.4,,
2003-05-01,24.9,21.3,23.5,26.3,20.5,23.0,1.4,75,1013.3,65,3.7,13.0,,
2003-05-02,25.2,23.1,24.1,26.3,22.1,23.9,0.0,82,1010.8,85,1.2,12.3,,
2003-05-03,25.9,23.9,24.6,26.2,23.3,24.2,19.8,92,1008.7,92,0.0,10.4,,
2003-05-04,28.8,23.5,25.5,28.4,23.0,25.0,33.4,89,1006.7,88,1.4,8.1,,
2003-05-05,27.2,23.3,24.9,26.4,22.9,24.6,141.1,93,1005.6,92,0.0,7.4,,
2003-05-06,29.1,26.5,28.1,29.5,26.3,27.8,0.0,84,1005.2,88,4.0,11.5,,
2003-05-07,29.6,27.6,28.5,29.3,27.2,28.1,0.4,83,1007.1,86,0.6,10.0,,
2003-05-08,30.9,27.4,28.7,31.4,27.0,28.6,0.0,80,1010.7,75,8.9,6.6,,
2003-05-09,27.5,24.4,25.5,27.5,23.5,25.0,0.0,83,1014.7,87,3.8,14.2,,
2003-05-10,27.4,24.3,25.4,28.2,23.6,25.1,0.0,80,1014.7,64,7.5,12.1,,
2003-05-11,28.3,24.5,25.9,28.8,23.6,25.6,0.0,80,1013.5,49,9.2,11.0,,
2003-05-12,28.1,25.4,26.3,29.3,24.5,26.1,0.0,86,1012.7,85,4.5,10.6,,
2003-05-13,29.9,25.8,27.2,30.9,25.1,27.2,0.0,85,1011.4,80,7.5,9.3,,
2003-05-14,32.1,26.1,28.0,31.4,25.3,27.7,2.3,80,1008.7,81,8.2,5.5,,
2003-05-15,31.5,26.2,28.6,31.6,26.0,28.3,0.0,80,1007.9,81,7.1,5.9,,
2003-05-16,31.2,27.8,29.1,30.6,27.4,28.7,0.0,77,1006.8,88,5.5,11.1,,
2003-05-17,31.3,27.7,29.2,31.2,27.3,29.0,4.1,79,1004.6,87,4.4,11.0,,
2003-05-18,28.4,25.0,26.7,28.1,24.3,26.3,16.4,88,1006.2,89,0.0,5.6,,
2003-05-19,27.2,23.8,25.4,27.7,22.7,25.1,2.3,84,1011.0,88,1.3,6.5,,
2003-05-20,29.9,25.2,26.9,30.6,24.4,26.8,0.0,80,1012.6,75,6.4,7.9,,
2003-05-21,29.6,25.6,27.2,30.3,24.8,27.1,0.0,73,1011.8,29,11.6,10.3,,
2003-05-22,29.3,26.0,27.5,30.4,25.3,27.4,0.1,83,1009.7,62,9.9,10.6,,
2003-05-23,30.3,26.4,28.0,31.4,25.6,27.9,0.0,80,1008.4,60,7.8,9.2,,
2003-05-24,30.5,27.1,28.5,31.3,26.3,28.3,0.0,81,1006.6,81,5.1,5.3,,
2003-05-25,30.7,25.3,27.5,30.7,25.1,27.1,27.7,86,1005.9,87,2.2,4.3,,
2003-05-26,29.1,26.0,27.1,29.8,25.5,26.9,0.0,79,1005.2,76,7.1,12.6,,
2003-05-27,27.7,25.7,26.4,28.3,24.9,26.0,0.0,76,1003.1,86,4.3,14.3,,
2003-05-28,26.3,25.3,25.8,26.2,24.5,25.2,0.0,81,1003.0,89,0.0,7.9,,
2003-05-29,27.6,25.4,26.4,27.7,24.7,26.0,0.0,82,1004.1,91,0.0,3.4,,
2003-05-30,30.9,26.2,28.1,32.5,25.7,28.1,0.0,77,1004.8,70,6.7,5.3,,
2003-05-31,31.3,26.5,28.1,31.9,25.5,27.9,0.0,69,1007.0,43,10.1,9.3,,
2003-06-01,30.0,25.8,27.3,30.4,24.6,26.8,0.0,66,1007.1,28,10.4,9.8,,
2003-06-02,30.7,25.4,27.5,30.6,24.1,27.0,0.0,63,1006.3,27,10.2,5.0,,
2003-06-03,30.1,25.7,27.4,30.3,24.6,27.0,0.0,68,1007.9,51,4.5,4.3,,
2003-06-04,29.4,26.2,27.6,30.5,25.2,27.3,0.0,75,1009.8,78,0.8,5.3,,
2003-06-05,29.8,26.2,27.7,30.4,25.1,27.3,0.0,78,1009.0,68,7.5,8.5,,
2003-06-06,30.3,25.9,27.8,30.6,25.3,27.3,35.8,86,1003.7,84,1.9,9.3,,
2003-06-07,29.0,24.8,27.2,28.5,24.2,26.8,29.4,88,1001.8,86,0.0,7.9,,
2003-06-08,28.5,26.2,27.0,29.6,25.5,27.0,0.0,88,1004.0,88,4.4,7.7,,
2003-06-09,27.0,24.8,25.7,26.2,24.5,25.2,128.1,94,1003.8,90,0.0,11.0,,
2003-06-10,27.9,24.2,25.9,27.1,23.8,25.6,46.7,95,1003.1,93,0.2,7.3,,
2003-06-11,28.2,24.3,25.7,27.7,23.8,25.2,134.3,91,1002.9,89,0.0,5.2,,
2003-06-12,29.2,25.5,26.5,29.5,25.1,26.2,6.4,89,1004.6,88,0.6,3.0,,
2003-06-13,27.3,23.9,26.0,27.6,23.4,25.6,22.7,92,1006.4,92,0.0,3.2,,
2003-06-14,28.4,24.0,26.5,27.9,23.6,26.2,21.2,89,1006.0,90,0.1,3.5,,
2003-06-15,27.6,25.5,26.1,28.6,24.8,25.9,14.1,92,1004.8,89,1.1,4.0,,
2003-06-16,25.8,24.6,25.2,25.6,24.4,24.9,29.1,93,1005.6,94,0.0,6.5,,
2003-06-17,30.3,24.3,27.0,30.5,24.1,26.9,0.0,68,1006.4,75,5.2,5.2,,
2003-06-18,31.8,26.0,28.7,31.8,25.3,28.5,0.0,75,1004.7,18,9.6,7.9,,
2003-06-19,33.3,27.5,29.5,33.0,26.5,29.1,0.0,75,1003.6,21,10.3,6.7,,
2003-06-20,29.2,27.6,28.2,30.4,26.6,27.9,0.6,86,1004.5,73,2.5,7.6,,
2003-06-21,28.4,25.1,26.7,28.2,24.4,26.3,34.6,90,1005.9,89,0.0,6.8,,
2003-06-22,30.1,25.6,28.0,31.1,25.4,27.5,5.4,83,1009.0,82,4.2,9.5,,
2003-06-23,31.1,27.5,28.9,31.1,26.9,28.6,0.0,79,1009.8,79,8.5,7.0,,
2003-06-24,31.9,28.1,29.4,31.7,27.4,29.1,0.0,75,1007.2,70,10.0,8.5,,
2003-06-25,30.9,27.5,29.4,31.4,26.8,29.0,1.9,77,1004.6,83,7.0,10.1,,
2003-06-26,30.9,28.0,29.6,30.2,27.0,29.0,3.3,79,1005.2,88,1.7,14.3,,
2003-06-27,30.4,28.3,29.5,29.8,27.6,28.9,1.2,78,1006.3,90,0.4,17.9,,
2003-06-28,31.2,24.8,28.8,30.4,24.0,28.3,8.6,81,1008.2,85,3.3,12.6,,
2003-06-29,31.9,28.1,29.4,31.9,27.6,29.2,0.0,75,1009.5,66,11.7,9.6,,
2003-06-30,32.7,28.0,29.6,32.6,27.0,29.2,0.1,75,1010.0,54,11.3,7.7,,
2003-07-01,32.1,26.7,29.3,31.9,26.7,28.8,7.7,76,1010.9,47,9.5,4.8,,
2003-07-02,32.7,27.8,29.8,32.0,26.9,29.3,0.0,72,1012.0,27,11.9,6.7,,
2003-07-03,33.6,27.8,30.0,32.8,27.1,29.4,0.0,68,1011.1,22,12.1,6.0,,
2003-07-04,33.3,28.0,30.0,32.4,27.1,29.4,0.0,70,1009.4,44,11.2,6.1,,
2003-07-05,33.1,28.2,30.0,32.4,27.4,29.5,0.0,70,1008.9,43,11.7,7.4,,
2003-07-06,32.4,28.3,29.9,32.6,27.6,29.6,0.0,73,1009.0,51,11.4,8.3,,
2003-07-07,33.4,28.1,30.2,32.6,27.2,29.7,0.0,72,1008.7,46,11.2,8.0,,
2003-07-08,33.1,26.9,29.9,33.1,27.2,29.5,1.5,75,1008.3,69,9.4,7.6,,
2003-07-09,33.3,28.4,30.2,33.5,27.1,29.7,0.0,73,1008.3,63,11.6,6.0,,
2003-07-10,32.8,27.6,29.6,32.5,26.7,29.0,6.9,76,1007.2,69,8.7,6.2,,
2003-07-11,32.1,27.0,28.9,31.6,26.2,28.3,5.9,82,1007.8,77,7.5,8.3,,
2003-07-12,32.9,28.1,30.0,33.1,27.3,29.5,1.6,77,1009.3,63,10.6,7.4,,
2003-07-13,33.2,28.8,30.4,32.7,27.8,29.9,0.0,72,1009.6,41,12.2,8.0,,
2003-07-14,32.9,28.2,30.3,33.2,27.4,30.1,0.0,73,1008.5,38,12.4,8.8,,
2003-07-15,33.4,28.5,30.3,33.4,27.8,30.0,0.0,75,1007.9,35,12.1,9.1,,
2003-07-16,33.0,28.2,30.0,32.5,27.6,29.6,0.0,76,1008.4,44,11.7,10.5,,
2003-07-17,32.9,27.8,29.8,32.7,26.9,29.4,0.0,73,1008.3,44,12.1,9.4,,
2003-07-18,32.7,27.8,29.7,32.7,26.8,29.2,0.0,73,1006.2,76,9.6,7.3,,
2003-07-19,33.3,27.8,30.1,33.7,26.5,29.8,0.0,74,1005.1,69,11.7,6.9,,
2003-07-20,30.7,27.5,29.2,31.9,26.8,29.1,9.9,86,1005.0,86,6.1,11.2,,
2003-07-21,30.1,26.3,28.2,31.2,25.4,28.2,27.3,87,1005.3,79,7.3,13.0,,
2003-07-22,32.7,26.9,29.8,33.3,26.6,30.0,0.0,79,1005.7,48,11.4,9.8,,
2003-07-23,32.9,26.3,29.4,34.0,25.0,29.3,31.2,77,1001.1,81,6.0,20.3,,
2003-07-24,29.1,26.4,28.0,28.8,25.8,27.6,5.4,83,1003.1,95,0.0,22.6,,
2003-07-25,31.3,27.0,28.6,30.9,26.2,27.9,4.4,84,1009.4,83,4.4,10.4,,
2003-07-26,30.8,27.5,28.9,31.4,26.3,28.2,0.0,81,1011.3,70,8.1,6.1,,
2003-07-27,31.6,26.7,28.7,31.6,25.9,28.4,0.0,79,1010.3,57,10.5,7.3,,
2003-07-28,32.7,27.2,29.2,32.2,26.6,28.8,0.0,73,1009.5,54,10.4,6.0,,
2003-07-29,31.9,27.4,29.3,32.7,26.4,28.6,0.0,75,1008.3,48,8.0,4.6,,
2003-07-30,31.4,27.7,29.3,31.6,26.8,29.0,0.0,77,1006.2,63,7.1,3.8,,
2003-07-31,32.7,27.8,29.7,32.5,27.4,29.2,0.0,75,1005.3,61,5.7,6.4,,
2003-08-01,32.6,27.8,29.7,32.4,26.9,29.1,0.1,76,1004.6,56,6.4,5.2,,
2003-08-02,32.8,28.4,30.1,31.5,27.6,29.4,0.0,75,1004.4,48,6.9,4.7,,
2003-08-03,33.7,28.3,30.4,32.8,27.1,29.6,0.0,73,1004.3,48,8.2,4.5,,
2003-08-04,32.6,25.4,29.4,32.8,24.4,29.1,38.5,79,1002.9,74,7.2,7.7,,
2003-08-05,30.7,25.0,28.0,30.6,24.7,27.8,6.2,81,1000.9,88,1.0,4.9,,
2003-08-06,29.0,26.6,27.9,30.0,26.2,27.5,1.9,82,1001.0,89,0.5,3.9,,
2003-08-07,32.7,27.6,29.5,32.6,26.7,29.3,1.6,78,1003.6,74,9.2,5.0,,
2003-08-08,32.1,27.5,29.8,31.9,27.3,29.5,0.6,78,1003.4,71,9.2,6.7,,
2003-08-09,33.0,27.7,30.0,32.9,27.0,29.7,11.8,77,1002.2,64,10.2,6.4,,
2003-08-10,33.0,28.5,30.5,33.1,28.1,30.3,1.2,77,1002.5,59,11.2,6.9,,
2003-08-11,31.7,27.9,29.8,32.6,27.9,29.5,5.6,82,1003.8,72,6.2,5.8,,
2003-08-12,29.3,26.4,28.0,30.8,25.2,27.7,20.3,88,1005.1,85,3.6,8.4,,
2003-08-13,31.3,27.4,29.3,31.7,26.8,29.0,5.6,81,1006.9,83,5.4,8.1,,
2003-08-14,31.7,26.6,28.8,32.2,26.2,28.5,6.2,84,1006.2,74,3.5,5.8,,
2003-08-15,32.1,28.3,29.7,32.4,27.7,29.4,0.0,81,1004.8,82,6.0,6.4,,
2003-08-16,29.5,26.5,28.2,30.4,26.2,27.9,8.2,87,1005.5,86,0.2,3.4,,
2003-08-17,30.2,25.6,27.8,31.7,24.7,27.7,33.6,89,1006.9,83,6.1,6.6,,
2003-08-18,31.8,27.4,29.2,32.7,26.9,29.3,0.0,77,1005.6,79,6.5,4.0,,
2003-08-19,32.1,26.0,29.4,33.7,25.6,29.5,6.4,80,1002.8,81,8.4,5.5,,
2003-08-20,32.4,26.7,28.5,34.1,26.1,28.8,4.7,76,1000.9,70,8.8,8.0,,
2003-08-21,28.1,25.3,26.7,28.6,24.7,26.5,72.6,90,1003.8,92,0.0,3.2,,
2003-08-22,29.8,24.7,26.9,31.0,24.4,26.9,49.3,91,1008.4,86,3.7,5.7,,
2003-08-23,31.3,26.5,28.9,32.7,26.5,29.3,2.0,80,1006.9,66,9.2,10.3,,
2003-08-24,29.3,24.8,26.9,30.2,23.9,26.7,77.5,87,1003.7,92,2.8,22.3,,
2003-08-25,28.3,25.6,27.0,28.0,24.9,26.8,60.9,89,1006.4,95,0.0,18.7,,
2003-08-26,30.5,27.4,28.5,31.7,26.9,28.2,0.0,81,1010.0,83,6.8,11.9,,
2003-08-27,31.1,27.0,28.7,32.6,26.0,28.5,0.0,80,1010.1,65,8.8,6.0,,
2003-08-28,31.3,27.0,28.7,30.7,26.4,28.1,0.0,77,1009.6,46,7.7,5.0,,
2003-08-29,31.2,27.2,29.0,32.0,26.2,28.5,0.0,74,1010.4,36,11.3,5.3,,
2003-08-30,31.4,27.4,29.2,31.8,26.1,28.8,0.0,76,1009.2,28,11.4,5.8,,
2003-08-31,32.1,27.8,29.6,32.5,27.1,29.3,0.2,75,1007.4,55,10.5,6.4,,
2003-09-01,31.8,27.5,29.5,32.6,26.0,29.3,0.2,76,1005.0,84,7.0,4.5,,
2003-09-02,29.9,24.2,27.1,30.6,23.8,26.9,75.6,81,994.7,92,0.1,16.7,,
2003-09-03,27.6,24.0,26.1,28.8,23.2,25.9,27.0,90,1004.3,93,1.8,14.4,,
2003-09-04,26.9,25.7,26.4,27.3,25.3,26.0,0.9,89,1009.7,81,0.0,12.0,,
2003-09-05,29.1,25.9,26.9,30.2,25.3,26.7,6.5,88,1009.5,88,4.2,10.3,,
2003-09-06,27.7,25.0,26.4,27.7,24.3,26.0,10.8,90,1008.0,86,0.0,11.2,,
2003-09-07,28.0,25.0,26.2,29.4,24.5,26.1,36.5,92,1007.1,88,4.8,14.1,,
2003-09-08,29.3,25.4,27.4,31.0,24.9,27.6,8.3,88,1008.1,83,9.3,12.3,,
2003-09-09,30.4,26.9,28.3,31.7,26.2,28.2,0.0,82,1008.5,44,10.5,7.2,,
2003-09-10,31.4,26.5,28.7,31.5,25.8,28.3,0.0,81,1007.2,32,9.6,4.9,,
2003-09-11,31.1,27.4,29.0,32.4,26.8,28.9,0.0,74,1006.4,37,6.6,3.5,,
2003-09-12,31.3,27.0,28.8,32.2,25.9,28.6,0.0,70,1007.9,17,8.3,4.0,,
2003-09-13,31.1,27.7,29.0,31.8,26.6,28.6,0.0,81,1009.4,60,9.8,9.4,,
2003-09-14,28.5,24.7,26.0,27.6,23.7,25.4,89.0,93,1008.4,94,0.0,11.9,,
2003-09-15,26.6,24.6,25.6,26.9,23.9,25.1,97.0,95,1008.3,97,0.1,10.2,,
2003-09-16,29.2,25.4,27.0,29.5,24.8,26.8,23.6,91,1010.0,86,2.4,10.5,,
2003-09-17,29.7,26.4,27.9,31.3,25.5,27.9,0.3,85,1010.9,79,9.7,8.0,,
2003-09-18,31.7,26.9,29.1,32.1,26.2,28.7,0.0,75,1009.6,55,10.1,4.7,,
2003-09-19,32.1,27.4,29.3,32.6,26.7,29.1,0.0,78,1008.1,36,10.2,8.0,,
2003-09-20,32.6,28.0,29.9,33.3,27.3,29.7,0.0,78,1008.7,43,10.2,5.6,,
2003-09-21,30.6,25.9,27.8,31.5,25.3,27.6,15.2,80,1010.2,81,3.6,5.0,,
2003-09-22,26.5,23.6,25.1,26.1,22.7,24.4,2.3,83,1011.2,92,0.0,7.5,,
2003-09-23,27.5,24.9,26.0,28.7,24.1,25.5,0.0,77,1011.5,85,1.7,5.9,,
2003-09-24,28.6,25.4,26.8,29.9,24.4,26.2,0.0,77,1012.5,74,6.6,9.0,,
2003-09-25,29.2,25.4,27.3,30.4,24.3,27.1,0.0,69,1012.9,43,10.7,12.5,,
2003-09-26,29.9,26.1,27.8,30.9,25.4,27.6,0.0,73,1011.6,60,10.5,12.6,,
2003-09-27,29.8,26.7,27.9,30.9,25.8,27.6,0.0,76,1009.9,40,10.1,10.7,,
2003-09-28,30.3,27.0,28.2,31.5,26.0,28.0,0.0,79,1009.4,63,8.2,8.8,,
2003-09-29,29.9,26.8,28.0,30.9,25.6,27.7,0.0,75,1010.5,53,9.3,9.1,,
2003-09-30,29.2,25.9,27.6,29.9,24.8,27.1,0.8,78,1011.5,67,8.3,12.0,,
2003-10-01,29.3,26.5,27.5,30.7,25.4,27.2,0.0,77,1012.5,40,9.3,9.9,,
2003-10-02,29.8,26.3,27.8,31.2,25.0,27.5,0.0,75,1013.6,37,9.2,7.8,,
2003-10-03,29.6,26.7,27.9,31.0,25.5,27.5,0.0,73,1015.4,58,8.0,10.8,,
2003-10-04,28.7,25.1,27.1,29.7,23.9,26.5,0.0,70,1015.5,74,6.4,11.4,,
2003-10-05,28.6,24.7,26.8,29.4,23.8,26.4,0.0,68,1014.3,69,7.1,9.8,,
2003-10-06,28.8,24.5,26.5,29.9,23.4,26.1,0.0,64,1013.2,52,8.2,9.4,,
2003-10-07,28.0,23.5,25.9,29.2,22.2,25.5,0.0,67,1012.4,47,7.4,5.9,,
2003-10-08,28.6,25.2,26.7,29.7,23.8,26.2,0.0,74,1011.9,67,6.1,7.5,,
2003-10-09,28.4,26.2,27.3,29.4,25.5,27.0,0.0,77,1011.4,75,4.7,14.4,,
2003-10-10,27.2,25.6,26.8,27.1,24.9,26.1,15.9,84,1010.5,89,0.2,15.3,,
2003-10-11,29.1,25.3,26.7,29.5,24.6,26.0,32.7,89,1009.2,85,1.3,8.8,,
2003-10-12,29.6,26.2,27.6,31.4,25.4,27.2,0.0,82,1010.0,63,6.5,4.0,,
2003-10-13,29.7,24.3,27.2,30.6,23.0,26.8,0.0,79,1012.3,75,5.2,6.5,,
2003-10-14,24.3,20.7,22.1,23.0,19.7,21.3,0.0,68,1016.2,89,0.0,11.0,,
2003-10-15,23.3,19.9,21.7,23.5,19.0,21.2,0.0,69,1018.0,87,0.1,9.6,,
2003-10-16,26.3,22.0,23.7,27.9,21.4,23.6,0.0,64,1017.0,53,5.5,7.0,,
2003-10-17,25.8,22.0,24.1,27.4,21.2,23.8,0.0,68,1016.0,24,10.1,7.1,,
2003-10-18,25.9,22.6,24.3,27.5,21.5,24.0,0.0,67,1016.3,20,10.3,8.0,,
2003-10-19,25.6,22.5,24.3,27.3,21.6,23.9,0.0,64,1016.4,31,10.0,11.3,,
2003-10-20,26.2,22.4,24.1,27.5,21.3,23.7,0.0,64,1015.0,16,9.9,5.8,,
2003-10-21,27.0,22.7,24.6,28.4,21.2,24.0,0.0,68,1014.5,11,9.7,4.8,,
2003-10-22,26.8,23.1,24.7,28.3,21.7,24.3,0.0,72,1015.6,14,9.5,5.0,,
2003-10-23,26.1,23.0,24.4,27.5,21.6,23.9,0.0,71,1017.1,10,9.6,7.1,,
2003-10-24,25.7,22.8,23.9,26.9,21.5,23.2,0.0,74,1015.8,36,6.1,6.5,,
2003-10-25,26.4,22.0,24.0,28.5,20.2,23.5,0.0,64,1015.8,2,10.1,5.9,,
2003-10-26,26.0,22.0,23.9,27.9,20.6,23.6,0.0,66,1016.9,3,10.3,8.0,,
2003-10-27,26.2,22.7,24.4,27.6,21.4,23.8,0.0,74,1018.5,63,6.7,8.0,,
2003-10-28,27.4,23.2,25.0,29.3,21.7,24.8,0.0,68,1019.1,20,9.7,5.3,,
2003-10-29,26.2,23.3,24.7,27.6,21.9,24.2,0.0,65,1018.7,14,9.9,12.8,,
2003-10-30,25.2,22.4,23.7,26.6,20.8,23.1,0.0,66,1016.1,5,9.7,10.1,,
2003-10-31,25.5,22.4,23.7,27.1,21.1,23.1,0.0,75,1014.6,27,6.9,6.6,,
2003-11-01,26.9,22.6,24.3,28.3,21.0,23.6,0.0,78,1014.1,13,8.9,4.3,,
2003-11-02,28.6,23.1,25.6,30.0,21.5,25.2,0.0,75,1013.7,5,6.8,2.6,,
2003-11-03,29.6,24.4,26.7,31.6,22.9,26.6,0.0,56,1013.9,5,10.0,7.3,,
2003-11-04,26.8,23.5,24.9,28.4,22.3,24.3,0.0,71,1015.5,19,9.3,12.3,,
2003-11-05,26.4,23.5,24.6,28.3,21.9,23.9,0.0,79,1014.9,44,6.2,6.3,,
2003-11-06,26.1,22.9,24.4,28.2,21.2,23.9,0.0,80,1014.2,38,9.5,7.5,,
2003-11-07,27.1,24.5,25.2,28.7,23.4,24.8,0.0,82,1013.2,77,5.5,10.8,,
2003-11-08,25.2,23.0,24.5,24.9,22.5,24.0,32.7,92,1012.6,89,0.0,8.1,,
2003-11-09,24.1,23.2,23.7,24.2,22.1,23.3,9.1,90,1013.7,96,0.0,9.4,,
2003-11-10,23.4,18.1,20.8,22.7,16.7,19.9,0.0,79,1017.2,91,0.1,8.0,,
2003-11-11,21.4,17.0,18.9,22.7,15.8,18.3,0.0,68,1021.1,75,5.6,9.9,,
2003-11-12,19.8,15.5,17.7,20.9,14.2,17.0,0.0,64,1022.3,47,7.2,10.6,,
2003-11-13,21.9,17.0,19.9,23.9,15.7,19.8,0.0,71,1020.8,63,8.8,8.6,,
2003-11-14,23.7,20.9,22.0,26.1,20.1,21.9,0.0,75,1018.9,45,8.1,8.8,,
2003-11-15,26.1,20.8,23.3,27.9,19.6,23.3,0.0,73,1015.8,32,9.4,5.0,,
2003-11-16,24.9,22.8,23.6,26.4,21.8,23.5,0.0,73,1014.8,85,0.4,8.0,,
2003-11-17,23.3,21.4,22.4,22.6,20.7,21.8,0.0,77,1015.8,88,0.1,14.3,,
2003-11-18,23.3,20.7,22.4,23.2,19.9,22.0,2.6,85,1014.8,92,0.2,15.3,,
2003-11-19,23.9,22.3,23.1,26.0,21.7,22.8,5.6,92,1013.2,95,1.4,10.0,,
2003-11-20,25.3,23.5,24.2,26.6,22.8,24.0,0.1,92,1012.3,79,1.8,7.1,,
2003-11-21,25.4,20.3,23.0,26.8,18.9,22.7,0.0,74,1016.1,41,8.6,8.2,,
2003-11-22,21.0,17.8,19.7,21.3,16.6,19.0,0.0,71,1021.5,90,2.1,8.4,,
2003-11-23,21.9,19.1,20.6,24.7,18.1,20.4,0.0,72,1022.4,53,8.8,8.0,,
2003-11-24,23.6,20.1,21.8,26.4,18.5,21.6,0.0,76,1020.7,35,9.4,7.0,,
2003-11-25,24.6,20.5,22.2,27.6,19.4,22.2,0.0,74,1019.9,19,9.7,7.3,,
2003-11-26,24.1,20.4,22.1,26.8,19.3,22.0,0.0,72,1019.4,26,9.1,7.6,,
2003-11-27,22.9,19.4,21.0,23.9,17.8,20.5,0.0,66,1018.0,9,9.1,7.3,,
2003-11-28,22.3,17.3,19.5,23.6,15.8,19.1,0.0,64,1019.1,13,8.4,7.6,,
2003-11-29,19.6,15.3,17.3,20.5,13.9,16.6,0.0,60,1019.6,1,9.4,10.2,,
2003-11-30,18.4,13.9,16.4,20.4,11.9,15.8,0.0,67,1018.9,4,9.2,6.2,,
2003-12-01,20.1,16.5,18.1,22.1,14.7,17.5,0.0,72,1019.7,10,8.0,4.3,,
2003-12-02,20.4,16.7,18.3,22.2,15.1,17.8,0.0,68,1019.9,2,9.1,5.4,,
2003-12-03,20.3,17.2,18.8,23.0,16.1,18.5,0.0,69,1019.1,9,9.3,7.8,,
2003-12-04,20.9,18.4,19.6,22.8,16.9,19.2,0.0,76,1018.5,28,8.3,10.4,,
2003-12-05,22.5,18.7,20.6,24.8,17.6,20.5,0.0,77,1018.8,52,9.2,9.1,,
2003-12-06,25.3,20.5,22.3,28.9,19.1,22.6,0.0,72,1018.6,38,8.9,4.4,,
2003-12-07,21.3,18.5,19.9,22.1,16.9,19.2,0.0,71,1022.1,61,6.1,9.0,,
2003-12-08,20.0,17.7,19.1,21.5,16.5,18.5,0.0,73,1022.9,84,4.5,9.5,,
2003-12-09,21.2,18.0,19.4,21.5,16.6,18.8,0.0,71,1022.6,64,2.5,9.6,,
2003-12-10,20.3,16.8,18.4,23.1,16.0,18.0,0.0,69,1022.2,59,7.7,8.3,,
2003-12-11,19.9,15.8,17.8,21.1,14.6,17.2,0.0,65,1020.6,55,6.8,7.0,,
2003-12-12,18.1,14.2,16.1,19.6,12.8,15.4,0.0,56,1022.4,38,8.1,7.2,,
2003-12-13,17.5,13.1,15.6,19.8,11.4,15.0,0.0,55,1023.2,4,9.4,5.9,,
2003-12-14,18.5,13.1,15.9,20.4,11.5,15.4,0.0,56,1022.5,2,9.2,5.7,,
2003-12-15,17.5,13.7,15.9,19.3,12.1,15.3,0.0,65,1022.0,4,9.3,7.6,,
2003-12-16,18.4,14.4,16.6,21.0,13.1,16.1,0.0,65,1021.0,23,9.4,6.0,,
2003-12-17,19.9,15.5,17.3,22.8,13.8,17.1,0.0,70,1019.3,19,8.7,5.0,,
2003-12-18,20.3,16.2,18.0,22.2,14.6,17.9,0.0,64,1021.4,30,7.4,7.3,,
2003-12-19,16.4,12.1,14.0,15.9,11.6,13.4,0.0,39,1026.6,4,8.6,14.2,,
2003-12-20,14.4,10.3,12.5,14.7,11.6,13.0,0.0,45,1027.9,58,1.3,7.7,,
2003-12-21,16.5,11.8,14.6,18.8,10.1,14.0,0.0,59,1026.4,15,9.0,6.7,,
2003-12-22,18.5,14.3,16.3,21.0,12.9,16.0,0.0,71,1023.1,13,8.7,4.2,,
2003-12-23,18.9,15.5,17.2,21.2,13.8,16.8,0.0,78,1020.3,7,9.2,4.1,,
2003-12-24,21.1,16.2,18.2,24.1,14.6,18.2,0.0,72,1018.3,4,9.6,5.8,,
2003-12-25,22.3,17.4,19.4,25.4,15.6,19.3,0.0,71,1017.9,2,9.6,2.3,,
2003-12-26,20.4,16.1,18.7,21.3,14.9,18.4,0.0,49,1020.7,11,7.9,9.7,,
2003-12-27,16.6,13.0,15.0,17.8,11.7,14.2,0.0,50,1025.9,6,8.6,11.7,,
2003-12-28,18.3,13.0,15.8,20.9,11.0,15.3,0.0,67,1026.0,17,8.1,7.4,,
2003-12-29,20.5,15.6,17.9,23.2,14.1,17.5,0.0,73,1024.3,12,9.1,7.7,,
2003-12-30,20.6,16.9,18.7,23.1,15.8,18.9,0.0,72,1021.9,4,9.5,6.9,,
2003-12-31,23.2,17.4,19.9,25.5,15.6,19.4,0.0,69,1019.7,4,8.0,2.8,,
2004-01-01,19.6,17.4,18.5,21.1,15.8,17.9,0.0,75,1019.6,37,8.6,11.6,,
2004-01-02,23.4,17.8,19.8,25.5,16.4,19.3,0.0,69,1019.2,39,5.5,3.6,,
2004-01-03,19.6,17.1,18.3,21.3,15.9,17.7,0.0,74,1020.3,42,7.3,12.8,,
2004-01-04,20.5,17.8,19.0,22.3,16.7,18.7,0.0,73,1020.8,76,6.8,10.4,,
2004-01-05,21.8,18.3,19.8,24.2,16.9,19.5,0.0,77,1020.4,49,6.3,7.6,,
2004-01-06,20.9,18.6,19.6,22.6,17.0,18.9,0.0,83,1019.9,56,2.3,5.8,,
2004-01-07,20.2,18.1,18.9,21.0,16.9,18.3,0.0,79,1021.6,45,6.7,13.3,,
2004-01-08,19.7,17.5,18.5,20.6,16.4,17.9,0.0,77,1023.4,56,5.3,13.9,,
2004-01-09,20.0,17.2,18.5,21.6,16.1,18.1,0.0,76,1023.0,50,8.6,11.2,,
2004-01-10,19.5,18.2,18.9,19.8,17.5,18.3,0.0,80,1020.6,92,0.0,10.9,,
2004-01-11,20.9,17.0,18.7,21.7,15.8,18.2,1.8,78,1020.6,86,3.7,8.4,,
2004-01-12,18.5,14.2,16.4,19.2,12.8,15.8,0.0,65,1022.1,83,3.7,7.2,,
2004-01-13,16.5,11.3,14.2,17.6,9.6,13.3,0.0,64,1022.3,56,7.4,8.4,,
2004-01-14,16.9,14.5,15.9,18.2,13.1,15.2,0.0,71,1020.8,47,9.0,13.3,,
2004-01-15,19.6,16.1,17.8,21.2,14.8,17.5,0.0,79,1018.3,67,7.1,11.6,,
2004-01-16,22.3,16.1,19.0,22.7,14.7,18.5,0.3,82,1017.1,72,3.3,5.3,,
2004-01-17,17.0,13.7,15.6,17.5,11.9,14.8,0.0,72,1019.3,56,2.1,8.6,,
2004-01-18,16.8,13.6,15.8,15.9,12.5,14.8,15.0,84,1017.5,86,0.0,9.7,,
2004-01-19,13.7,10.5,11.9,12.5,9.6,10.9,30.7,92,1019.2,90,0.0,5.5,,
2004-01-20,11.9,8.8,10.6,11.0,7.7,9.5,2.5,87,1019.9,91,0.0,8.7,,
2004-01-21,12.9,8.0,10.3,14.0,6.7,9.9,0.0,59,1022.7,40,9.4,10.4,,
2004-01-22,13.7,9.1,11.7,14.2,7.4,11.3,0.0,64,1022.4,39,6.8,9.5,,
2004-01-23,13.8,9.0,11.8,13.2,7.7,10.9,0.7,73,1022.3,93,0.0,9.2,,
2004-01-24,12.7,9.0,10.6,13.5,7.9,10.2,0.0,43,1025.6,53,9.4,13.3,,
2004-01-25,13.1,8.5,11.1,14.7,6.9,10.8,0.0,52,1024.2,46,9.8,8.6,,
2004-01-26,14.5,12.0,13.3,14.7,10.9,12.8,0.0,62,1021.3,84,0.0,7.7,,
2004-01-27,14.7,12.7,13.4,14.8,11.6,12.8,0.0,65,1020.4,88,0.1,5.0,,
2004-01-28,14.7,12.3,13.2,13.9,11.3,12.5,0.0,70,1018.2,92,0.2,8.5,,
2004-01-29,16.6,14.2,15.4,18.5,13.4,15.4,0.0,82,1015.0,89,3.1,9.0,,
2004-01-30,19.7,15.3,17.4,22.0,15.2,17.4,0.0,83,1016.2,81,1.9,4.3,,
2004-01-31,17.6,15.5,16.6,19.4,14.8,16.3,0.0,85,1016.8,92,2.4,14.7,,
2004-02-01,19.4,16.2,18.1,21.1,15.2,17.9,0.0,85,1013.7,82,0.7,6.3,,
2004-02-02,21.8,18.0,19.7,23.9,16.9,19.5,0.0,87,1012.4,83,3.1,7.8,,
2004-02-03,18.0,11.0,13.7,16.9,9.6,12.4,1.7,86,1016.2,91,0.0,8.3,,
2004-02-04,11.2,8.6,9.6,9.8,7.4,8.4,15.0,90,1018.7,91,0.0,7.6,,
2004-02-05,11.7,7.8,9.5,11.2,6.8,8.8,14.9,90,1022.4,99,0.0,7.7,,
2004-02-06,12.8,11.4,12.1,12.5,10.7,11.7,0.0,74,1024.5,94,0.0,8.5,,
2004-02-07,12.7,8.9,10.3,12.3,7.7,9.5,11.5,87,1025.4,96,0.0,9.3,,
2004-02-08,10.3,8.3,9.2,10.1,7.3,8.5,8.7,92,1024.0,94,0.0,4.1,,
2004-02-09,14.5,7.7,11.3,17.1,6.2,11.2,0.0,78,1024.7,24,10.3,5.5,,
2004-02-10,16.3,11.9,13.9,18.4,10.9,13.9,0.0,73,1025.0,36,10.2,8.8,,
2004-02-11,17.8,13.2,15.8,19.8,12.3,15.9,0.0,70,1022.9,44,9.1,11.9,,
2004-02-12,21.2,15.4,17.8,22.9,13.6,17.7,0.0,74,1022.5,36,8.6,3.1,,
2004-02-13,21.3,15.9,18.5,22.2,15.8,18.3,0.0,62,1020.6,10,9.3,3.8,,
2004-02-14,21.6,15.8,18.7,24.3,14.2,18.5,0.0,59,1017.3,4,9.8,3.5,,
2004-02-15,20.4,16.4,18.2,22.1,15.5,18.1,0.0,66,1018.4,28,10.0,12.7,,
2004-02-16,20.2,17.2,18.4,22.6,16.6,18.4,0.0,72,1019.3,82,2.5,13.2,,
2004-02-17,23.1,17.9,20.0,25.1,17.4,20.2,0.0,75,1017.1,40,8.2,4.4,,
2004-02-18,20.5,17.9,19.0,21.8,16.7,18.5,0.0,85,1015.8,43,4.1,8.2,,
2004-02-19,22.8,17.7,19.9,24.9,16.3,19.9,0.0,84,1016.4,40,9.4,7.3,,
2004-02-20,22.5,19.3,20.4,24.1,18.4,20.3,0.0,84,1017.7,72,7.1,9.0,,
2004-02-21,22.9,19.2,20.9,25.4,18.6,20.9,0.0,82,1015.7,63,4.7,6.2,,
2004-02-22,24.8,19.4,21.8,24.5,18.5,21.3,0.0,80,1014.2,31,8.1,4.5,,
2004-02-23,21.7,17.9,19.4,21.5,16.8,18.7,0.0,72,1017.6,68,3.2,17.6,,
2004-02-24,19.7,17.1,18.4,19.7,16.0,17.9,0.0,79,1016.9,86,0.5,11.9,,
2004-02-25,23.0,19.2,20.5,24.5,18.6,20.2,0.0,77,1015.5,86,2.0,3.5,,
2004-02-26,21.9,19.1,20.1,22.6,18.0,19.6,0.0,80,1016.6,63,4.4,9.0,,
2004-02-27,21.7,18.2,19.9,23.3,17.1,19.4,0.0,75,1016.8,40,8.9,11.1,,
2004-02-28,22.8,19.3,21.0,23.5,18.5,20.7,0.0,83,1014.0,80,2.8,9.0,,
2004-02-29,24.7,20.6,22.8,25.4,19.4,22.3,0.0,83,1011.2,81,3.7,6.4,,
2004-03-01,25.5,23.1,24.2,25.2,22.2,23.6,0.0,83,1008.5,84,2.3,5.3,,
2004-03-02,23.7,15.3,17.9,22.8,13.8,16.9,1.3,89,1010.7,93,0.0,10.4,,
2004-03-03,16.0,13.7,14.7,15.9,12.7,13.8,0.2,65,1017.0,81,0.5,12.4,,
2004-03-04,17.6,13.3,15.5,18.5,12.0,15.0,0.0,58,1018.7,34,7.4,10.3,,
2004-03-05,20.5,15.5,17.8,21.7,14.4,17.3,0.0,70,1017.9,59,7.1,6.5,,
2004-03-06,22.0,17.4,19.1,23.3,16.8,18.8,0.0,60,1021.1,58,7.8,10.0,,
2004-03-07,19.5,16.5,17.8,21.0,15.3,17.4,0.0,63,1027.0,71,6.1,15.2,,
2004-03-08,19.2,15.1,16.8,20.3,13.3,16.1,0.0,71,1026.8,15,8.2,10.0,,
2004-03-09,21.0,15.7,18.1,22.4,14.0,17.5,0.0,75,1019.6,2,9.4,5.8,,
2004-03-10,23.6,17.2,20.1,24.7,15.6,19.6,0.0,79,1014.2,52,8.7,3.9,,
2004-03-11,26.2,20.5,22.5,27.0,19.8,22.2,0.0,76,1012.6,55,9.1,4.4,,
2004-03-12,26.1,21.4,23.0,26.5,20.1,22.7,0.0,80,1014.0,56,6.4,3.2,,
2004-03-13,21.9,18.7,19.4,21.1,17.6,18.4,0.0,87,1017.4,90,0.0,12.0,,
2004-03-14,21.1,18.8,19.8,21.2,17.8,19.1,0.0,82,1018.0,84,0.0,4.9,,
2004-03-15,21.2,18.8,19.7,21.4,17.8,19.0,0.0,80,1017.1,84,3.3,10.1,,
2004-03-16,21.9,18.7,20.2,22.7,17.8,19.8,0.0,84,1014.2,88,1.4,11.3,,
2004-03-17,25.2,20.2,22.3,26.6,19.4,22.2,0.5,91,1013.9,84,3.5,6.7,,
2004-03-18,23.2,19.1,20.8,23.7,18.1,20.2,0.0,87,1016.1,89,0.0,11.9,,
2004-03-19,20.5,17.7,18.9,21.0,16.8,18.2,0.0,75,1015.5,88,0.1,14.3,,
2004-03-20,22.3,18.6,19.9,23.1,17.6,19.5,0.0,75,1013.8,85,5.6,11.0,,
2004-03-21,22.3,18.5,20.1,23.4,17.5,19.6,0.0,75,1013.7,79,4.2,9.4,,
2004-03-22,21.2,18.0,19.8,21.9,16.9,19.2,0.0,74,1014.0,77,4.1,7.8,,
2004-03-23,19.8,18.1,18.8,19.6,17.0,18.0,0.0,81,1013.4,90,0.3,14.6,,
2004-03-24,19.1,18.2,18.5,18.7,17.2,17.8,0.1,84,1012.4,95,0.0,16.3,,
2004-03-25,18.2,17.4,17.8,17.4,16.6,17.0,8.3,96,1011.1,98,0.0,12.8,,
2004-03-26,18.0,15.9,16.7,18.1,14.7,16.0,3.2,91,1014.6,90,0.0,4.5,,
2004-03-27,17.7,15.7,16.9,17.2,14.6,16.1,0.1,89,1016.8,92,0.0,6.3,,
2004-03-28,18.8,16.9,18.0,19.0,16.0,17.4,0.1,91,1015.2,99,0.0,7.1,,
2004-03-29,19.2,18.0,18.4,18.7,17.3,17.9,0.4,94,1014.3,98,0.0,11.0,,
2004-03-30,21.7,18.8,19.8,22.1,18.2,19.5,89.0,94,1014.9,91,0.0,3.7,,
2004-03-31,19.4,18.3,18.9,19.3,17.8,18.4,1.1,92,1015.9,95,0.0,15.8,,
2004-04-01,21.7,18.9,20.2,21.6,18.2,19.7,21.0,93,1015.6,94,0.0,7.4,,
2004-04-02,21.1,18.8,19.9,21.8,18.2,19.7,0.0,79,1017.1,86,1.0,9.8,,
2004-04-03,22.0,16.5,19.3,22.8,15.6,19.0,2.2,81,1017.7,85,1.5,4.7,,
2004-04-04,22.6,18.9,20.1,25.2,17.5,19.7,0.0,85,1017.9,63,4.5,9.0,,
2004-04-05,20.6,17.8,19.3,21.6,17.0,18.9,0.0,81,1016.6,83,3.3,13.4,,
2004-04-06,23.1,19.4,21.1,24.5,18.7,21.1,0.0,86,1013.3,86,3.2,11.3,,
2004-04-07,25.0,21.3,22.8,25.3,20.6,22.6,0.2,90,1012.2,88,0.8,6.5,,
2004-04-08,23.1,18.0,19.0,22.5,17.2,18.5,2.0,76,1016.1,88,0.0,8.5,,
2004-04-09,20.7,18.1,19.2,21.5,17.2,18.6,0.0,78,1016.5,85,0.5,6.7,,
2004-04-10,23.4,19.2,21.0,25.3,18.4,20.9,0.0,79,1014.4,71,6.0,8.4,,
2004-04-11,27.2,21.2,23.8,27.5,20.3,23.4,0.0,82,1012.0,73,6.6,4.2,,
2004-04-12,27.0,22.5,24.6,27.2,21.6,24.2,0.0,80,1009.9,57,6.8,5.1,,
2004-04-13,28.6,23.8,25.5,28.1,23.2,25.0,0.0,84,1008.9,82,5.7,4.8,,
2004-04-14,24.8,20.2,22.4,24.3,19.2,21.9,54.3,93,1010.7,92,0.9,11.1,,
2004-04-15,21.8,20.0,20.9,22.1,19.1,20.4,0.3,87,1012.1,91,0.0,12.0,,
2004-04-16,23.2,21.1,22.1,23.3,20.4,21.7,2.4,89,1011.8,90,0.0,7.6,,
2004-04-17,26.8,21.4,22.7,27.2,20.7,22.4,55.4,93,1008.6,88,1.9,4.8,,
2004-04-18,26.8,21.4,23.7,27.1,20.9,23.4,0.0,72,1008.3,47,10.4,6.4,,
2004-04-19,29.2,22.4,25.4,29.5,21.8,25.0,0.0,69,1011.5,26,10.6,3.3,,
2004-04-20,27.5,23.1,25.2,28.6,21.8,25.1,0.0,79,1013.3,27,10.7,6.1,,
2004-04-21,27.4,24.1,25.6,28.1,23.1,25.3,0.0,87,1011.6,67,3.7,4.0,,
2004-04-22,30.7,25.4,27.4,29.9,24.6,26.8,0.0,77,1008.9,69,10.8,7.5,,
2004-04-23,29.9,25.9,27.4,29.6,24.9,26.9,0.0,80,1008.6,64,6.5,8.2,,
2004-04-24,27.1,22.3,23.9,26.2,21.2,23.1,0.0,85,1012.8,87,1.3,17.0,,
2004-04-25,23.4,20.9,22.3,24.3,20.1,21.7,0.0,88,1013.7,93,0.3,14.4,,
2004-04-26,26.8,22.9,24.8,27.6,22.1,24.7,0.0,87,1011.2,85,5.6,8.1,,
2004-04-27,29.5,23.3,26.4,29.9,22.7,26.2,8.5,79,1010.9,73,7.9,7.0,,
2004-04-28,24.8,21.8,23.0,23.8,21.1,22.4,0.9,83,1013.8,91,0.0,15.6,,
2004-04-29,23.6,22.1,22.9,24.8,21.2,22.4,0.0,89,1012.1,92,0.0,12.4,,
2004-04-30,28.6,22.9,25.2,28.5,22.0,24.8,0.0,86,1009.9,63,5.3,5.9,,
2004-05-01,28.6,24.3,26.0,29.6,23.2,25.7,0.0,84,1009.6,49,10.0,4.6,,
2004-05-02,29.1,24.9,26.3,29.6,23.9,26.2,0.0,86,1010.4,64,8.6,9.7,,
2004-05-03,30.6,25.1,27.4,30.7,24.0,26.9,0.0,80,1010.0,52,10.2,5.0,,
2004-05-04,27.8,22.3,25.1,28.1,21.2,24.7,0.0,83,1011.3,76,1.5,7.2,,
2004-05-05,24.4,19.0,22.2,24.9,18.4,21.9,6.4,78,1013.4,81,0.0,3.8,,
2004-05-06,26.1,22.5,24.1,26.9,21.3,23.7,0.0,82,1014.2,77,2.5,9.8,,
2004-05-07,25.8,23.3,24.2,26.7,22.5,23.9,0.0,79,1011.8,84,4.7,15.0,,
2004-05-08,25.3,23.0,24.4,25.1,22.7,23.9,124.4,91,1006.4,89,0.1,7.7,,
2004-05-09,30.5,23.5,26.4,30.3,22.6,26.1,0.0,79,1008.2,26,11.2,3.9,,
2004-05-10,30.7,24.7,27.3,30.5,23.7,27.0,0.0,80,1009.5,52,9.1,5.6,,
2004-05-11,28.9,25.9,27.2,30.5,25.0,27.2,0.0,86,1008.7,63,10.3,10.0,,
2004-05-12,30.4,26.2,28.0,30.1,25.4,27.5,0.0,81,1005.5,79,5.8,7.1,,
2004-05-13,30.6,27.5,28.5,31.0,26.9,28.2,0.0,80,1006.5,86,3.8,7.0,,
2004-05-14,28.1,23.7,26.2,27.8,23.2,25.6,31.6,90,1010.2,87,0.5,8.8,,
2004-05-15,28.5,24.5,26.1,29.2,23.8,25.7,1.5,89,1010.7,77,4.5,10.5,,
2004-05-16,30.4,25.7,27.6,31.6,24.7,27.7,0.0,83,1009.7,55,10.4,5.0,,
2004-05-17,28.5,25.1,26.4,29.1,24.3,26.2,0.0,75,1011.1,81,1.9,7.1,,
2004-05-18,27.7,24.6,25.7,28.9,23.7,25.4,0.0,82,1009.1,87,1.6,6.4,,
2004-05-19,27.4,24.9,26.2,27.8,24.8,25.9,1.6,83,1004.7,88,0.6,4.0,,
2004-05-20,27.3,23.5,25.3,27.9,23.4,25.2,1.1,81,1002.9,79,4.3,8.3,,
2004-05-21,25.9,21.9,23.4,25.2,21.7,23.0,16.9,90,1002.2,88,0.0,4.3,,
2004-05-22,25.4,22.3,23.9,26.2,21.5,23.7,0.2,84,1004.4,88,0.6,7.1,,
2004-05-23,28.5,23.6,25.9,29.5,23.1,25.9,0.0,77,1006.5,46,11.3,7.0,,
2004-05-24,29.0,24.3,26.4,30.3,23.4,26.5,0.0,73,1008.3,53,9.5,10.7,,
2004-05-25,28.2,25.0,26.4,29.1,24.5,26.0,0.0,84,1009.3,80,5.5,10.5,,
2004-05-26,29.3,25.6,27.3,29.6,24.7,27.0,0.0,83,1010.0,47,6.3,4.0,,
2004-05-27,31.4,26.6,28.5,31.5,25.7,27.7,0.0,80,1010.6,59,8.2,3.4,,
2004-05-28,31.0,25.8,28.4,27.3,25.3,26.7,10.1,81,1009.3,78,4.3,4.9,,
2004-05-29,29.6,26.1,27.3,29.7,25.7,26.9,0.6,83,1008.7,86,0.9,4.3,,
2004-05-30,30.1,26.4,28.1,31.0,25.4,27.8,0.0,81,1009.4,81,4.2,5.0,,
2004-05-31,32.4,27.0,29.0,32.1,26.2,28.6,0.0,76,1011.0,57,11.1,5.3,,
2004-06-01,30.9,26.6,28.2,31.7,26.1,27.9,0.0,81,1012.8,76,4.4,7.9,,
2004-06-02,30.1,26.2,27.9,30.5,25.1,27.7,7.7,84,1011.6,77,7.3,9.7,,
2004-06-03,29.9,27.0,28.1,30.2,26.0,27.7,0.0,82,1010.4,74,8.7,10.5,,
2004-06-04,29.7,26.6,27.7,29.5,25.8,27.1,0.0,77,1009.8,56,9.8,14.4,,
2004-06-05,28.4,26.4,27.1,28.7,25.6,26.5,0.0,80,1008.3,84,2.3,12.9,,
2004-06-06,27.8,25.0,26.2,28.0,24.2,25.7,8.3,86,1008.1,91,0.0,6.8,,
2004-06-07,27.6,24.5,26.0,27.9,23.9,25.6,1.2,87,1008.0,94,0.1,3.5,,
2004-06-08,29.4,26.0,27.1,30.2,25.6,26.9,0.0,78,1008.4,78,2.0,5.3,,
2004-06-09,30.4,26.0,27.9,30.7,25.0,27.5,0.0,77,1009.0,56,6.4,4.2,,
2004-06-10,29.1,26.1,27.4,29.2,25.0,26.9,0.0,77,1010.9,51,10.3,9.3,,
2004-06-11,29.1,25.9,27.3,29.6,25.1,27.0,0.0,70,1012.1,36,10.4,13.0,,
2004-06-12,29.6,26.3,27.5,30.3,25.4,27.1,0.0,71,1012.9,53,8.3,12.5,,
2004-06-13,30.1,26.3,27.8,30.6,25.5,27.5,0.0,65,1012.4,31,11.9,13.3,,
2004-06-14,30.2,26.1,27.6,30.2,24.7,27.0,0.0,74,1010.3,34,10.1,10.7,,
2004-06-15,28.3,25.8,27.0,29.1,24.9,26.5,27.9,88,1009.1,79,2.6,9.8,,
2004-06-16,30.0,26.5,28.2,30.1,26.4,27.6,2.9,82,1007.3,83,1.4,6.4,,
2004-06-17,31.2,27.6,29.0,31.0,26.6,28.5,0.0,80,1007.6,71,5.7,5.4,,
2004-06-18,31.3,27.6,29.1,31.4,26.8,28.8,0.0,79,1005.2,60,9.2,7.0,,
2004-06-19,32.3,28.4,29.9,32.1,27.5,29.4,0.0,76,1002.4,60,10.0,8.8,,
2004-06-20,33.2,25.6,29.9,32.2,24.7,29.3,34.2,78,1003.2,69,7.1,8.9,,
2004-06-21,31.8,25.3,28.6,31.6,24.6,28.2,27.0,85,1003.8,82,3.3,5.6,,
2004-06-22,32.2,27.6,29.9,31.6,27.3,29.4,8.7,79,1002.9,82,5.6,7.8,,
2004-06-23,31.3,27.3,29.4,30.4,26.8,28.8,9.7,81,1001.3,84,3.4,9.1,,
2004-06-24,32.6,28.9,30.2,32.6,28.2,29.6,0.0,76,1002.1,78,7.5,9.8,,
2004-06-25,32.6,28.6,30.2,32.5,27.8,29.8,0.0,75,1002.6,66,11.3,8.3,,
2004-06-26,32.6,28.0,29.9,32.4,26.6,29.3,1.6,78,1003.6,62,10.1,8.2,,
2004-06-27,31.5,28.1,29.6,32.2,26.8,29.4,0.2,80,1005.4,64,11.4,7.5,,
2004-06-28,32.7,28.3,30.4,33.0,27.6,30.0,0.0,74,1004.1,57,9.5,6.3,,
2004-06-29,34.2,29.2,31.4,34.5,28.6,31.2,0.0,72,999.9,36,9.6,7.9,,
2004-06-30,32.9,27.4,30.4,33.7,27.8,30.3,15.3,81,998.3,57,5.6,4.3,,
2004-07-01,34.6,29.1,31.6,34.6,28.8,31.4,0.0,76,997.5,48,8.7,6.1,,
2004-07-02,33.8,29.4,30.8,33.8,28.8,30.5,0.1,77,998.1,80,7.2,10.0,,
2004-07-03,30.5,28.6,29.4,30.1,27.8,28.7,8.6,85,1000.1,91,0.0,12.0,,
2004-07-04,30.9,26.4,29.0,30.9,26.7,28.7,2.0,84,1003.4,83,3.4,7.8,,
2004-07-05,31.5,28.2,29.9,31.7,27.8,29.5,1.0,78,1004.6,84,6.7,11.3,,
2004-07-06,30.9,29.3,29.9,30.5,28.8,29.4,0.4,79,1005.6,87,0.1,15.3,,
2004-07-07,31.9,26.6,29.8,31.1,26.3,29.1,18.3,79,1007.5,81,6.8,11.2,,
2004-07-08,32.3,28.7,29.8,31.9,27.9,29.3,0.0,79,1008.9,86,5.0,7.8,,
2004-07-09,31.7,28.5,29.5,31.6,27.7,29.1,0.0,75,1009.3,77,9.7,7.8,,
2004-07-10,31.2,27.4,29.0,31.3,26.3,28.4,3.1,77,1008.7,84,7.0,7.3,,
2004-07-11,31.0,27.2,29.1,30.8,27.1,28.5,1.2,77,1007.3,79,5.6,10.4,,
2004-07-12,30.8,27.3,29.0,30.5,26.7,28.5,5.3,78,1008.3,83,3.7,10.3,,
2004-07-13,30.5,25.9,28.5,30.4,24.9,28.0,8.1,80,1009.7,71,5.6,6.1,,
2004-07-14,32.1,27.0,29.1,31.8,26.2,28.5,0.0,74,1009.0,33,10.7,5.1,,
2004-07-15,32.8,26.8,29.1,33.1,26.1,28.8,0.0,74,1008.8,45,11.3,6.8,,
2004-07-16,28.1,23.5,25.5,27.2,22.7,24.9,77.5,87,1006.3,81,0.0,13.3,,
2004-07-17,26.7,22.7,25.0,27.1,22.0,24.7,44.4,92,1008.0,84,1.1,7.7,,
2004-07-18,31.3,24.8,27.9,31.4,24.0,27.7,0.0,82,1006.0,65,11.5,7.4,,
2004-07-19,29.5,25.5,27.8,29.4,24.5,27.3,19.1,86,1006.0,79,3.0,7.7,,
2004-07-20,29.1,25.6,27.3,29.5,25.1,27.1,6.9,87,1008.6,86,2.6,10.2,,
2004-07-21,27.5,24.9,26.0,27.9,24.5,25.9,58.9,94,1011.3,90,0.2,12.5,,
2004-07-22,29.7,25.2,27.7,30.3,24.9,27.9,27.6,85,1011.7,80,9.8,14.8,,
2004-07-23,30.1,27.3,28.2,30.8,26.5,28.0,0.0,82,1010.1,83,6.2,11.2,,
2004-07-24,30.9,26.8,28.4,31.4,25.8,28.2,0.0,80,1007.0,55,11.7,8.0,,
2004-07-25,30.5,27.2,28.6,31.2,26.4,28.4,0.0,79,1005.3,64,11.1,11.1,,
2004-07-26,29.6,25.7,27.9,30.8,24.5,27.6,1.5,81,1004.6,77,7.1,11.9,,
2004-07-27,31.0,26.6,28.7,31.4,26.0,28.5,0.0,75,1003.2,68,4.2,6.5,,
2004-07-28,29.3,26.8,27.7,29.9,25.9,27.2,7.9,86,1005.6,88,1.3,6.0,,
2004-07-29,27.7,23.8,25.8,26.7,23.0,25.3,94.3,96,1008.9,91,0.0,7.7,,
2004-07-30,27.8,25.9,26.7,28.4,25.5,26.5,0.5,90,1009.9,91,0.2,9.3,,
2004-07-31,30.5,26.6,28.2,31.8,25.7,28.3,0.0,82,1008.8,54,10.7,5.8,,
2004-08-01,31.9,26.6,28.9,31.4,25.8,28.3,0.0,76,1007.2,22,10.8,4.6,,
2004-08-02,32.0,27.3,29.3,32.0,26.5,28.9,0.0,76,1005.8,33,11.5,5.7,,
2004-08-03,31.9,28.0,29.7,31.8,27.1,29.2,0.0,74,1004.4,42,10.8,6.9,,
2004-08-04,31.8,25.6,29.1,32.1,25.3,28.6,23.0,78,1003.0,68,6.7,6.4,,
2004-08-05,29.1,25.3,27.3,29.7,24.9,27.1,14.0,88,1004.0,84,3.8,7.6,,
2004-08-06,27.4,24.7,26.3,27.9,24.1,25.8,83.9,92,1006.8,81,1.8,6.6,,
2004-08-07,30.6,26.7,28.5,31.7,25.9,28.5,0.0,79,1007.2,44,11.3,7.5,,
2004-08-08,31.7,27.2,29.3,31.7,26.6,29.1,0.0,74,1006.1,38,6.9,3.3,,
2004-08-09,32.9,28.0,30.1,33.1,27.2,29.7,0.0,76,1005.5,39,10.2,6.4,,
2004-08-10,33.9,28.9,31.1,33.9,28.4,30.9,0.0,72,1003.4,18,10.3,7.2,,
2004-08-11,31.1,25.2,28.2,32.0,24.9,27.9,36.4,81,1002.3,79,1.5,6.1,,
2004-08-12,29.9,25.9,27.7,29.9,25.7,27.4,2.7,80,1001.3,79,1.9,6.1,,
2004-08-13,32.0,27.0,29.1,31.5,26.2,28.7,0.0,76,1001.1,64,9.7,6.9,,
2004-08-14,32.1,25.9,28.9,31.4,25.5,28.5,18.3,80,1002.7,82,5.5,6.5,,
2004-08-15,30.3,27.8,28.9,31.5,27.1,28.8,0.0,81,1004.5,81,8.2,7.6,,
2004-08-16,31.9,27.1,29.2,31.5,26.3,28.7,0.0,75,1005.1,41,10.8,6.5,,
2004-08-17,33.4,27.5,30.4,33.7,27.1,30.2,0.0,73,1004.2,16,10.3,7.3,,
2004-08-18,32.7,29.3,30.6,32.5,28.5,30.2,0.0,77,1004.0,53,2.5,4.8,,
2004-08-19,32.4,28.8,29.9,32.6,28.0,29.5,0.0,80,1005.1,64,3.6,5.5,,
2004-08-20,30.1,25.7,27.7,31.4,24.7,27.6,10.3,85,1006.4,87,3.4,6.8,,
2004-08-21,27.3,25.3,26.1,26.9,24.6,25.5,64.3,95,1007.3,90,0.0,4.7,,
2004-08-22,27.4,25.5,26.4,27.6,24.8,26.1,16.4,93,1007.5,77,0.0,4.5,,
2004-08-23,31.4,26.2,28.1,31.7,25.7,27.9,12.0,84,1005.4,48,7.2,3.5,,
2004-08-24,31.4,26.9,28.5,31.7,26.6,28.3,29.8,84,1003.1,58,4.3,4.2,,
2004-08-25,32.7,27.5,30.1,33.5,27.3,30.2,0.0,72,998.8,63,7.6,7.0,,
2004-08-26,29.6,25.3,27.5,28.8,25.2,27.2,12.0,78,994.9,88,0.0,8.8,,
2004-08-27,27.1,24.9,25.8,26.8,24.5,25.4,5.7,93,994.7,97,0.0,5.1,,
2004-08-28,29.0,25.3,26.5,29.2,24.4,26.0,21.8,92,998.1,86,2.4,8.5,,
2004-08-29,28.6,25.2,26.8,28.3,24.5,26.3,114.7,91,1000.1,92,0.0,10.9,,
2004-08-30,29.6,25.6,27.7,29.4,25.2,27.2,14.3,87,1003.2,88,0.9,10.7,,
2004-08-31,29.9,26.0,27.7,30.3,25.4,27.4,8.9,88,1005.4,86,2.0,5.5,,
2004-09-01,30.2,27.2,28.5,31.3,26.4,28.5,0.0,87,1006.8,53,10.7,7.8,,
2004-09-02,31.0,27.7,29.0,32.4,26.9,29.2,0.0,83,1008.5,66,10.4,8.5,,
2004-09-03,30.0,26.2,27.8,30.2,26.1,27.7,18.2,91,1008.8,74,5.9,8.7,,
2004-09-04,30.9,27.1,28.6,30.8,25.9,28.1,0.0,81,1006.7,65,8.2,3.4,,
2004-09-05,32.4,26.8,29.1,32.3,26.4,28.7,0.0,78,1004.2,52,6.5,3.4,,
2004-09-06,32.6,26.4,29.3,33.1,26.3,29.2,0.0,79,1003.1,79,6.1,4.8,,
2004-09-07,31.9,27.4,29.3,32.7,26.8,29.3,0.0,79,1003.4,64,7.5,5.3,,
2004-09-08,28.7,26.0,26.7,27.9,25.1,26.5,34.3,94,1004.7,89,0.0,5.5,,
2004-09-09,26.0,24.1,25.0,25.4,23.7,24.5,29.1,90,1006.0,97,0.0,6.3,,
2004-09-10,27.2,23.9,25.2,27.2,23.3,25.0,0.0,80,1007.8,89,0.1,5.8,,
2004-09-11,27.5,24.3,25.8,28.3,23.8,25.6,0.0,73,1008.1,87,1.4,8.6,,
2004-09-12,28.5,24.4,26.5,30.0,23.8,26.5,0.0,70,1009.8,88,0.9,5.0,,
2004-09-13,30.4,25.5,27.9,31.7,25.0,27.8,0.0,63,1010.4,51,8.5,5.3,,
2004-09-14,30.0,26.0,28.0,30.5,25.5,27.9,0.0,60,1008.6,42,6.7,3.7,,
2004-09-15,30.4,26.1,28.2,31.0,25.7,28.0,0.0,63,1008.2,74,3.5,3.7,,
2004-09-16,30.1,27.0,28.5,31.9,26.1,28.3,0.0,75,1012.2,50,7.9,5.5,,
2004-09-17,30.3,27.1,28.2,31.5,26.2,28.0,0.0,82,1013.9,70,7.7,7.3,,
2004-09-18,30.1,26.4,28.0,31.3,25.7,28.1,6.8,86,1013.4,82,9.0,9.9,,
2004-09-19,27.6,25.2,26.5,27.2,24.6,26.1,58.8,93,1013.5,71,1.0,6.5,,
2004-09-20,30.0,26.0,27.6,30.6,25.4,27.6,0.0,82,1013.9,44,8.5,3.2,,
2004-09-21,30.9,24.2,27.6,31.0,23.2,27.2,16.2,80,1013.6,48,8.8,5.5,,
2004-09-22,29.4,24.5,26.8,29.5,24.2,26.7,0.9,79,1012.5,75,3.7,4.5,,
2004-09-23,30.5,24.8,27.1,30.6,23.9,26.9,0.0,70,1011.9,22,10.1,5.7,,
2004-09-24,28.7,26.4,27.2,29.8,25.6,26.9,0.0,77,1012.9,83,4.6,9.2,,
2004-09-25,28.6,25.9,26.9,29.5,25.0,26.7,0.1,75,1013.1,51,9.1,10.0,,
2004-09-26,30.1,25.2,27.3,30.8,23.9,27.2,0.0,65,1012.6,17,10.4,4.5,,
2004-09-27,31.0,25.4,27.9,31.2,25.2,27.6,0.0,59,1011.7,13,9.6,5.8,,
2004-09-28,30.5,26.0,28.0,31.7,25.4,27.8,0.0,69,1010.7,31,7.6,4.7,,
2004-09-29,31.6,27.0,28.5,32.4,26.4,28.4,0.0,76,1012.8,57,8.7,5.9,,
2004-09-30,29.1,26.0,27.7,30.0,25.2,27.5,2.9,82,1014.6,73,7.4,11.0,,
2004-10-01,30.8,26.3,28.0,31.1,25.3,27.7,0.0,78,1014.3,58,7.9,5.8,,
2004-10-02,26.3,22.5,23.9,25.5,21.7,23.4,0.0,59,1016.4,81,2.2,13.2,,
2004-10-03,25.5,20.9,23.2,26.1,19.9,22.9,0.0,50,1016.4,37,8.3,8.0,,
2004-10-04,26.7,21.4,24.1,27.4,20.4,23.7,0.0,53,1015.4,23,9.4,6.2,,
2004-10-05,28.3,22.4,24.9,28.4,21.7,24.5,0.0,60,1015.3,14,10.2,4.8,,
2004-10-06,28.7,22.6,25.1,28.2,21.7,24.5,0.0,63,1015.1,9,9.9,3.9,,
2004-10-07,27.4,23.4,25.3,27.0,22.3,24.6,0.0,67,1012.7,31,6.0,2.9,,
2004-10-08,29.0,23.0,25.9,28.7,22.4,25.4,0.0,45,1012.2,32,9.6,6.6,,
2004-10-09,30.0,23.1,25.6,29.0,22.5,25.0,0.0,54,1014.0,12,10.0,6.9,,
2004-10-10,29.0,23.4,25.5,28.1,22.1,24.7,0.0,65,1016.1,27,9.7,6.1,,
2004-10-11,29.0,23.6,25.6,28.1,22.7,24.9,0.0,73,1016.0,61,5.3,3.6,,
2004-10-12,29.3,23.6,25.7,29.0,22.2,24.9,0.0,68,1016.4,34,9.1,4.9,,
2004-10-13,28.9,23.5,25.6,27.7,22.7,25.0,0.0,60,1017.6,12,9.1,10.5,,
2004-10-14,26.8,23.9,25.1,27.0,23.1,24.6,0.0,70,1019.0,48,7.4,12.8,,
2004-10-15,26.7,22.7,24.7,26.7,22.0,24.0,0.0,67,1018.5,19,9.4,10.9,,
2004-10-16,26.6,23.2,24.5,27.0,21.7,23.6,0.0,73,1015.9,20,9.1,7.5,,
2004-10-17,26.9,22.9,24.6,27.3,21.5,23.8,0.0,73,1014.3,23,9.2,4.5,,
2004-10-18,28.9,22.6,26.0,29.7,20.8,25.5,0.0,52,1012.1,5,10.2,6.6,,
2004-10-19,28.4,23.3,25.8,28.2,22.3,25.2,0.0,52,1010.7,2,9.9,10.2,,
2004-10-20,27.3,22.4,24.7,28.1,21.0,23.9,0.0,64,1013.4,10,8.6,7.7,,
2004-10-21,26.7,24.2,25.1,27.3,22.7,24.3,0.0,73,1016.7,55,4.3,8.3,,
2004-10-22,26.4,23.5,24.7,26.8,21.9,23.8,0.0,70,1018.9,46,5.9,12.4,,
2004-10-23,25.8,22.7,24.3,26.0,21.2,23.4,0.0,64,1019.0,29,9.9,14.8,,
2004-10-24,27.4,22.3,24.5,27.7,20.5,23.5,0.0,65,1018.3,33,9.3,7.2,,
2004-10-25,28.6,23.1,26.1,29.7,22.2,25.9,0.0,56,1015.5,55,7.4,5.3,,
2004-10-26,27.9,21.9,25.5,28.1,19.7,24.7,2.3,58,1018.4,80,4.4,11.7,,
2004-10-27,25.3,21.3,23.5,25.6,19.7,22.7,0.0,66,1020.0,69,7.8,12.6,,
2004-10-28,24.8,22.2,23.4,25.7,20.6,22.6,0.0,74,1019.2,57,8.8,12.5,,
2004-10-29,25.5,22.2,23.7,26.6,21.0,23.0,0.0,72,1018.4,47,9.0,10.7,,
2004-10-30,26.0,22.6,23.9,27.0,21.1,23.2,0.0,76,1017.1,30,10.3,11.0,,
2004-10-31,26.3,22.4,24.1,27.4,21.0,23.5,0.0,76,1015.7,22,9.8,6.3,,
2004-11-01,27.1,22.6,24.5,27.7,20.7,23.6,0.0,77,1015.5,27,6.5,4.2,,
2004-11-02,26.1,22.2,24.0,26.5,20.7,23.2,0.0,71,1017.6,44,5.4,9.0,,
2004-11-03,25.1,22.9,23.8,25.9,21.5,23.0,0.0,76,1018.8,45,6.7,12.4,,
2004-11-04,24.5,22.1,23.1,24.8,20.5,22.2,0.0,73,1017.8,34,9.6,13.6,,
2004-11-05,25.0,22.3,23.5,25.9,20.9,22.7,0.0,79,1017.2,52,6.9,8.8,,
2004-11-06,25.4,22.1,23.6,26.7,20.5,22.8,0.0,77,1017.0,57,6.7,7.1,,
2004-11-07,25.1,22.8,23.8,25.9,21.5,23.1,0.0,77,1017.3,45,8.8,12.2,,
2004-11-08,25.1,22.7,23.7,26.0,21.5,23.0,0.0,78,1017.4,55,6.6,12.5,,
2004-11-09,25.3,23.5,24.2,25.8,22.4,23.2,0.0,84,1015.3,87,0.8,11.6,,
2004-11-10,27.0,24.0,25.2,28.3,22.8,24.8,0.0,87,1014.9,81,6.7,9.6,,
2004-11-11,27.2,24.5,25.5,28.9,23.3,25.1,0.0,85,1015.9,55,8.9,8.3,,
2004-11-12,27.5,24.2,25.5,28.6,22.9,24.9,0.0,80,1018.6,72,5.7,9.4,,
2004-11-13,25.3,23.7,24.4,25.8,22.7,23.4,0.0,80,1018.0,85,1.2,15.1,,
2004-11-14,27.2,23.5,25.0,28.9,22.1,24.5,0.0,82,1015.8,55,5.3,5.5,,
2004-11-15,24.5,20.1,23.2,24.3,18.6,22.2,0.0,73,1017.1,66,1.6,8.6,,
2004-11-16,21.7,18.5,19.8,21.3,17.1,18.7,0.0,70,1019.9,86,1.9,10.0,,
2004-11-17,23.9,18.9,20.9,24.4,17.7,20.2,0.0,65,1019.9,59,6.8,8.5,,
2004-11-18,23.0,18.2,20.6,23.8,16.7,20.1,0.0,48,1019.7,4,10.2,12.7,,
2004-11-19,22.7,18.3,20.4,24.2,17.1,19.9,0.0,51,1019.5,0,10.1,9.5,,
2004-11-20,22.3,18.5,20.4,23.7,16.9,19.8,0.0,68,1019.6,2,9.8,8.2,,
2004-11-21,22.6,18.9,20.8,24.0,17.6,20.2,0.0,70,1020.9,18,9.5,8.3,,
2004-11-22,23.9,19.4,21.7,25.2,18.5,21.2,0.0,69,1020.5,34,9.8,10.0,,
2004-11-23,23.2,20.5,22.0,23.7,19.3,21.4,0.0,74,1019.8,79,0.0,8.4,,
2004-11-24,24.6,21.3,22.8,24.6,20.1,22.2,0.4,80,1020.4,91,0.8,9.0,,
2004-11-25,26.0,21.9,23.7,26.8,20.7,23.1,0.0,77,1020.7,80,2.2,7.2,,
2004-11-26,23.9,19.2,22.2,24.4,17.7,21.4,0.0,66,1021.6,71,7.6,11.1,,
2004-11-27,21.1,17.8,19.4,20.4,16.4,18.4,0.0,65,1022.3,75,0.0,5.9,,
2004-11-28,22.9,18.4,20.5,24.6,16.7,19.9,0.0,66,1020.8,9,9.7,4.4,,
2004-11-29,23.8,19.3,21.2,25.7,17.6,20.6,0.0,73,1019.5,11,9.5,6.5,,
2004-11-30,22.9,19.5,21.2,23.9,17.7,20.3,0.0,71,1019.1,18,8.6,10.9,,
2004-12-01,23.3,19.9,21.5,24.8,18.5,20.9,0.0,72,1020.2,32,9.2,13.1,,
2004-12-02,24.4,20.2,22.0,25.9,18.5,21.5,0.0,76,1019.5,31,8.0,9.0,,
2004-12-03,25.8,20.6,23.3,25.4,19.4,22.8,0.0,62,1012.4,72,0.6,5.9,,
2004-12-04,24.6,19.1,22.1,24.8,17.8,21.4,0.0,53,1013.6,11,8.7,13.6,,
2004-12-05,21.4,17.2,19.3,22.1,15.7,18.6,0.0,54,1019.9,28,9.3,10.6,,
2004-12-06,20.9,18.1,19.5,22.0,16.3,18.8,0.0,69,1023.8,39,7.9,11.3,,
2004-12-07,21.5,18.0,19.4,22.0,17.0,18.8,0.0,50,1023.7,72,7.6,8.8,,
2004-12-08,20.5,16.1,18.3,22.0,14.3,17.5,0.0,55,1022.3,15,9.2,6.4,,
2004-12-09,20.8,16.7,18.8,22.6,15.3,18.1,0.0,65,1021.7,3,9.3,6.6,,
2004-12-10,21.4,17.3,19.3,22.9,15.8,18.8,0.0,67,1022.1,5,9.5,6.7,,
2004-12-11,21.3,17.9,19.4,22.6,16.5,18.9,0.0,73,1022.5,12,9.4,8.8,,
2004-12-12,23.3,18.0,20.5,24.7,15.8,20.0,0.0,55,1022.4,4,9.4,7.9,,
2004-12-13,21.2,17.0,19.2,22.2,15.1,18.4,0.0,60,1021.5,21,9.5,11.5,,
2004-12-14,20.9,17.3,19.2,21.9,15.6,18.4,0.0,72,1018.7,26,6.5,11.1,,
2004-12-15,23.0,18.4,20.4,24.9,17.0,19.7,0.0,77,1017.2,14,8.9,5.1,,
2004-12-16,22.1,18.8,20.3,23.3,17.3,19.7,0.0,75,1018.6,29,9.3,13.0,,
2004-12-17,21.8,18.4,20.1,23.6,17.0,19.5,0.0,77,1018.8,28,8.9,10.2,,
2004-12-18,22.5,18.6,20.1,24.1,17.2,19.4,0.0,82,1016.3,41,6.5,7.5,,
2004-12-19,22.6,19.2,20.3,23.8,17.9,19.7,0.0,82,1014.6,33,7.8,7.2,,
2004-12-20,22.1,18.7,20.3,23.1,17.1,19.6,0.0,81,1016.4,27,8.6,7.5,,
2004-12-21,21.0,19.2,19.9,21.4,17.9,19.1,0.0,76,1016.7,72,4.7,15.4,,
2004-12-22,21.5,19.4,20.2,22.5,18.2,19.4,0.0,83,1015.3,81,5.9,13.6,,
2004-12-23,24.1,19.8,21.4,25.4,18.1,20.9,0.0,81,1015.5,61,8.7,5.3,,
2004-12-24,20.6,18.3,19.6,21.6,16.9,18.9,0.0,78,1019.0,71,7.2,11.0,,
2004-12-25,20.2,18.1,19.1,20.7,16.5,18.2,0.0,79,1019.0,81,2.2,11.4,,
2004-12-26,20.9,18.4,19.3,22.0,17.1,18.7,0.0,78,1017.6,51,6.9,11.7,,
2004-12-27,21.4,16.9,18.8,22.4,15.2,17.9,0.0,73,1018.9,46,6.2,5.5,,
2004-12-28,17.1,9.9,13.5,15.6,8.0,12.1,0.0,70,1020.7,60,0.5,9.5,,
2004-12-29,14.9,8.9,12.4,14.6,6.9,11.2,0.0,71,1021.1,39,3.3,7.8,,
2004-12-30,16.8,9.3,14.2,16.5,7.7,13.1,0.0,68,1022.0,87,0.2,8.3,,
2004-12-31,11.6,8.2,9.4,11.5,6.5,8.3,0.0,46,1027.0,47,6.7,15.9,,
2005-01-01,12.1,6.4,9.4,13.0,4.1,8.4,0.0,43,1026.8,19,9.5,7.1,,
2005-01-02,14.1,10.7,12.1,14.4,9.2,11.1,0.0,53,1022.5,61,1.7,2.9,,
2005-01-03,18.1,12.1,15.3,18.9,10.0,14.8,0.0,65,1018.7,68,1.3,4.8,,
2005-01-04,18.2,15.3,16.7,18.5,14.5,16.2,0.0,62,1020.4,85,0.0,3.2,,
2005-01-05,18.0,16.2,16.9,18.3,15.2,16.1,0.0,77,1021.4,87,1.4,10.5,,
2005-01-06,20.4,15.2,17.5,21.1,14.1,16.8,0.0,69,1020.5,27,8.8,3.8,,
2005-01-07,19.3,16.2,17.4,20.6,14.9,16.8,0.0,80,1021.2,36,9.4,10.8,,
2005-01-08,19.4,16.8,17.7,19.9,15.6,17.0,0.0,77,1021.5,88,1.1,6.2,,
2005-01-09,17.6,14.3,16.2,18.5,12.7,15.3,0.0,70,1022.0,56,7.5,8.1,,
2005-01-10,16.7,12.9,15.2,17.7,11.1,14.2,0.0,73,1022.0,47,8.8,7.7,,
2005-01-11,18.8,15.0,16.6,20.2,13.4,16.0,0.0,76,1021.7,27,9.0,7.7,,
2005-01-12,18.1,14.3,16.0,19.4,12.4,15.2,0.0,74,1021.1,51,6.5,7.5,,
2005-01-13,16.2,9.9,12.0,15.1,8.7,10.7,3.5,82,1019.7,92,0.0,8.6,,
2005-01-14,14.3,7.4,11.3,14.7,5.8,10.4,0.0,56,1021.0,42,8.2,12.0,,
2005-01-15,15.3,9.7,12.5,16.2,7.7,11.5,0.0,52,1021.3,21,9.0,5.0,,
2005-01-16,15.9,11.2,13.5,17.7,9.8,12.7,0.0,56,1022.2,22,9.3,4.6,,
2005-01-17,16.1,13.0,14.4,17.4,10.6,13.5,0.0,72,1021.6,34,7.6,8.8,,
2005-01-18,17.7,14.1,15.8,19.2,12.8,15.4,0.0,78,1020.3,68,8.2,11.5,,
2005-01-19,18.4,15.6,16.8,20.0,14.5,16.4,0.0,81,1021.1,78,5.3,10.2,,
2005-01-20,16.5,15.2,15.8,15.7,13.5,14.6,0.0,82,1025.0,87,0.0,11.6,,
2005-01-21,17.2,14.4,15.9,18.0,13.3,15.1,0.0,79,1025.3,81,5.1,13.3,,
2005-01-22,19.9,15.6,17.3,21.1,14.6,16.6,0.0,84,1021.6,60,3.2,6.3,,
2005-01-23,21.1,16.1,18.2,22.7,14.6,17.8,0.0,84,1019.2,30,9.7,7.5,,
2005-01-24,19.7,16.5,17.8,20.9,15.6,17.3,0.0,82,1017.0,76,4.5,13.2,,
2005-01-25,21.6,18.2,19.8,22.7,17.2,19.4,0.0,88,1012.4,81,2.1,4.6,,
2005-01-26,20.8,16.9,18.5,21.8,15.5,17.4,0.0,91,1012.1,78,1.7,9.4,,
2005-01-27,19.6,16.7,18.2,20.4,15.4,17.6,0.0,87,1011.8,86,2.6,11.3,,
2005-01-28,19.6,18.3,18.9,19.6,17.2,18.0,0.4,93,1010.6,92,0.0,6.4,,
2005-01-29,19.3,17.4,18.3,18.9,16.5,17.5,0.0,93,1011.9,94,0.2,10.3,,
2005-01-30,18.8,14.8,17.3,17.8,13.2,16.3,1.0,94,1015.3,100,0.0,7.7,,
2005-01-31,14.9,12.9,13.8,14.0,11.6,12.5,1.0,85,1018.3,96,0.0,2.8,,
2005-02-01,14.2,12.0,13.0,13.4,10.6,11.7,0.0,75,1018.3,95,0.0,7.4,,
2005-02-02,13.9,12.0,13.1,13.5,10.6,12.0,0.0,82,1018.9,97,0.0,14.3,,
2005-02-03,14.6,12.9,13.6,13.6,11.7,12.5,0.6,91,1018.4,100,0.0,19.7,,
2005-02-04,18.9,14.3,16.6,19.6,13.5,16.2,0.0,93,1016.5,97,0.4,7.7,,
2005-02-05,19.2,17.9,18.5,19.6,17.2,18.0,0.0,94,1016.2,97,0.3,7.4,,
2005-02-06,19.4,17.8,18.5,19.6,17.0,18.0,0.1,93,1017.8,92,0.9,9.1,,
2005-02-07,24.5,18.1,20.7,25.4,17.2,20.3,0.1,87,1018.8,54,8.1,3.5,,
2005-02-08,21.2,17.9,19.3,21.8,16.7,18.7,0.3,94,1019.6,88,1.5,10.0,,
2005-02-09,21.2,17.6,19.3,22.6,16.5,19.0,0.0,85,1019.6,89,6.2,12.3,,
2005-02-10,24.1,16.6,19.2,25.7,15.5,18.8,0.0,85,1021.5,82,3.2,4.2,,
2005-02-11,17.5,14.8,16.1,17.5,13.4,15.2,0.0,77,1024.0,86,2.6,8.9,,
2005-02-12,20.3,15.7,17.4,22.1,14.3,16.8,0.0,80,1022.3,60,6.4,8.3,,
2005-02-13,17.9,15.2,16.6,19.0,13.7,15.6,0.0,82,1020.9,83,2.2,13.5,,
2005-02-14,18.4,15.4,17.0,18.0,14.3,16.2,0.0,85,1017.3,92,0.1,17.1,,
2005-02-15,20.8,17.3,19.1,21.3,16.4,18.5,0.2,94,1014.1,96,0.3,11.9,,
2005-02-16,24.7,20.5,22.8,25.3,19.7,22.5,0.0,89,1011.7,89,0.4,6.8,,
2005-02-17,24.4,19.5,22.6,23.4,18.3,21.9,1.1,90,1011.2,90,0.0,4.0,,
2005-02-18,19.5,12.8,15.2,18.3,11.3,13.7,0.9,85,1015.9,96,0.0,8.8,,
2005-02-19,14.6,10.6,12.6,13.7,8.8,11.3,0.0,61,1021.6,88,0.0,12.1,,
2005-02-20,10.8,9.0,9.9,9.3,7.5,8.4,0.0,70,1024.6,93,0.0,9.2,,
2005-02-21,11.0,9.4,10.3,9.6,7.8,8.8,0.0,79,1022.9,98,0.0,6.5,,
2005-02-22,13.8,10.6,12.3,12.8,9.1,11.2,0.0,87,1019.4,100,0.0,2.0,,
2005-02-23,18.0,13.6,16.0,19.3,12.5,15.4,0.0,91,1013.1,95,1.3,7.3,,
2005-02-24,23.1,17.4,20.0,22.6,16.6,19.5,2.7,93,1009.5,96,0.2,2.9,,
2005-02-25,20.8,16.0,18.2,20.6,14.9,17.4,0.8,95,1012.3,96,0.0,13.3,,
2005-02-26,16.5,14.0,15.3,15.5,12.7,14.2,0.0,88,1017.3,100,0.0,21.5,,
2005-02-27,14.5,13.1,14.1,13.5,12.2,13.0,3.7,89,1018.3,97,0.0,13.1,,
2005-02-28,15.4,11.7,13.8,15.1,10.6,13.0,8.7,86,1019.6,90,0.3,5.3,,
2005-03-01,14.4,12.5,13.7,14.0,11.2,12.7,6.7,85,1021.0,94,0.0,12.5,,
2005-03-02,15.0,12.3,13.9,14.4,11.4,12.9,12.7,91,1020.9,98,0.0,7.3,,
2005-03-03,14.4,10.6,12.6,14.4,9.7,11.9,3.7,77,1024.2,76,1.4,9.5,,
2005-03-04,14.2,10.6,12.5,13.8,9.1,11.8,1.1,63,1028.7,74,0.0,10.6,,
2005-03-05,17.2,11.0,13.9,17.5,9.5,13.3,0.0,52,1030.7,14,10.5,7.8,,
2005-03-06,16.6,12.0,14.1,17.2,10.5,13.6,0.0,58,1028.0,0,10.7,10.2,,
2005-03-07,19.8,13.3,16.2,21.7,11.8,16.0,0.0,70,1025.1,34,10.4,7.1,,
2005-03-08,21.4,15.7,18.1,22.6,14.3,17.8,0.0,78,1021.4,26,10.6,7.7,,
2005-03-09,22.0,17.1,19.6,23.3,16.1,19.3,0.0,84,1017.4,67,8.1,7.5,,
2005-03-10,22.9,18.7,20.7,23.2,17.8,20.0,0.0,87,1013.0,86,0.5,4.7,,
2005-03-11,21.8,20.5,21.1,21.7,19.7,20.5,0.5,95,1012.2,94,0.0,6.9,,
2005-03-12,22.0,9.8,15.8,21.7,8.3,14.7,5.5,93,1016.6,93,0.0,9.5,,
2005-03-13,11.5,9.5,10.5,10.7,7.9,9.2,0.0,74,1024.0,92,0.0,8.1,,
2005-03-14,13.5,11.2,12.6,12.9,10.1,11.5,0.0,72,1020.6,89,0.0,8.7,,
2005-03-15,16.6,12.6,14.8,16.9,11.4,14.2,0.1,88,1017.8,98,0.8,12.0,,
2005-03-16,20.4,16.5,18.6,21.1,15.9,18.4,0.0,90,1018.0,94,1.1,10.6,,
2005-03-17,25.7,19.1,22.0,27.2,18.4,21.7,0.0,85,1016.7,73,6.2,3.6,,
2005-03-18,22.0,16.6,19.1,21.9,15.4,18.3,0.0,79,1019.9,80,0.7,14.7,,
2005-03-19,19.1,15.1,17.0,19.5,13.8,16.1,0.0,71,1020.8,47,8.1,14.7,,
2005-03-20,21.8,15.6,18.8,22.6,14.2,18.4,0.0,70,1018.5,68,7.7,8.8,,
2005-03-21,19.9,17.6,18.9,19.9,16.8,18.3,0.9,83,1015.1,88,1.0,13.5,,
2005-03-22,22.0,19.0,20.6,22.4,18.3,20.1,4.7,92,1011.7,88,1.0,6.3,,
2005-03-23,24.8,17.6,20.9,25.2,17.0,20.6,8.0,77,1015.1,87,4.0,5.0,,
2005-03-24,21.1,16.4,18.3,21.4,15.4,17.5,0.0,66,1021.0,76,5.0,8.6,,
2005-03-25,18.3,16.4,17.2,18.0,15.0,16.2,0.0,70,1020.6,81,1.7,14.1,,
2005-03-26,18.6,15.9,17.4,19.5,14.8,16.7,0.9,83,1016.5,92,0.5,13.9,,
2005-03-27,22.3,17.4,19.5,22.8,16.4,19.1,3.4,90,1013.7,92,0.7,9.8,,
2005-03-28,26.1,20.3,22.8,26.9,19.6,22.6,0.0,91,1013.3,81,4.0,1.9,,
2005-03-29,25.7,19.8,22.5,25.0,18.6,21.8,0.0,89,1012.4,88,0.6,7.4,,
2005-03-30,20.0,16.0,17.3,18.8,14.9,16.2,3.6,93,1012.4,97,0.0,19.5,,
2005-03-31,18.1,16.0,17.4,17.2,14.8,16.4,0.8,90,1012.4,93,0.0,11.9,,
2005-04-01,18.4,17.1,18.0,17.7,16.1,17.0,0.0,91,1013.6,99,0.0,10.4,,
2005-04-02,23.1,18.0,20.7,23.6,17.4,20.4,0.2,81,1014.7,77,4.8,3.8,,
2005-04-03,25.1,19.1,21.7,25.7,18.2,21.3,0.0,72,1018.1,74,6.5,6.0,,
2005-04-04,22.6,19.1,20.5,22.3,17.9,19.7,0.0,70,1020.7,63,7.0,13.1,,
2005-04-05,21.6,18.9,20.0,22.0,17.7,19.2,0.0,76,1018.2,86,0.4,10.6,,
2005-04-06,24.8,19.6,22.0,25.4,18.5,21.3,0.0,83,1013.7,77,3.3,6.8,,
2005-04-07,26.9,20.9,23.2,27.7,19.7,22.6,0.0,86,1012.5,63,7.6,6.4,,
2005-04-08,28.4,22.9,25.0,28.7,22.0,24.4,0.4,87,1012.0,86,4.0,8.8,,
2005-04-09,28.2,24.2,25.9,28.5,23.2,25.2,0.0,84,1011.8,88,2.5,9.3,,
2005-04-10,27.4,24.5,25.9,28.2,23.5,25.4,0.0,86,1012.3,87,1.6,6.4,,
2005-04-11,28.4,24.3,25.9,28.9,23.2,25.2,0.0,83,1012.5,86,3.7,7.3,,
2005-04-12,24.6,17.3,21.3,24.1,15.9,20.5,4.1,90,1014.3,89,1.3,8.8,,
2005-04-13,17.3,14.6,16.1,16.0,13.4,15.0,15.7,91,1019.0,92,0.0,6.7,,
2005-04-14,22.9,17.0,19.8,23.2,15.7,19.3,0.3,75,1018.8,74,3.2,7.3,,
2005-04-15,22.8,19.5,21.0,23.9,18.9,20.4,0.3,79,1018.5,84,1.2,9.4,,
2005-04-16,22.1,19.8,21.0,21.5,19.1,20.1,1.4,85,1016.8,94,0.0,13.8,,
2005-04-17,23.1,20.0,21.4,23.6,19.1,20.7,0.0,80,1017.1,85,3.1,12.3,,
2005-04-18,26.3,21.0,23.3,27.2,19.8,23.1,0.0,80,1017.2,24,11.1,6.2,,
2005-04-19,27.5,21.9,24.1,28.0,20.9,23.5,0.0,79,1017.2,28,10.4,6.9,,
2005-04-20,29.2,22.6,25.4,28.9,21.6,24.8,0.0,77,1015.6,66,7.8,5.3,,
2005-04-21,26.3,22.9,24.3,26.6,21.9,23.7,0.0,84,1013.1,83,2.0,5.8,,
2005-04-22,28.8,22.9,25.3,28.9,21.6,24.6,0.0,81,1012.3,61,9.0,5.4,,
2005-04-23,28.7,24.0,25.7,27.9,22.8,24.9,0.0,83,1012.3,74,5.3,3.6,,
2005-04-24,27.2,23.8,25.1,26.8,23.1,24.5,0.0,87,1012.3,81,1.6,5.3,,
2005-04-25,25.5,23.7,24.4,25.1,22.8,23.6,3.5,91,1011.0,88,0.4,6.0,,
2005-04-26,25.1,22.7,23.5,25.1,21.5,22.8,0.0,89,1011.2,91,0.9,10.8,,
2005-04-27,22.9,21.2,22.2,22.3,20.4,21.3,3.1,92,1011.3,99,0.0,11.6,,
2005-04-28,28.2,22.2,25.0,27.6,21.2,24.3,0.2,85,1009.6,85,2.2,6.2,,
2005-04-29,28.8,25.9,27.2,28.8,25.0,26.7,2.4,83,1008.4,87,3.0,10.4,,
2005-04-30,29.2,26.3,27.7,28.4,25.9,26.9,0.7,82,1007.7,88,0.4,11.8,,
2005-05-01,28.5,27.0,27.8,28.0,26.5,27.1,0.0,82,1007.4,88,0.0,10.3,,
2005-05-02,29.6,27.1,28.0,29.5,26.4,27.3,0.0,80,1008.7,87,1.3,6.3,,
2005-05-03,30.6,26.7,28.1,30.0,25.8,27.5,0.0,79,1009.0,77,4.9,6.0,,
2005-05-04,29.7,26.4,27.8,29.8,25.3,27.1,0.0,80,1007.9,82,1.5,7.4,,
2005-05-05,29.9,27.0,28.2,29.4,26.1,27.5,0.0,77,1004.2,87,3.1,11.3,,
2005-05-06,28.2,22.0,25.6,28.3,21.2,25.2,22.6,75,1005.3,69,4.4,7.5,,
2005-05-07,27.4,24.4,25.4,27.1,23.3,24.7,0.0,77,1008.3,78,2.5,8.3,,
2005-05-08,26.2,24.2,24.9,25.8,23.4,24.1,37.1,93,1008.4,91,0.0,6.6,,
2005-05-09,27.4,22.2,24.6,26.6,21.7,23.8,67.5,91,1005.8,92,0.0,6.9,,
2005-05-10,26.0,23.2,24.2,26.1,22.8,23.5,87.9,94,1005.7,89,1.6,7.3,,
2005-05-11,24.7,23.2,24.0,24.6,22.2,23.4,0.2,94,1007.6,93,0.0,12.8,,
2005-05-12,29.8,24.5,27.1,29.8,23.7,26.6,0.0,88,1007.0,88,2.2,4.9,,
2005-05-13,30.1,27.9,28.8,29.5,27.2,28.1,0.0,81,1005.7,87,2.0,8.8,,
2005-05-14,30.5,28.2,29.1,30.1,27.4,28.4,0.0,79,1006.3,85,2.8,8.1,,
2005-05-15,30.5,28.3,29.1,30.7,27.5,28.5,5.5,81,1008.7,84,3.7,8.6,,
2005-05-16,30.7,26.1,28.5,30.2,25.4,28.0,9.6,84,1009.4,84,3.3,8.6,,
2005-05-17,30.6,27.3,29.2,30.2,26.5,28.4,6.5,79,1009.1,83,4.4,10.2,,
2005-05-18,32.2,24.1,29.1,31.3,22.7,28.2,47.2,81,1009.0,85,4.0,6.9,,
2005-05-19,27.9,24.5,26.3,27.5,23.2,25.7,16.4,92,1010.1,87,0.9,7.8,,
2005-05-20,27.5,25.5,26.2,27.1,24.7,25.3,38.1,93,1010.8,88,0.9,11.3,,
2005-05-21,28.7,25.7,27.1,28.9,25.0,26.6,0.4,88,1009.7,72,5.6,8.5,,
2005-05-22,32.6,26.9,29.1,31.0,25.9,28.2,0.0,75,1008.9,44,10.4,5.1,,
2005-05-23,30.1,24.8,28.0,29.6,23.7,27.3,8.5,83,1008.3,75,4.5,4.7,,
2005-05-24,28.7,24.3,26.6,28.0,23.3,25.9,44.7,88,1007.6,84,3.3,4.6,,
2005-05-25,27.4,26.4,26.8,27.6,25.3,26.0,0.0,87,1009.1,72,2.1,9.7,,
2005-05-26,26.5,23.5,25.6,25.9,22.3,24.7,30.5,94,1009.3,90,0.5,11.6,,
2005-05-27,28.7,23.6,25.8,28.5,22.5,25.4,85.6,92,1006.5,90,0.7,4.8,,
2005-05-28,28.5,24.5,26.3,28.9,23.8,25.7,0.3,89,1006.5,91,2.7,7.7,,
2005-05-29,26.7,25.0,25.7,26.6,24.1,24.9,0.0,82,1009.3,86,1.6,14.5,,
2005-05-30,28.8,24.8,26.3,28.7,23.9,25.8,0.0,77,1008.5,58,9.2,14.3,,
2005-05-31,29.3,24.8,26.7,28.8,23.6,26.0,0.0,83,1006.0,82,3.5,8.4,,
2005-06-01,31.0,26.0,28.1,30.0,25.0,27.4,0.0,82,1004.0,86,4.4,5.0,,
2005-06-02,30.8,28.0,29.3,30.1,27.4,28.4,3.2,82,1003.2,86,3.0,9.7,,
2005-06-03,33.4,26.0,29.8,32.4,25.3,29.0,1.7,81,1003.8,83,6.6,7.8,,
2005-06-04,29.4,25.8,27.1,29.9,25.1,26.6,32.5,92,1005.2,86,3.0,7.0,,
2005-06-05,26.6,23.2,25.2,26.3,23.1,24.7,7.0,78,1006.2,88,0.2,13.6,,
2005-06-06,26.1,25.0,25.6,25.9,24.0,24.8,0.0,82,1006.3,88,0.6,14.9,,
2005-06-07,25.8,23.6,25.0,25.2,22.4,24.1,1.4,84,1006.2,89,0.1,13.8,,
2005-06-08,28.2,25.1,26.3,28.0,24.1,25.6,0.0,82,1005.9,84,4.9,13.5,,
2005-06-09,27.9,25.0,25.7,27.5,24.0,25.1,5.3,87,1004.6,80,2.0,10.5,,
2005-06-10,31.4,25.3,28.0,31.0,24.6,27.4,0.9,83,1002.0,58,7.9,6.0,,
2005-06-11,32.7,27.8,29.7,32.1,27.0,29.1,0.0,79,1000.9,69,10.2,7.1,,
2005-06-12,30.9,26.9,29.3,30.7,26.4,28.6,4.8,80,1000.9,86,3.3,6.9,,
2005-06-13,28.7,26.4,27.9,28.5,26.0,27.3,8.1,86,1001.8,88,0.1,5.5,,
2005-06-14,31.2,26.0,28.6,31.1,25.3,27.9,19.2,86,1000.9,88,1.4,6.6,,
2005-06-15,29.3,25.1,27.2,28.9,24.6,26.5,168.5,92,1001.4,90,0.2,4.5,,
2005-06-16,27.5,25.4,26.3,27.0,24.6,25.7,26.1,93,1004.6,91,0.0,3.4,,
2005-06-17,29.4,24.4,26.8,28.3,23.8,26.2,35.1,91,1006.9,87,0.4,4.5,,
2005-06-18,30.9,27.6,28.9,30.2,26.9,28.3,3.3,82,1005.7,91,3.0,14.2,,
2005-06-19,30.9,28.3,29.4,30.5,27.5,28.5,0.0,80,1004.9,88,3.0,12.8,,
2005-06-20,30.5,28.3,29.5,29.5,27.6,28.6,1.0,81,1004.8,88,0.3,11.3,,
2005-06-21,29.6,25.1,28.7,28.7,24.1,27.7,106.3,84,1004.9,90,0.0,11.9,,
2005-06-22,29.3,24.7,27.4,28.5,24.0,26.7,32.7,87,1005.3,90,0.0,9.3,,
2005-06-23,28.5,24.8,26.7,27.5,24.3,25.9,106.6,91,1005.8,95,0.0,5.3,,
2005-06-24,28.7,24.2,26.2,28.1,23.4,25.7,232.6,93,1007.0,91,1.2,4.5,,
2005-06-25,30.9,26.5,28.5,30.2,26.2,28.1,3.9,85,1006.6,82,4.6,6.4,,
2005-06-26,30.7,26.0,28.7,29.9,25.2,27.9,11.5,85,1005.1,83,2.9,9.6,,
2005-06-27,31.4,28.0,29.4,30.9,27.1,28.7,3.4,80,1004.8,80,5.9,9.0,,
2005-06-28,31.6,28.0,29.4,31.5,27.0,28.9,0.0,82,1005.2,68,8.6,8.7,,
2005-06-29,30.3,25.6,27.9,30.4,24.6,27.3,31.8,88,1006.2,80,4.3,8.1,,
2005-06-30,28.1,25.0,26.1,27.7,24.1,25.4,47.0,91,1007.6,88,0.4,10.9,,
2005-07-01,29.8,24.7,26.8,30.0,23.8,26.2,18.4,90,1010.3,84,1.4,6.9,,
2005-07-02,31.0,26.7,28.2,30.3,25.9,27.8,0.0,87,1010.5,58,9.0,9.7,,
2005-07-03,32.1,27.4,29.2,31.5,26.3,28.7,0.0,82,1009.5,33,11.4,8.0,,
2005-07-04,33.2,28.0,29.9,32.6,26.8,29.2,0.0,78,1008.6,58,9.3,6.0,,
2005-07-05,33.3,28.0,29.9,31.8,27.0,29.2,0.0,75,1007.7,33,11.4,5.6,,
2005-07-06,33.0,27.6,29.8,32.1,26.7,29.2,0.0,74,1006.0,23,10.8,4.6,,
2005-07-07,29.4,26.0,28.0,29.3,25.5,27.4,38.1,85,1004.3,77,1.6,5.3,,
2005-07-08,31.0,26.9,28.8,30.4,26.2,27.9,0.0,77,1006.8,83,3.7,9.3,,
2005-07-09,29.1,24.9,27.4,28.9,24.4,26.6,33.5,86,1008.7,78,2.6,7.1,,
2005-07-10,31.8,26.4,29.2,31.2,25.8,28.5,4.3,80,1010.4,67,8.2,9.7,,
2005-07-11,32.5,27.8,29.9,31.9,26.6,29.1,0.0,75,1011.4,39,12.1,5.7,,
2005-07-12,32.5,28.0,30.0,31.5,27.2,29.2,0.0,73,1011.2,35,10.3,5.4,,
2005-07-13,32.5,28.0,29.8,31.3,27.0,29.1,0.2,75,1011.3,58,10.5,7.7,,
2005-07-14,32.6,28.3,30.0,31.9,27.4,29.3,0.0,75,1012.1,61,11.6,7.5,,
2005-07-15,33.3,28.2,30.0,31.6,27.2,29.1,0.0,77,1011.5,41,7.7,5.3,,
2005-07-16,33.0,28.6,30.4,32.8,27.6,29.9,0.0,74,1009.4,49,11.6,5.7,,
2005-07-17,33.1,28.2,30.3,32.5,27.6,29.8,0.0,71,1005.2,39,10.6,8.0,,
2005-07-18,34.4,29.0,31.2,34.2,28.2,30.7,0.0,72,1001.1,74,9.6,9.8,,
2005-07-19,35.4,26.9,31.8,35.7,25.4,31.3,28.5,69,998.1,76,10.1,8.7,,
2005-07-20,34.4,24.6,30.8,34.0,23.8,30.2,20.4,76,999.4,52,9.2,8.4,,
2005-07-21,32.9,24.8,29.0,32.1,24.1,28.3,4.4,79,1001.4,84,7.5,6.0,,
2005-07-22,29.0,24.8,26.5,28.5,23.5,25.7,79.7,89,1004.6,86,2.4,5.0,,
2005-07-23,30.2,26.1,27.6,30.2,25.1,27.0,0.0,82,1005.9,73,8.5,5.5,,
2005-07-24,31.4,26.7,28.7,31.3,25.5,28.3,0.0,82,1005.1,37,11.8,5.5,,
2005-07-25,32.7,27.0,29.5,31.5,26.5,28.6,0.0,76,1004.4,34,11.3,5.2,,
2005-07-26,32.5,26.9,29.2,31.4,26.0,28.3,0.0,75,1004.2,33,10.5,4.5,,
2005-07-27,31.8,27.6,29.2,31.0,26.5,28.4,0.0,78,1004.3,36,10.0,8.2,,
2005-07-28,31.8,28.0,29.4,31.3,26.9,28.6,0.7,81,1003.0,65,8.1,12.2,,
2005-07-29,28.7,25.5,27.4,28.4,24.3,26.7,35.4,92,1001.3,89,1.3,15.8,,
2005-07-30,28.8,26.0,26.9,28.5,25.2,26.3,47.3,94,1003.5,90,0.4,13.7,,
2005-07-31,28.3,26.0,27.1,27.5,25.1,26.5,49.5,94,1007.1,87,0.0,8.6,,
2005-08-01,30.3,25.8,28.2,32.6,24.9,28.4,15.9,89,1008.4,57,7.8,6.9,,
2005-08-02,31.8,27.2,29.3,31.2,26.0,28.4,0.0,78,1006.1,31,10.8,6.1,,
2005-08-03,32.3,27.4,29.4,31.6,26.3,28.6,0.0,77,1002.9,34,11.3,7.9,,
2005-08-04,32.6,28.1,29.7,31.7,27.3,29.0,0.0,79,1000.9,57,10.0,8.0,,
2005-08-05,32.5,28.1,29.8,32.2,27.5,29.2,0.0,78,999.4,76,8.7,8.4,,
2005-08-06,33.5,28.4,30.3,33.1,27.6,29.6,0.0,78,997.9,68,7.2,7.1,,
2005-08-07,32.9,29.0,30.3,32.1,28.0,29.5,0.0,78,1000.2,62,9.7,7.0,,
2005-08-08,32.3,28.6,29.9,31.6,27.4,29.1,0.0,82,1003.7,64,9.9,9.0,,
2005-08-09,30.7,26.1,28.1,30.8,24.8,27.4,48.5,88,1004.1,86,4.2,12.0,,
2005-08-10,29.3,26.4,27.7,29.4,25.4,27.2,26.4,90,1002.9,85,4.2,17.7,,
2005-08-11,30.6,25.9,28.5,30.6,25.2,28.1,12.6,86,1004.0,72,7.0,14.9,,
2005-08-12,32.6,27.1,29.4,33.1,26.2,29.0,9.4,75,1000.7,65,8.5,7.1,,
2005-08-13,29.5,23.9,26.7,28.9,23.2,26.0,83.9,90,999.4,92,0.1,7.3,,
2005-08-14,30.9,24.6,28.8,30.2,24.1,28.0,2.5,81,1004.2,87,4.0,11.2,,
2005-08-15,29.1,26.1,27.6,29.2,25.3,26.7,14.9,88,1005.3,85,0.6,4.6,,
2005-08-16,27.6,25.4,26.2,27.8,24.4,25.6,49.0,94,1005.4,88,1.5,7.9,,
2005-08-17,26.6,24.8,25.6,27.3,23.9,25.0,51.6,96,1005.7,87,3.6,7.3,,
2005-08-18,28.1,25.0,25.9,27.9,24.0,25.0,39.7,92,1006.8,90,0.5,3.5,,
2005-08-19,26.9,24.5,25.5,26.2,23.7,24.6,242.9,92,1006.3,97,0.2,4.2,,
2005-08-20,26.5,23.9,25.0,25.3,23.0,24.1,303.3,93,1004.4,99,0.0,8.2,,
2005-08-21,27.8,25.9,27.2,27.2,25.0,26.5,17.8,90,1006.0,91,0.0,2.0,,
2005-08-22,30.5,27.0,28.5,30.0,26.6,27.9,0.0,82,1008.9,86,5.4,4.8,,
2005-08-23,31.6,27.1,28.8,30.9,26.1,28.1,0.0,80,1008.8,63,10.5,6.7,,
2005-08-24,30.1,25.9,27.6,29.5,25.3,26.9,16.6,85,1006.7,80,4.3,4.7,,
2005-08-25,29.6,26.3,27.5,29.4,25.6,27.0,0.0,80,1007.1,85,2.6,3.4,,
2005-08-26,28.4,26.4,27.1,28.8,25.7,26.5,2.8,88,1009.2,88,3.5,8.6,,
2005-08-27,28.0,26.4,27.3,28.0,25.6,26.7,0.3,89,1009.4,90,1.2,12.1,,
2005-08-28,29.8,26.8,28.0,30.2,26.2,27.7,2.5,86,1008.6,86,6.1,13.0,,
2005-08-29,30.2,26.4,28.0,30.2,25.6,27.7,9.1,89,1008.0,69,8.1,13.0,,
2005-08-30,30.9,25.4,28.3,31.3,24.3,27.8,21.3,85,1005.3,41,8.5,5.3,,
2005-08-31,32.3,26.8,29.4,32.2,25.8,28.8,0.3,76,1002.4,20,10.2,6.5,,
2005-09-01,32.1,28.2,30.1,32.5,27.5,29.9,0.0,66,999.8,49,9.8,8.8,,
2005-09-02,31.7,27.8,29.2,31.4,27.1,28.7,0.0,69,1002.6,85,6.4,6.5,,
2005-09-03,29.9,25.5,27.9,30.0,24.9,27.3,11.7,87,1004.4,84,2.0,6.9,,
2005-09-04,27.4,25.2,26.7,27.2,24.6,26.1,54.3,93,1006.0,87,0.2,9.4,,
2005-09-05,30.7,26.3,28.3,31.0,25.1,27.9,0.0,77,1007.8,31,11.3,5.9,,
2005-09-06,30.5,26.7,27.9,30.4,25.9,27.6,11.5,82,1008.0,73,4.3,3.2,,
2005-09-07,31.4,26.4,28.5,31.1,25.6,28.2,20.4,79,1008.8,60,7.4,4.9,,
2005-09-08,30.3,26.4,27.9,30.8,25.5,27.5,0.7,86,1010.1,81,6.6,8.3,,
2005-09-09,30.5,27.0,28.4,30.7,26.2,27.9,0.0,80,1010.3,77,7.7,7.3,,
2005-09-10,30.5,26.8,28.2,31.1,25.7,27.8,0.0,77,1008.3,69,8.0,4.7,,
2005-09-11,31.3,26.4,28.7,31.6,25.8,28.2,0.0,75,1006.3,56,5.2,2.7,,
2005-09-12,31.0,27.5,29.1,31.4,26.7,28.7,0.0,80,1009.2,63,7.3,9.2,,
2005-09-13,30.6,26.9,28.7,30.9,26.2,28.5,13.2,87,1012.7,79,5.3,13.2,,
2005-09-14,31.9,28.0,29.3,32.0,26.6,28.9,0.0,79,1013.7,65,8.7,9.3,,
2005-09-15,31.6,27.3,29.1,32.0,26.4,28.6,1.7,80,1012.2,53,7.6,10.9,,
2005-09-16,31.8,28.3,29.5,32.0,27.2,29.0,0.0,76,1010.5,45,10.3,10.0,,
2005-09-17,30.9,25.4,27.8,30.9,24.4,27.0,23.0,83,1010.9,79,3.1,16.0,,
2005-09-18,29.6,26.1,28.2,29.7,25.2,27.8,3.8,86,1014.0,87,2.4,19.4,,
2005-09-19,30.9,27.8,28.8,31.5,26.9,28.6,0.0,84,1015.3,59,10.1,10.5,,
2005-09-20,30.8,26.0,28.8,31.1,25.4,28.3,2.7,79,1011.9,64,5.7,4.1,,
2005-09-21,31.7,27.6,29.5,32.3,26.8,29.1,0.0,77,1008.6,49,9.3,5.9,,
2005-09-22,34.3,28.9,31.0,34.9,28.4,31.0,0.0,68,1005.7,63,8.9,9.3,,
2005-09-23,31.7,27.0,28.6,31.8,25.5,28.0,0.0,67,1005.2,80,5.7,15.5,,
2005-09-24,27.8,24.2,26.5,27.7,23.4,25.8,10.6,78,1004.5,88,1.3,21.0,,
2005-09-25,27.4,23.5,25.8,27.4,22.3,25.3,130.2,90,1005.7,94,0.8,22.8,,
2005-09-26,26.8,24.8,25.9,26.4,24.0,25.4,37.2,92,1010.0,92,0.3,18.8,,
2005-09-27,26.9,25.2,25.9,26.7,24.6,25.4,30.6,93,1014.2,87,0.3,13.6,,
2005-09-28,29.0,25.5,27.0,29.7,25.1,26.8,1.0,85,1014.3,65,8.9,10.1,,
2005-09-29,29.4,26.3,27.4,30.3,25.3,27.0,0.0,82,1013.2,64,8.0,6.0,,
2005-09-30,30.1,26.1,27.6,30.8,25.0,27.2,0.0,82,1013.0,47,7.5,4.3,,
2005-10-01,30.8,26.8,28.6,31.3,26.0,28.1,0.0,80,1011.2,36,9.0,4.7,,
2005-10-02,32.4,24.9,29.0,32.3,23.6,28.7,3.6,78,1006.9,54,7.9,5.2,,
2005-10-03,32.3,27.5,29.6,32.8,26.4,29.3,0.0,67,1006.8,72,6.6,5.9,,
2005-10-04,30.6,25.6,27.7,30.2,24.3,27.0,0.0,70,1011.6,59,6.4,5.5,,
2005-10-05,30.5,26.0,27.8,30.0,24.8,27.1,0.1,74,1012.6,79,4.2,4.3,,
2005-10-06,30.3,26.1,28.1,30.7,25.2,27.5,0.1,77,1012.5,62,8.1,9.6,,
2005-10-07,29.9,26.5,28.1,30.9,25.9,27.8,2.1,78,1012.4,71,4.7,8.7,,
2005-10-08,29.7,25.4,27.4,29.9,24.7,26.9,0.0,63,1013.1,67,6.7,13.7,,
2005-10-09,28.5,24.6,26.5,28.4,23.7,25.9,0.0,66,1014.6,72,6.3,12.0,,
2005-10-10,28.9,25.1,26.8,29.6,23.9,26.4,0.0,74,1014.5,60,10.2,9.8,,
2005-10-11,29.1,26.0,27.3,29.2,25.0,26.8,0.6,74,1014.6,65,7.8,13.1,,
2005-10-12,28.0,26.0,26.7,28.5,24.9,25.9,0.0,76,1013.6,71,5.1,12.2,,
2005-10-13,29.6,25.4,27.0,30.2,24.0,26.4,0.1,77,1013.2,47,8.0,7.7,,
2005-10-14,29.8,25.7,27.2,30.4,24.2,26.5,0.0,79,1013.1,34,10.1,5.8,,
2005-10-15,29.0,25.6,26.9,28.6,24.7,26.0,0.0,78,1014.3,53,4.5,5.3,,
2005-10-16,28.3,24.3,26.1,28.8,23.0,25.4,0.0,75,1015.1,45,5.9,5.5,,
2005-10-17,27.9,25.4,26.3,27.9,24.1,25.5,0.0,80,1016.4,75,2.1,7.7,,
2005-10-18,27.7,25.2,26.1,28.0,24.1,25.5,0.0,70,1017.8,61,8.5,12.3,,
2005-10-19,27.7,24.0,25.6,27.5,22.8,24.9,0.0,66,1017.8,41,10.0,14.3,,
2005-10-20,27.8,23.5,25.5,27.9,22.4,24.7,0.0,68,1017.3,31,10.3,11.4,,
2005-10-21,28.9,24.1,26.1,29.4,22.9,25.4,0.0,69,1016.7,21,10.3,9.3,,
2005-10-22,27.7,23.2,25.2,27.9,22.0,24.5,0.0,61,1018.4,44,9.8,10.6,,
2005-10-23,25.3,21.3,23.3,25.5,19.6,22.4,0.0,62,1019.4,39,8.5,9.8,,
2005-10-24,25.6,20.6,23.0,26.4,19.1,22.2,0.0,65,1019.0,10,10.0,6.6,,
2005-10-25,26.2,23.2,24.4,26.6,21.7,23.6,0.0,73,1017.8,84,5.5,8.9,,
2005-10-26,26.8,23.1,24.8,27.3,21.9,24.2,0.0,76,1017.6,59,9.1,10.0,,
2005-10-27,27.3,24.1,25.4,28.0,23.1,25.1,0.0,76,1017.6,57,9.4,12.4,,
2005-10-28,27.8,24.2,25.8,28.3,23.0,25.3,0.0,79,1016.2,40,9.9,10.7,,
2005-10-29,26.1,22.6,24.8,25.8,21.3,24.0,0.0,70,1014.9,80,1.9,10.0,,
2005-10-30,24.9,20.8,22.9,25.1,19.7,22.0,0.0,67,1016.7,87,4.7,11.2,,
2005-10-31,23.2,20.5,22.1,23.0,19.3,21.2,0.0,61,1018.2,88,0.2,11.2,,
2005-11-01,23.8,22.0,22.9,23.2,21.0,22.2,0.0,63,1017.2,86,0.1,10.7,,
2005-11-02,26.6,23.3,24.6,27.5,22.4,24.0,0.0,75,1016.4,82,3.5,12.9,,
2005-11-03,27.0,23.7,24.9,27.7,22.7,24.5,0.0,76,1016.5,66,10.2,10.7,,
2005-11-04,26.9,23.6,24.8,27.6,22.4,24.5,0.0,82,1015.3,53,9.9,10.0,,
2005-11-05,27.6,23.8,25.3,29.1,22.9,25.0,0.0,86,1013.6,42,9.9,4.7,,
2005-11-06,28.3,24.4,26.3,29.1,23.3,26.0,0.0,82,1012.8,47,8.1,4.0,,
2005-11-07,28.5,24.9,26.1,29.3,24.3,25.6,0.0,88,1013.9,72,2.1,6.5,,
2005-11-08,27.1,24.9,25.6,28.3,24.1,25.2,0.0,87,1015.6,59,6.1,9.3,,
2005-11-09,27.2,24.7,25.6,28.8,23.7,25.3,0.0,86,1015.0,67,7.3,6.9,,
2005-11-10,28.4,24.1,25.9,29.7,22.9,25.2,0.0,86,1012.6,50,7.7,3.9,,
2005-11-11,27.9,24.2,25.6,29.3,22.9,25.1,0.0,85,1011.8,30,8.2,4.0,,
2005-11-12,28.4,24.4,25.8,29.2,23.4,25.3,0.0,81,1012.5,55,6.7,10.0,,
2005-11-13,26.2,24.7,25.4,26.2,23.9,24.9,0.0,81,1012.9,85,0.6,11.7,,
2005-11-14,26.6,24.5,25.3,27.2,23.7,24.7,0.0,84,1012.7,88,3.2,11.3,,
2005-11-15,24.5,20.3,22.5,23.8,19.3,21.7,1.6,81,1014.1,89,0.4,11.3,,
2005-11-16,23.3,19.2,21.1,24.2,18.2,20.5,0.0,72,1017.3,69,7.0,11.2,,
2005-11-17,23.5,19.1,21.2,24.5,17.4,20.6,0.0,73,1019.0,50,8.5,7.7,,
2005-11-18,23.2,19.1,21.1,23.6,18.0,20.5,0.0,69,1021.4,58,8.4,8.9,,
2005-11-19,21.4,17.1,19.3,22.1,15.9,18.6,0.0,68,1022.2,38,9.9,10.9,,
2005-11-20,20.6,15.4,17.9,21.3,14.1,17.3,0.0,68,1021.6,20,9.7,11.5,,
2005-11-21,20.6,16.5,18.5,21.3,15.4,18.0,0.0,63,1022.1,28,9.9,10.3,,
2005-11-22,21.8,16.2,19.1,23.0,14.9,18.7,0.0,63,1021.7,28,9.8,6.9,,
2005-11-23,23.6,18.3,20.9,24.7,16.9,20.7,0.0,65,1020.2,32,9.6,5.9,,
2005-11-24,22.9,18.9,20.8,24.1,17.7,20.4,0.0,71,1019.6,55,8.7,4.5,,
2005-11-25,22.7,19.9,21.1,24.5,18.8,20.8,0.0,79,1018.5,64,8.4,6.0,,
2005-11-26,24.8,19.7,21.7,25.9,18.5,21.2,0.0,78,1017.6,17,9.3,4.3,,
2005-11-27,24.0,20.1,21.9,25.4,18.7,21.5,0.0,78,1017.0,21,9.4,10.5,,
2005-11-28,26.1,21.5,23.5,28.2,20.8,23.5,0.0,79,1016.9,76,5.2,3.6,,
2005-11-29,25.1,21.9,23.0,26.9,21.1,22.9,0.0,75,1015.6,48,8.9,7.1,,
2005-11-30,22.5,20.5,21.4,22.4,19.3,20.6,0.0,79,1014.7,81,3.3,12.8,,
2005-12-01,22.7,19.6,21.1,23.8,18.2,20.6,0.0,79,1015.7,30,9.1,11.3,,
2005-12-02,24.0,20.0,21.8,26.0,18.8,21.6,0.0,81,1016.9,20,9.5,8.4,,
2005-12-03,24.0,20.9,22.1,25.7,20.2,21.9,0.0,76,1016.2,79,5.4,10.3,,
2005-12-04,22.3,17.2,19.0,21.6,16.1,18.2,0.0,61,1017.8,39,9.7,11.6,,
2005-12-05,17.6,12.8,15.7,16.3,11.4,14.6,0.0,56,1021.6,94,0.0,12.3,,
2005-12-06,13.6,11.1,12.1,12.8,9.9,10.9,0.0,54,1024.6,95,0.2,10.6,,
2005-12-07,16.5,11.7,14.1,17.1,10.6,13.6,0.0,55,1023.8,93,1.7,6.0,,
2005-12-08,19.6,15.5,17.5,21.0,14.7,17.3,0.0,66,1022.0,66,6.4,7.7,,
2005-12-09,21.3,17.2,19.0,23.7,16.1,19.0,0.0,78,1019.1,66,7.0,9.3,,
2005-12-10,22.5,19.0,20.5,23.5,18.3,20.2,0.0,81,1017.1,81,0.9,6.3,,
2005-12-11,21.9,17.2,19.8,23.0,16.0,19.4,0.0,70,1018.9,59,7.9,9.3,,
2005-12-12,17.7,14.7,16.1,17.6,13.6,15.3,0.0,63,1022.3,84,0.3,13.0,,
2005-12-13,17.4,13.5,15.7,17.3,12.5,14.9,0.0,63,1023.2,88,0.9,10.4,,
2005-12-14,16.9,13.8,15.4,16.8,12.7,14.6,0.0,52,1024.6,88,0.0,13.3,,
2005-12-15,17.0,12.0,14.6,17.5,10.9,14.0,0.0,39,1025.8,74,7.4,15.2,,
2005-12-16,17.5,12.3,15.1,19.2,10.7,14.8,0.0,48,1024.9,65,7.3,5.5,,
2005-12-17,18.3,13.4,15.8,19.6,12.5,15.6,0.0,42,1025.0,27,9.6,11.0,,
2005-12-18,15.6,11.2,13.4,17.1,10.2,13.0,0.0,48,1024.5,10,9.5,9.7,,
2005-12-19,16.7,11.4,14.3,18.5,9.9,14.0,0.0,65,1021.9,20,9.6,7.9,,
2005-12-20,19.1,13.9,16.6,21.3,13.0,16.5,0.0,68,1021.2,22,9.3,7.7,,
2005-12-21,16.9,12.5,15.2,17.6,11.5,14.8,0.0,37,1025.4,24,9.4,12.6,,
2005-12-22,14.8,10.4,12.7,15.9,9.5,12.4,0.0,32,1025.3,4,9.5,10.0,,
2005-12-23,17.0,11.7,14.5,19.0,10.0,14.2,0.0,58,1021.6,13,9.5,5.1,,
2005-12-24,19.8,15.2,17.4,21.7,14.2,17.6,0.0,72,1019.9,43,7.8,6.3,,
2005-12-25,20.8,16.6,18.6,22.8,16.2,18.7,0.0,62,1019.2,83,3.2,6.0,,
2005-12-26,21.1,17.7,19.2,22.2,17.0,19.2,0.0,63,1019.9,51,9.4,8.1,,
2005-12-27,19.5,16.7,17.9,20.1,16.1,17.4,0.0,75,1021.4,85,3.9,11.0,,
2005-12-28,17.5,16.0,16.7,17.1,15.3,16.1,1.6,86,1020.8,92,0.0,6.7,,
2005-12-29,21.5,16.0,18.5,23.3,15.2,18.5,0.1,83,1019.6,81,7.6,5.9,,
2005-12-30,19.5,15.9,18.0,20.6,15.6,17.8,7.8,93,1018.9,95,0.5,6.2,,
2005-12-31,22.9,18.0,19.9,24.2,17.9,20.0,0.0,85,1019.0,51,7.2,4.5,,
2006-01-01,21.6,17.7,19.2,23.4,17.2,19.1,0.0,82,1019.9,56,7.8,7.2,,
2006-01-02,21.3,17.1,18.5,23.5,16.2,18.4,0.0,80,1019.2,31,9.4,9.1,,
2006-01-03,18.3,16.2,17.5,18.3,15.4,17.1,0.0,83,1017.1,85,2.3,14.1,,
2006-01-04,20.1,17.2,18.7,21.6,16.5,18.5,0.0,85,1014.8,89,3.4,10.5,,
2006-01-05,19.6,13.3,17.1,20.1,12.1,16.3,0.0,80,1018.8,79,1.2,8.1,,
2006-01-06,13.3,9.4,11.2,12.1,8.3,10.3,0.0,67,1024.8,88,0.0,12.5,,
2006-01-07,12.7,8.0,10.4,13.9,6.9,9.9,0.0,59,1025.1,51,7.4,8.6,,
2006-01-08,13.5,10.8,11.7,13.0,9.8,11.0,0.0,61,1023.7,85,0.0,8.1,,
2006-01-09,14.8,10.8,12.8,14.7,10.1,12.5,0.0,57,1021.7,88,0.0,4.0,,
2006-01-10,17.0,14.3,15.6,18.2,13.8,15.3,0.0,77,1019.5,88,3.2,8.9,,
2006-01-11,18.9,14.9,17.0,20.0,14.2,17.0,0.0,79,1017.6,71,8.3,9.7,,
2006-01-12,21.0,17.4,19.0,22.7,16.8,19.1,0.0,83,1015.9,51,7.2,9.3,,
2006-01-13,22.8,17.0,19.5,24.5,16.0,19.5,0.0,83,1015.0,15,9.7,3.2,,
2006-01-14,19.7,17.5,18.5,20.9,16.6,18.3,0.0,86,1016.1,41,9.2,7.8,,
2006-01-15,21.4,17.1,19.0,23.6,16.0,19.1,0.0,81,1016.1,47,8.0,7.6,,
2006-01-16,22.0,18.3,19.9,24.2,17.6,20.1,0.0,83,1015.2,58,7.4,8.1,,
2006-01-17,19.9,18.1,18.9,19.5,17.4,18.5,0.7,90,1015.8,89,0.2,12.4,,
2006-01-18,19.6,17.7,18.9,20.0,17.2,18.5,0.8,93,1013.5,93,0.0,13.4,,
2006-01-19,19.1,18.4,18.7,18.7,18.1,18.4,0.3,94,1011.5,100,0.0,11.3,,
2006-01-20,18.7,14.1,17.1,18.3,13.7,16.7,1.3,94,1013.3,88,0.0,2.2,,
2006-01-21,14.3,11.4,13.0,13.7,10.9,12.3,4.3,85,1016.9,93,0.0,4.0,,
2006-01-22,13.4,11.7,12.8,12.8,10.7,12.0,0.0,80,1018.2,88,0.0,4.8,,
2006-01-23,14.9,10.5,12.3,15.7,9.7,11.8,0.0,72,1021.9,87,0.6,7.7,,
2006-01-24,15.8,11.1,13.6,16.1,10.0,13.4,0.0,70,1022.8,84,0.2,5.5,,
2006-01-25,18.7,13.7,15.8,19.6,13.0,15.7,0.0,67,1022.7,62,6.4,5.3,,
2006-01-26,17.6,12.8,15.3,18.4,11.9,15.0,0.0,64,1022.7,68,3.9,6.3,,
2006-01-27,18.2,13.5,15.8,19.1,12.6,15.4,0.0,71,1019.7,83,4.2,7.9,,
2006-01-28,15.8,13.5,15.0,16.1,12.9,14.6,6.8,93,1017.4,96,0.0,5.6,,
2006-01-29,19.9,15.2,17.2,21.9,14.8,17.6,2.1,92,1017.6,71,7.3,6.6,,
2006-01-30,21.4,17.3,19.1,23.8,16.9,19.4,0.0,83,1019.5,59,6.9,7.6,,
2006-01-31,23.6,18.3,20.5,24.7,18.1,20.4,0.0,80,1019.8,62,8.9,4.0,,
2006-02-01,20.8,17.9,19.1,22.1,17.3,19.0,0.0,86,1021.0,56,6.8,8.8,,
2006-02-02,19.4,16.4,17.8,20.1,15.8,17.5,0.0,78,1022.2,40,9.0,15.8,,
2006-02-03,20.7,16.6,18.4,22.2,15.8,18.4,0.0,79,1024.2,55,8.6,12.1,,
2006-02-04,16.6,14.7,15.7,15.8,13.8,14.9,0.0,82,1026.8,89,0.0,9.3,,
2006-02-05,17.4,14.0,15.8,19.2,13.1,15.7,0.0,75,1023.9,82,6.9,8.7,,
2006-02-06,21.7,15.3,18.2,22.2,14.0,17.9,0.0,78,1019.7,31,10.0,4.8,,
2006-02-07,22.3,16.8,19.1,24.3,15.9,19.0,0.0,76,1021.7,21,10.1,9.0,,
2006-02-08,19.6,15.4,17.0,20.6,14.6,16.7,0.0,69,1025.7,43,9.7,14.5,,
2006-02-09,17.1,14.5,15.4,17.2,13.3,14.7,0.0,75,1027.5,77,7.1,14.3,,
2006-02-10,19.8,13.9,16.5,21.6,12.6,16.1,0.0,78,1022.8,52,9.7,4.0,,
2006-02-11,21.3,15.6,18.3,23.1,14.2,18.1,0.0,78,1019.6,23,9.0,3.0,,
2006-02-12,19.8,16.9,18.0,20.1,16.3,17.6,0.0,73,1021.0,64,7.6,13.4,,
2006-02-13,18.7,15.8,17.6,19.3,14.9,17.2,0.0,71,1018.8,94,0.2,11.9,,
2006-02-14,20.4,17.6,18.6,20.7,17.1,18.4,4.7,88,1015.5,96,0.0,10.1,,
2006-02-15,24.4,18.5,20.9,25.3,18.2,21.0,0.0,90,1013.0,72,5.6,6.6,,
2006-02-16,25.3,19.6,22.4,25.7,20.0,22.3,0.0,87,1015.1,86,0.0,3.0,,
2006-02-17,20.2,15.8,17.3,20.1,14.9,16.5,0.0,84,1020.9,88,0.1,11.8,,
2006-02-18,15.8,13.1,14.6,14.9,11.9,13.7,0.0,84,1020.8,88,0.0,7.7,,
2006-02-19,18.5,12.3,15.2,19.9,11.8,15.1,0.5,84,1019.5,88,2.4,3.9,,
2006-02-20,20.3,15.3,17.0,20.8,15.0,16.8,0.0,81,1019.3,76,4.4,4.7,,
2006-02-21,23.2,16.8,19.0,24.3,16.3,18.7,0.0,81,1017.7,62,8.5,9.6,,
2006-02-22,25.0,18.8,21.3,25.3,18.4,21.3,0.0,77,1017.1,71,4.8,3.9,,
2006-02-23,20.6,17.2,18.4,20.6,16.4,17.9,0.0,82,1018.8,90,0.0,10.2,,
2006-02-24,17.8,16.8,17.1,17.9,16.2,16.6,0.0,87,1018.5,88,0.1,9.7,,
2006-02-25,19.8,16.1,17.7,20.4,15.4,17.5,0.3,84,1015.3,88,0.3,8.0,,
2006-02-26,22.5,16.6,19.1,23.6,16.0,18.9,0.3,82,1015.2,85,2.0,8.9,,
2006-02-27,16.6,14.1,15.2,16.0,13.6,14.7,11.9,89,1016.7,91,0.0,20.6,,
2006-02-28,16.6,9.7,14.2,17.1,9.2,13.7,20.0,94,1017.1,92,0.3,8.6,,
2006-03-01,12.9,9.1,10.6,12.4,8.5,10.0,0.1,71,1020.7,63,6.1,12.0,,
2006-03-02,15.8,9.7,12.7,16.7,8.8,12.3,0.0,68,1021.3,64,6.5,5.4,,
2006-03-03,18.6,12.3,15.0,19.4,11.2,14.8,0.0,74,1020.1,5,10.8,8.0,,
2006-03-04,17.1,14.1,15.6,17.7,13.2,15.2,0.0,74,1019.3,70,0.2,10.2,,
2006-03-05,18.6,15.3,17.2,19.3,14.9,17.3,2.4,88,1017.5,89,0.1,9.1,,
2006-03-06,20.7,17.8,19.3,21.0,17.8,19.5,1.8,92,1015.6,91,0.0,7.6,,
2006-03-07,21.0,19.2,19.9,22.7,18.6,19.9,0.0,90,1015.4,86,3.4,10.8,,
2006-03-08,21.9,18.3,19.8,22.6,17.9,19.6,0.0,86,1016.7,77,3.8,10.8,,
2006-03-09,24.0,18.7,20.8,24.4,17.9,20.4,0.0,87,1016.5,51,4.4,4.5,,
2006-03-10,22.5,19.6,20.5,23.1,18.7,20.3,0.0,88,1015.7,47,6.2,9.3,,
2006-03-11,23.0,19.9,21.0,23.6,19.3,20.9,0.0,90,1012.7,87,3.8,9.4,,
2006-03-12,23.6,15.6,20.7,24.5,14.2,20.4,0.8,93,1012.2,90,0.7,8.2,,
2006-03-13,15.5,9.1,12.1,14.3,8.3,11.0,5.1,86,1021.5,89,0.0,12.0,,
2006-03-14,15.0,9.0,12.5,15.4,8.0,12.0,0.3,81,1022.6,84,0.2,5.3,,
2006-03-15,18.3,14.2,16.5,19.1,13.6,16.4,0.0,82,1017.7,87,0.3,8.9,,
2006-03-16,23.4,17.6,20.2,23.4,17.4,20.1,0.0,82,1012.8,81,5.2,3.9,,
2006-03-17,20.8,19.3,19.9,21.1,18.9,19.8,0.0,91,1012.1,86,0.7,12.4,,
2006-03-18,26.2,19.6,22.4,27.5,19.4,22.7,0.3,89,1012.6,57,6.3,5.1,,
2006-03-19,22.7,19.2,21.5,22.8,18.5,21.0,0.0,81,1014.8,71,4.0,13.7,,
2006-03-20,19.2,17.6,18.3,19.4,16.8,17.7,0.0,81,1015.2,88,1.9,17.3,,
2006-03-21,21.4,17.7,19.5,22.2,17.0,19.3,0.0,91,1011.2,88,0.6,11.6,,
2006-03-22,22.4,19.6,21.1,22.6,19.4,21.0,0.0,96,1009.6,93,0.7,9.4,,
2006-03-23,24.9,18.5,22.6,24.8,18.0,22.4,11.2,95,1008.7,88,0.0,7.0,,
2006-03-24,18.6,16.7,17.5,18.0,16.1,16.9,15.7,95,1012.5,91,0.0,14.4,,
2006-03-25,18.3,16.9,17.5,18.0,16.4,17.2,6.6,93,1013.5,89,0.1,14.3,,
2006-03-26,19.9,17.8,18.5,20.4,17.4,18.2,3.0,96,1012.1,94,0.0,12.0,,
2006-03-27,19.0,17.2,18.0,18.7,16.6,17.6,1.1,96,1011.1,94,0.0,10.3,,
2006-03-28,22.8,16.9,19.5,23.8,16.5,19.6,0.0,75,1014.3,36,10.4,6.6,,
2006-03-29,21.7,18.2,19.8,22.2,17.8,19.5,0.0,74,1016.4,57,7.3,12.3,,
2006-03-30,22.5,19.0,20.5,23.3,18.4,20.4,0.0,84,1016.3,81,5.4,11.0,,
2006-03-31,24.3,20.5,21.8,24.4,20.1,21.6,0.0,86,1014.3,83,4.2,11.4,,
2006-04-01,26.8,20.8,23.2,27.7,20.3,23.2,0.0,86,1011.9,68,6.3,6.5,,
2006-04-02,25.2,22.1,23.4,25.1,21.4,23.1,0.1,88,1012.5,86,0.0,2.4,,
2006-04-03,26.6,22.2,23.9,27.9,21.8,23.9,0.0,90,1012.0,81,6.1,8.7,,
2006-04-04,28.2,23.1,25.5,28.0,22.6,25.1,0.0,83,1010.5,79,4.7,6.3,,
2006-04-05,28.2,24.6,26.3,28.7,23.9,26.0,0.0,82,1009.8,87,3.7,6.7,,
2006-04-06,26.8,22.2,24.4,27.5,21.6,24.2,0.0,86,1012.5,83,5.9,9.3,,
2006-04-07,23.2,21.4,22.2,22.9,20.5,21.6,0.0,88,1014.6,86,0.0,10.0,,
2006-04-08,24.6,20.5,22.3,25.3,19.6,22.0,0.0,73,1013.7,81,4.0,10.8,,
2006-04-09,25.7,22.2,24.1,25.9,21.6,24.0,0.0,89,1010.7,86,0.0,7.9,,
2006-04-10,28.6,25.6,27.0,28.3,24.7,26.6,0.0,83,1008.0,85,3.6,11.8,,
2006-04-11,29.6,26.5,27.6,29.5,25.6,27.2,0.0,80,1008.1,86,2.8,10.1,,
2006-04-12,29.9,26.6,27.8,29.6,26.1,27.3,0.0,77,1006.8,81,5.3,13.4,,
2006-04-13,27.3,19.7,23.2,26.9,18.5,22.7,0.9,86,1011.0,97,0.0,8.1,,
2006-04-14,20.4,18.6,19.5,19.9,17.6,18.7,0.1,87,1015.7,99,0.0,5.2,,
2006-04-15,18.7,15.1,16.8,17.6,14.2,15.9,1.0,83,1016.5,90,0.0,7.0,,
2006-04-16,18.8,15.7,17.5,18.6,14.9,16.9,0.0,80,1016.6,87,0.0,4.9,,
2006-04-17,23.2,17.8,20.5,24.0,17.1,20.3,0.0,74,1015.2,76,7.3,10.3,,
2006-04-18,25.6,20.7,22.8,26.6,20.1,22.6,0.0,81,1015.1,57,6.6,10.0,,
2006-04-19,28.9,22.1,25.5,29.0,21.3,25.2,0.0,75,1014.6,39,10.3,4.3,,
2006-04-20,29.0,22.2,24.7,29.6,21.3,24.3,0.2,84,1014.4,69,5.5,8.8,,
2006-04-21,25.8,21.7,23.3,26.4,21.0,22.9,0.0,84,1012.0,77,6.7,12.6,,
2006-04-22,29.3,23.3,26.1,29.4,22.6,25.7,0.0,81,1008.9,73,7.7,6.0,,
2006-04-23,30.1,25.6,27.4,30.7,25.1,27.2,0.0,82,1009.4,81,7.5,5.5,,
2006-04-24,26.7,23.4,24.3,26.3,22.8,24.0,109.4,94,1011.6,90,1.9,9.3,,
2006-04-25,25.0,22.8,23.6,24.6,22.1,23.0,0.0,91,1011.1,88,1.3,13.4,,
2006-04-26,29.2,23.8,26.8,28.9,23.2,26.5,8.0,83,1008.9,83,5.0,8.1,,
2006-04-27,28.4,25.3,27.0,28.5,25.2,26.8,11.9,86,1009.3,89,2.0,8.1,,
2006-04-28,27.0,21.2,23.3,26.6,20.5,22.8,66.0,95,1009.8,95,0.0,10.7,,
2006-04-29,24.4,20.9,22.6,25.1,20.6,22.4,1.6,91,1011.0,92,0.1,4.7,,
2006-04-30,27.8,23.1,25.3,27.8,22.6,25.0,0.0,82,1010.8,70,3.8,4.1,,
2006-05-01,29.8,25.2,27.4,29.4,24.8,27.1,0.0,83,1009.7,78,7.4,8.0,,
2006-05-02,29.8,23.3,27.0,29.3,22.6,26.5,70.1,86,1010.2,88,1.2,8.7,,
2006-05-03,23.6,21.7,22.8,23.5,20.9,22.5,108.2,95,1013.1,89,0.0,8.5,,
2006-05-04,25.1,23.3,24.2,25.1,23.0,23.9,0.2,91,1013.6,87,0.1,12.3,,
2006-05-05,28.3,24.2,26.4,28.4,23.8,26.1,1.3,89,1011.8,86,0.9,10.3,,
2006-05-06,30.3,26.8,28.1,30.5,26.4,27.9,0.0,78,1010.3,71,8.2,8.4,,
2006-05-07,30.2,26.7,28.2,30.7,26.2,28.0,0.0,79,1010.4,56,10.5,6.2,,
2006-05-08,31.5,26.7,28.5,31.2,26.4,28.3,0.0,79,1011.3,53,8.4,6.4,,
2006-05-09,31.4,26.4,28.5,31.1,25.8,28.2,0.0,76,1010.0,47,10.1,7.8,,
2006-05-10,31.2,27.2,28.8,31.2,26.5,28.5,0.0,74,1010.1,39,10.5,8.5,,
2006-05-11,30.5,25.5,27.5,30.8,24.9,27.1,0.0,85,1012.9,80,5.0,10.2,,
2006-05-12,29.6,24.6,26.5,29.7,23.8,25.9,0.0,81,1014.0,49,6.9,10.0,,
2006-05-13,30.9,22.7,26.6,31.3,21.6,26.3,0.0,75,1012.9,41,5.6,7.3,,
2006-05-14,27.1,20.5,23.7,26.9,19.5,23.2,0.0,69,1013.7,35,10.6,10.7,,
2006-05-15,27.2,22.6,24.7,27.4,22.1,24.4,0.0,69,1010.9,88,5.1,10.2,,
2006-05-16,26.3,22.7,24.5,26.4,22.2,24.1,1.6,76,1007.1,92,0.0,12.3,,
2006-05-17,24.3,21.1,22.8,24.3,21.0,22.6,15.0,82,999.6,92,0.0,27.1,,
2006-05-18,28.8,22.6,25.3,28.1,22.2,25.0,0.0,68,1005.7,68,8.7,10.5,,
2006-05-19,29.8,22.9,25.7,29.4,22.1,25.4,0.0,67,1009.0,52,10.6,5.8,,
2006-05-20,25.7,23.2,24.6,25.5,22.6,24.0,1.0,85,1011.1,88,0.2,11.4,,
2006-05-21,24.8,22.3,23.3,24.8,21.8,23.0,69.7,97,1010.2,94,0.0,11.4,,
2006-05-22,26.5,24.5,25.5,26.2,24.2,25.3,22.9,92,1009.0,91,0.0,6.1,,
2006-05-23,26.7,24.3,25.0,27.2,24.1,24.9,30.9,95,1010.0,91,0.2,3.5,,
2006-05-24,26.5,24.5,25.5,27.0,24.3,25.3,0.5,94,1010.5,85,0.0,4.0,,
2006-05-25,28.8,24.8,26.7,28.7,24.4,26.5,0.0,83,1010.6,73,5.1,5.2,,
2006-05-26,29.8,26.4,27.7,29.6,26.0,27.3,0.0,80,1011.0,82,5.2,7.3,,
2006-05-27,27.4,26.0,26.9,27.3,25.7,26.4,5.5,86,1010.1,88,0.0,5.8,,
2006-05-28,27.1,23.7,25.0,26.6,23.5,24.6,59.7,90,1008.1,89,0.0,7.3,,
2006-05-29,24.4,22.3,23.1,24.0,21.8,22.7,4.2,94,1007.9,91,0.0,10.0,,
2006-05-30,26.7,22.4,24.0,26.5,21.8,23.7,13.0,94,1008.7,88,0.8,11.1,,
2006-05-31,28.5,23.7,26.2,28.2,23.3,25.8,27.7,90,1008.9,90,0.9,9.1,,
2006-06-01,27.8,25.5,27.1,27.6,25.2,26.6,33.2,88,1008.2,88,1.1,8.5,,
2006-06-02,27.6,24.4,26.5,27.2,25.4,26.7,80.2,93,1008.4,91,0.0,5.1,,
2006-06-03,28.3,26.9,27.7,28.3,26.7,27.5,0.6,86,1008.0,89,0.0,5.0,,
2006-06-04,29.4,27.2,28.2,29.4,27.1,28.0,1.5,82,1006.8,87,2.8,11.4,,
2006-06-05,29.3,27.9,28.5,29.3,27.6,28.3,0.0,81,1005.7,87,0.1,12.7,,
2006-06-06,30.7,27.6,28.9,30.5,27.2,28.6,0.8,81,1005.0,87,3.3,13.4,,
2006-06-07,29.9,28.1,28.8,29.9,27.9,28.6,0.4,81,1004.6,88,0.5,11.5,,
2006-06-08,29.4,27.3,28.6,29.5,27.1,28.3,12.4,84,1002.5,88,0.0,12.6,,
2006-06-09,28.2,24.0,26.4,27.7,24.3,26.3,136.7,92,1000.7,90,0.0,10.0,,
2006-06-10,25.4,22.6,24.0,25.9,22.8,24.0,26.4,91,1003.6,89,0.2,5.4,,
2006-06-11,26.6,21.9,24.0,27.2,21.5,24.0,9.5,89,1006.6,89,1.6,7.7,,
2006-06-12,26.2,23.1,24.4,25.8,22.9,24.2,9.4,92,1006.7,89,0.0,6.7,,
2006-06-13,30.5,24.5,27.4,28.9,24.4,27.0,65.2,89,1006.8,88,3.3,8.7,,
2006-06-14,30.1,26.8,28.5,30.4,26.9,28.2,0.4,82,1006.4,81,3.8,8.6,,
2006-06-15,29.4,27.9,28.4,29.5,27.5,28.0,0.2,84,1005.5,92,0.4,9.3,,
2006-06-16,30.8,27.8,28.8,30.9,27.5,28.5,0.1,82,1006.3,80,3.3,7.3,,
2006-06-17,31.7,27.5,29.3,31.4,27.1,28.8,0.0,79,1007.8,66,8.7,6.3,,
2006-06-18,30.9,27.5,29.0,30.7,26.9,28.6,0.0,83,1009.1,78,2.1,3.8,,
2006-06-19,28.5,26.3,27.7,29.1,26.6,27.5,0.6,86,1010.1,85,0.3,3.3,,
2006-06-20,31.6,26.6,28.0,31.5,25.9,27.7,0.0,85,1010.4,70,4.8,5.5,,
2006-06-21,31.4,25.5,28.2,31.0,24.9,28.0,10.0,87,1009.7,62,10.5,7.8,,
2006-06-22,28.7,26.5,27.6,29.6,26.1,27.4,10.4,90,1008.0,68,2.8,5.8,,
2006-06-23,32.9,26.2,29.2,32.0,26.4,29.0,1.0,78,1008.1,43,12.2,5.0,,
2006-06-24,32.7,28.0,29.8,32.2,27.4,29.5,0.0,74,1009.1,34,10.9,6.6,,
2006-06-25,32.8,28.2,30.0,32.0,27.8,29.5,0.0,77,1009.1,44,9.0,5.3,,
2006-06-26,32.5,27.8,29.9,32.0,27.1,29.6,0.0,78,1008.5,34,11.9,7.5,,
2006-06-27,31.9,27.9,29.7,31.5,27.5,29.3,0.1,84,1007.0,72,6.0,10.0,,
2006-06-28,29.3,25.3,27.2,28.8,24.7,27.0,51.0,92,1006.2,85,0.1,12.0,,
2006-06-29,30.7,26.1,28.3,30.3,26.0,28.0,16.6,87,1006.8,84,3.6,10.8,,
2006-06-30,31.1,26.6,28.7,31.1,26.4,28.5,2.5,87,1008.6,79,4.5,12.2,,
2006-07-01,31.1,27.1,28.9,31.7,27.1,29.1,2.9,87,1009.2,68,9.5,10.6,,
2006-07-02,31.4,27.5,29.2,31.9,27.5,29.0,5.3,87,1008.4,57,7.9,12.2,,
2006-07-03,31.4,27.7,29.2,31.3,27.2,29.0,6.3,86,1007.3,77,6.1,12.3,,
2006-07-04,31.8,27.0,29.0,31.2,26.8,28.6,14.8,84,1005.8,77,4.8,8.6,,
2006-07-05,32.0,28.4,29.6,31.6,27.7,29.3,1.5,79,1005.4,69,8.5,8.8,,
2006-07-06,32.3,27.6,29.8,32.9,27.4,29.7,2.0,77,1003.7,73,9.5,7.4,,
2006-07-07,32.7,28.6,30.0,31.9,28.1,29.6,3.2,78,1002.0,79,6.9,7.8,,
2006-07-08,31.9,27.0,29.7,31.6,26.6,29.2,19.5,81,1000.8,77,5.5,7.5,,
2006-07-09,30.8,26.0,29.4,31.0,26.1,29.1,7.0,82,1000.2,84,2.8,6.8,,
2006-07-10,30.6,27.9,29.6,30.7,27.7,29.3,6.8,84,1001.5,88,1.8,6.5,,
2006-07-11,31.1,26.4,28.7,31.3,26.0,28.7,32.3,89,1002.8,81,3.6,4.7,,
2006-07-12,32.2,28.0,30.0,32.3,27.7,29.8,0.0,79,1001.1,51,10.6,7.5,,
2006-07-13,34.0,28.2,30.7,34.1,27.8,30.6,0.0,77,997.0,75,8.3,9.1,,
2006-07-14,32.2,28.8,30.2,32.1,28.6,29.9,0.2,80,994.5,79,3.2,12.6,,
2006-07-15,29.9,27.9,28.8,29.1,27.5,28.2,7.0,83,997.6,97,0.0,19.3,,
2006-07-16,29.0,24.1,28.0,29.1,24.2,27.7,195.6,86,1001.1,97,0.2,18.0,,
2006-07-17,31.4,27.6,29.0,31.7,27.0,28.6,5.3,82,1004.7,87,3.3,14.5,,
2006-07-18,32.4,28.2,29.7,32.1,27.7,29.4,0.0,79,1008.9,73,9.6,8.5,,
2006-07-19,31.7,27.7,29.5,31.5,27.2,29.0,0.0,78,1008.6,51,9.1,5.3,,
2006-07-20,31.9,27.4,29.5,32.1,26.9,29.3,0.0,76,1006.9,34,11.4,6.5,,
2006-07-21,32.6,27.7,29.9,32.1,27.4,29.4,0.0,74,1006.0,35,12.2,5.3,,
2006-07-22,31.7,28.1,29.3,32.0,27.3,29.1,0.0,81,1005.4,46,5.1,4.2,,
2006-07-23,32.2,28.2,29.8,32.3,27.5,29.6,0.0,81,1004.1,46,8.1,3.9,,
2006-07-24,33.9,26.3,29.9,34.3,25.1,29.9,10.1,80,1002.0,58,8.8,5.8,,
2006-07-25,33.9,29.2,30.9,34.1,29.0,30.7,0.0,73,999.6,70,7.0,7.7,,
2006-07-26,30.0,26.1,28.8,29.5,26.4,28.4,0.0,78,1000.4,88,0.0,7.1,,
2006-07-27,27.0,24.4,25.8,27.2,24.2,25.6,72.8,91,1002.4,91,0.0,5.5,,
2006-07-28,28.3,23.9,25.5,28.9,23.9,25.4,85.6,95,1003.6,89,1.2,8.2,,
2006-07-29,25.3,23.7,24.6,25.2,23.3,24.3,87.2,98,1008.0,93,0.0,9.5,,
2006-07-30,28.4,24.8,26.5,28.9,24.6,26.6,3.8,91,1010.4,85,5.6,10.4,,
2006-07-31,30.9,26.2,28.3,30.6,26.1,28.2,0.0,80,1009.4,57,10.6,11.4,,
2006-08-01,32.4,26.5,28.9,32.2,26.5,28.8,0.0,78,1006.0,39,11.1,7.3,,
2006-08-02,28.6,25.2,26.9,29.0,24.6,26.7,26.0,84,1001.7,84,0.8,22.4,,
2006-08-03,27.1,24.5,25.8,26.8,24.1,25.6,54.2,90,999.2,94,0.0,32.2,,
2006-08-04,30.0,25.6,27.4,29.8,25.6,27.1,18.0,89,1005.0,89,1.6,15.3,,
2006-08-05,29.7,25.8,27.4,30.0,25.6,27.2,5.9,90,1006.9,86,4.8,11.7,,
2006-08-06,28.6,24.9,26.8,28.8,24.6,26.6,4.6,91,1006.6,81,3.6,7.5,,
2006-08-07,30.4,26.0,27.9,30.3,25.2,27.6,0.1,82,1004.7,55,6.6,2.8,,
2006-08-08,31.1,26.1,28.5,31.4,25.7,28.3,0.0,80,1003.7,54,9.8,2.8,,
2006-08-09,31.7,26.8,28.8,32.0,26.7,28.7,0.0,77,1002.0,70,6.2,5.2,,
2006-08-10,28.8,24.6,26.7,29.3,24.1,26.7,45.6,91,1000.7,88,1.0,4.5,,
2006-08-11,29.3,26.1,27.6,29.8,26.0,27.5,3.7,90,1002.3,80,4.0,12.3,,
2006-08-12,31.1,27.2,28.8,31.3,27.0,28.8,0.0,84,1005.0,66,10.6,11.3,,
2006-08-13,32.1,27.2,29.1,32.1,26.6,29.1,0.0,83,1005.0,31,11.1,8.0,,
2006-08-14,31.6,27.5,28.9,31.7,26.9,28.6,0.0,83,1004.1,39,9.6,8.4,,
2006-08-15,31.6,27.5,28.9,31.6,26.8,28.6,0.0,84,1003.8,68,10.1,9.3,,
2006-08-16,32.1,27.6,29.1,32.3,27.1,29.3,0.0,83,1004.3,40,8.8,6.6,,
2006-08-17,32.5,27.7,29.7,32.8,27.4,29.7,0.0,76,1004.7,49,11.2,7.0,,
2006-08-18,32.5,28.4,30.1,33.1,28.0,30.2,0.0,78,1004.1,73,10.1,8.0,,
2006-08-19,29.8,24.3,27.6,30.3,24.3,27.7,51.1,81,1005.2,85,8.8,6.5,,
2006-08-20,30.8,27.2,28.3,31.1,27.1,28.2,0.1,84,1004.0,86,3.4,2.9,,
2006-08-21,32.1,27.0,28.9,32.3,27.0,28.9,0.0,79,1004.4,60,8.9,6.9,,
2006-08-22,32.0,27.0,28.9,31.8,26.0,28.5,0.0,78,1004.9,53,10.9,7.5,,
2006-08-23,32.1,27.4,29.3,32.2,26.7,29.0,0.0,78,1005.4,49,11.2,6.1,,
2006-08-24,29.5,26.1,27.6,29.6,25.5,27.5,38.8,92,1005.5,80,3.8,9.3,,
2006-08-25,29.9,26.0,27.3,29.8,25.3,27.0,20.6,90,1007.0,89,0.4,6.5,,
2006-08-26,30.9,26.0,28.3,31.1,25.6,28.1,2.2,83,1007.8,79,6.7,6.2,,
2006-08-27,30.5,25.2,28.2,31.7,25.6,28.3,2.3,87,1008.6,77,5.2,5.3,,
2006-08-28,29.9,27.5,28.3,30.1,26.9,28.2,2.2,88,1008.8,79,4.2,8.9,,
2006-08-29,31.9,27.8,29.3,31.9,27.4,29.1,0.0,82,1010.8,65,7.9,8.3,,
2006-08-30,31.5,27.7,29.2,31.2,27.2,28.9,0.0,77,1010.9,46,10.3,8.3,,
2006-08-31,31.6,27.8,29.3,31.5,27.5,29.0,0.0,77,1007.9,67,10.5,8.8,,
2006-09-01,32.8,27.8,29.9,33.0,27.5,29.7,0.0,76,1006.1,57,9.1,9.0,,
2006-09-02,32.5,28.7,30.0,32.5,28.3,29.8,0.0,78,1006.3,71,7.7,7.0,,
2006-09-03,30.3,28.3,28.8,29.8,27.7,28.4,0.0,81,1006.2,80,1.9,5.7,,
2006-09-04,30.4,26.6,28.5,30.8,26.4,28.2,0.6,80,1006.5,76,3.9,6.8,,
2006-09-05,31.0,26.8,29.0,31.7,27.0,28.8,3.2,78,1007.2,72,9.7,8.2,,
2006-09-06,30.3,25.6,28.3,31.4,25.3,28.3,4.9,81,1007.4,85,7.3,7.3,,
2006-09-07,27.7,24.7,26.4,27.4,24.3,26.2,35.1,87,1007.9,90,0.8,3.2,,
2006-09-08,29.3,25.9,27.4,29.3,25.6,27.3,11.8,85,1008.4,88,2.5,2.7,,
2006-09-09,28.2,23.1,26.0,28.5,22.8,25.9,92.4,90,1009.6,88,0.8,5.0,,
2006-09-10,26.6,21.9,24.1,27.2,22.0,24.0,3.5,82,1010.5,85,4.3,11.2,,
2006-09-11,26.2,22.5,23.7,25.5,21.7,23.4,0.0,74,1008.5,85,0.5,10.2,,
2006-09-12,23.5,20.7,22.2,23.1,20.2,21.9,5.0,88,1008.6,88,0.0,12.1,,
2006-09-13,25.4,22.2,24.3,25.7,22.2,24.3,248.3,98,1009.0,96,0.0,11.6,,
2006-09-14,27.8,24.6,25.3,28.0,24.5,25.3,12.9,96,1010.5,88,2.9,5.0,,
2006-09-15,29.3,24.9,26.4,29.6,24.8,26.4,1.0,84,1009.4,86,4.2,3.5,,
2006-09-16,28.0,25.1,26.4,28.5,24.9,26.5,0.0,76,1009.6,84,0.0,4.4,,
2006-09-17,30.1,24.1,26.6,29.5,23.8,26.5,0.0,64,1009.6,24,10.9,7.6,,
2006-09-18,29.4,24.1,26.1,29.0,23.6,26.0,0.0,71,1011.1,57,9.0,7.1,,
2006-09-19,29.3,24.3,26.2,28.7,23.8,25.7,0.0,75,1012.4,48,10.0,8.9,,
2006-09-20,29.9,24.0,26.3,29.2,23.3,25.8,0.0,72,1011.8,57,10.1,7.6,,
2006-09-21,29.6,24.4,26.5,29.3,23.9,26.1,0.0,70,1011.4,81,9.4,7.5,,
2006-09-22,29.3,25.1,26.7,29.0,24.6,26.4,0.0,74,1011.7,82,6.5,10.4,,
2006-09-23,30.4,25.0,27.2,29.6,24.6,26.8,0.0,68,1011.1,69,8.9,16.3,,
2006-09-24,26.7,24.2,25.8,26.3,23.6,25.4,0.9,78,1011.3,88,0.0,14.1,,
2006-09-25,29.5,25.3,26.6,28.3,24.9,26.0,0.0,76,1011.7,65,7.8,16.6,,
2006-09-26,29.4,24.5,26.4,28.7,23.7,25.7,0.0,74,1010.3,31,10.6,12.9,,
2006-09-27,29.0,24.8,26.2,28.0,23.8,25.5,0.0,75,1010.9,44,10.0,11.5,,
2006-09-28,29.2,24.4,26.2,28.1,23.7,25.6,0.0,75,1011.5,35,10.4,10.3,,
2006-09-29,31.8,24.7,27.5,31.1,24.3,27.0,0.0,73,1010.8,52,10.1,12.3,,
2006-09-30,28.6,25.3,26.6,28.4,24.4,26.1,0.6,76,1010.9,88,1.0,14.5,,
2006-10-01,27.6,25.7,26.3,27.4,25.2,25.8,0.0,78,1011.1,88,0.2,10.0,,
2006-10-02,29.4,25.6,26.9,29.5,25.1,26.5,0.0,77,1010.9,88,1.4,5.9,,
2006-10-03,29.4,24.4,26.9,29.7,23.8,26.5,5.1,80,1010.5,70,6.4,4.5,,
2006-10-04,29.9,25.3,27.1,29.8,24.7,26.8,0.0,73,1009.6,55,8.5,4.0,,
2006-10-05,30.4,24.9,26.8,30.0,24.5,26.4,0.0,75,1010.2,24,9.9,5.2,,
2006-10-06,29.0,24.9,26.3,28.8,24.0,25.5,0.0,77,1011.6,63,4.7,4.7,,
2006-10-07,29.1,24.3,26.2,29.0,23.1,25.7,0.0,71,1011.9,16,10.3,5.1,,
2006-10-08,29.0,25.0,26.3,28.7,24.2,25.7,0.0,79,1013.7,60,6.0,7.4,,
2006-10-09,26.3,24.2,25.2,25.7,24.0,24.7,0.6,83,1014.3,84,0.0,5.7,,
2006-10-10,29.1,24.2,26.2,28.4,23.5,25.8,0.0,77,1015.3,64,7.5,6.3,,
2006-10-11,30.1,25.0,26.8,29.7,24.2,26.4,0.0,78,1015.6,73,8.1,4.7,,
2006-10-12,29.5,25.0,26.7,28.9,24.4,26.1,0.0,77,1016.9,34,9.6,8.3,,
2006-10-13,30.1,25.3,26.8,29.4,24.6,26.2,0.0,77,1016.7,56,8.4,5.5,,
2006-10-14,28.2,25.3,26.4,28.2,24.6,25.8,5.3,82,1014.5,84,3.4,2.8,,
2006-10-15,27.9,24.8,26.6,27.9,24.9,26.0,10.7,84,1014.0,88,0.2,5.8,,
2006-10-16,28.3,24.1,25.9,27.7,23.7,25.5,7.1,85,1015.6,85,4.3,10.5,,
2006-10-17,28.6,25.3,26.4,28.0,24.7,25.6,0.0,82,1015.8,84,6.1,8.9,,
2006-10-18,29.0,25.4,26.5,28.7,24.8,26.0,0.0,80,1015.6,65,6.2,9.6,,
2006-10-19,27.8,25.4,26.1,28.4,24.5,25.7,0.0,78,1016.6,79,4.7,8.1,,
2006-10-20,29.3,24.7,26.4,29.2,23.8,25.9,0.0,77,1016.9,51,5.9,5.3,,
2006-10-21,28.9,25.1,26.4,28.0,24.4,25.7,0.0,79,1016.3,49,5.4,9.0,,
2006-10-22,29.7,24.6,26.5,29.3,23.8,26.0,0.0,79,1015.5,36,9.1,6.4,,
2006-10-23,31.0,25.3,27.3,31.1,24.8,26.8,0.0,79,1015.7,56,7.4,6.2,,
2006-10-24,28.4,24.7,26.4,27.6,24.4,25.9,1.9,79,1017.8,86,3.0,13.5,,
2006-10-25,28.6,25.1,26.3,28.3,24.5,25.7,0.0,77,1018.1,84,6.4,10.0,,
2006-10-26,28.8,24.6,26.0,28.0,23.9,25.4,0.0,73,1018.3,72,6.8,7.5,,
2006-10-27,28.4,23.0,25.4,28.0,22.4,24.9,0.0,70,1018.1,65,8.5,7.5,,
2006-10-28,29.2,23.4,26.1,28.7,22.8,25.6,0.0,68,1016.2,54,9.7,8.5,,
2006-10-29,29.9,23.8,26.2,29.5,22.7,25.8,0.0,72,1014.6,40,9.4,5.8,,
2006-10-30,29.4,23.5,25.9,29.2,22.9,25.4,0.5,71,1014.4,44,9.6,5.7,,
2006-10-31,28.3,23.3,25.7,28.2,23.0,25.4,0.0,63,1013.4,74,8.7,11.0,,
2006-11-01,27.1,23.5,25.0,26.8,23.2,24.8,0.0,47,1012.2,81,7.4,18.4,,
2006-11-02,25.7,21.9,23.6,25.3,21.4,23.3,0.0,56,1013.2,79,4.4,12.0,,
2006-11-03,26.4,21.4,23.0,26.0,20.6,22.3,0.0,66,1014.8,73,5.4,7.5,,
2006-11-04,28.0,21.3,23.9,27.8,19.9,23.4,0.0,67,1014.9,10,10.0,5.4,,
2006-11-05,27.8,21.8,24.2,28.0,20.9,23.8,0.0,69,1014.5,10,10.2,6.9,,
2006-11-06,28.7,22.4,24.9,28.7,21.7,24.7,0.0,58,1015.8,12,10.0,4.6,,
2006-11-07,26.6,21.5,23.8,26.1,20.8,23.2,0.0,61,1018.8,18,9.5,11.1,,
2006-11-08,26.4,21.7,23.6,26.3,21.1,23.0,0.0,68,1019.8,26,7.8,10.3,,
2006-11-09,27.4,22.3,24.2,27.0,21.5,23.7,0.0,75,1019.5,15,10.1,7.3,,
2006-11-10,28.3,22.7,25.0,28.9,21.8,24.6,0.0,75,1017.5,16,9.4,2.5,,
2006-11-11,29.2,23.6,26.0,29.3,23.0,26.0,0.0,60,1016.7,18,9.2,9.6,,
2006-11-12,25.8,21.3,23.3,25.2,20.7,22.9,0.0,57,1018.0,27,9.5,12.3,,
2006-11-13,25.3,21.3,23.0,24.9,20.4,22.4,0.0,74,1016.6,80,1.4,7.8,,
2006-11-14,26.6,23.4,24.5,26.6,22.8,24.0,0.3,77,1017.3,88,0.7,6.1,,
2006-11-15,23.9,20.3,22.0,23.4,19.5,21.4,9.2,84,1018.5,95,0.1,12.2,,
2006-11-16,24.7,20.4,22.5,24.7,19.9,22.0,0.0,85,1016.7,89,1.7,10.7,,
2006-11-17,25.2,22.3,23.6,25.5,21.7,23.2,0.0,84,1015.6,80,2.3,11.8,,
2006-11-18,25.9,22.8,23.9,25.2,22.4,23.4,1.6,90,1014.2,79,1.4,7.7,,
2006-11-19,25.8,23.5,24.1,26.8,22.7,24.0,0.0,86,1014.8,86,2.5,3.0,,
2006-11-20,25.5,22.4,23.6,25.6,21.5,23.1,0.0,82,1015.0,85,2.8,7.8,,
2006-11-21,23.6,19.6,22.0,23.0,19.0,21.4,66.5,90,1011.5,95,0.0,10.5,,
2006-11-22,21.9,19.4,20.7,21.7,18.9,20.4,9.7,94,1012.0,95,0.0,2.7,,
2006-11-23,24.0,20.5,22.1,24.4,20.0,22.0,3.0,83,1015.0,80,2.2,2.3,,
2006-11-24,23.3,21.1,22.5,23.4,21.2,22.3,0.0,83,1016.1,88,0.4,10.6,,
2006-11-25,23.2,22.1,22.8,22.9,21.5,22.4,0.0,91,1013.8,89,0.0,11.5,,
2006-11-26,25.7,22.5,24.1,26.0,22.2,23.8,1.2,88,1010.7,76,3.5,6.8,,
2006-11-27,25.2,21.8,23.5,25.1,21.8,23.2,7.0,90,1011.9,83,0.4,2.3,,
2006-11-28,22.4,18.7,20.7,23.4,18.9,20.4,1.1,80,1015.4,88,0.7,5.9,,
2006-11-29,21.9,20.0,21.1,21.5,19.5,20.6,0.0,84,1017.1,96,0.0,8.6,,
2006-11-30,22.5,19.0,20.6,23.3,18.2,20.1,0.0,78,1017.1,82,2.6,7.0,,
2006-12-01,21.7,16.8,19.1,22.5,15.9,18.7,0.0,68,1017.3,64,8.8,6.9,,
2006-12-02,21.5,16.1,18.5,21.8,15.1,18.1,0.0,71,1018.7,42,8.3,6.0,,
2006-12-03,21.1,17.1,19.1,21.5,16.2,18.7,0.0,73,1021.2,66,6.7,6.9,,
2006-12-04,20.8,16.5,19.2,21.2,16.0,18.9,0.0,73,1022.8,60,9.6,9.9,,
2006-12-05,23.1,17.5,20.2,24.4,16.9,20.1,0.0,78,1021.9,67,8.8,5.2,,
2006-12-06,22.4,19.6,20.9,22.2,18.9,20.6,0.0,80,1019.3,69,5.7,13.0,,
2006-12-07,24.7,19.8,22.4,26.4,19.4,22.4,0.3,83,1017.8,56,5.5,7.6,,
2006-12-08,25.6,21.5,22.8,26.9,21.1,22.9,0.0,81,1018.3,24,9.3,8.4,,
2006-12-09,22.4,19.2,21.2,22.1,18.3,20.7,0.0,77,1020.9,88,0.0,8.6,,
2006-12-10,20.2,17.3,18.9,19.7,16.5,18.2,0.0,71,1021.4,87,1.2,5.7,,
2006-12-11,21.7,17.7,19.7,22.3,16.6,19.6,0.0,72,1019.1,79,5.1,4.4,,
2006-12-12,23.5,19.4,21.6,23.6,18.9,21.4,0.0,73,1017.6,83,3.0,4.4,,
2006-12-13,22.4,17.8,20.0,22.2,17.2,19.6,13.0,87,1017.2,88,0.0,9.8,,
2006-12-14,18.4,15.7,16.8,18.1,15.0,16.3,5.8,89,1016.9,88,0.0,8.8,,
2006-12-15,16.7,14.7,15.7,16.6,14.1,15.3,9.3,92,1019.3,94,0.0,5.3,,
2006-12-16,17.4,14.5,15.8,18.0,14.0,15.8,1.5,60,1024.1,68,2.0,12.8,,
2006-12-17,17.3,12.6,14.9,18.1,12.1,14.9,0.0,41,1026.0,3,9.5,12.9,,
2006-12-18,17.6,12.0,14.8,18.4,11.5,14.7,0.0,54,1026.2,18,9.4,8.0,,
2006-12-19,18.9,13.1,16.1,19.9,12.5,16.1,0.0,60,1025.2,16,9.4,9.3,,
2006-12-20,19.9,14.8,17.3,20.7,14.6,17.3,0.0,58,1024.0,10,9.4,10.0,,
2006-12-21,19.6,14.4,17.0,20.6,13.7,17.0,0.0,56,1022.4,4,9.4,10.4,,
2006-12-22,20.0,14.6,17.2,20.9,14.3,17.1,0.0,55,1021.5,6,9.4,7.6,,
2006-12-23,19.0,14.8,17.0,19.4,13.8,16.9,0.0,69,1020.2,40,9.3,9.6,,
2006-12-24,20.9,16.6,18.4,21.8,16.1,18.2,0.0,70,1018.4,64,7.2,4.5,,
2006-12-25,21.5,16.1,18.1,22.8,15.7,18.2,0.0,50,1017.3,15,9.5,5.0,,
2006-12-26,20.1,15.9,17.7,21.1,14.6,17.4,0.0,77,1017.9,29,9.2,5.8,,
2006-12-27,20.5,15.9,17.7,20.9,14.4,17.2,0.0,77,1018.3,10,9.4,6.5,,
2006-12-28,19.8,15.5,17.5,20.4,14.3,17.2,0.0,67,1021.5,11,9.3,7.6,,
2006-12-29,16.7,13.4,15.2,16.9,12.1,14.6,0.0,71,1024.3,43,8.0,10.0,,
2006-12-30,18.3,13.6,15.9,18.8,12.7,15.6,0.0,71,1022.7,29,8.0,8.0,,
2006-12-31,19.7,15.4,17.4,20.2,14.5,17.3,0.0,76,1021.4,38,9.3,11.4,,
2007-01-01,21.1,16.7,18.5,22.1,15.9,18.6,0.0,80,1018.9,64,9.5,9.2,,
2007-01-02,20.5,17.7,18.8,20.6,17.4,18.5,0.0,82,1016.9,86,0.3,10.4,,
2007-01-03,19.4,17.7,18.6,19.2,17.2,18.2,8.5,92,1016.9,92,0.0,5.7,,
2007-01-04,19.4,16.2,17.4,20.0,15.5,16.9,0.0,77,1019.3,79,2.8,6.2,,
2007-01-05,18.9,13.4,16.1,19.7,12.5,15.9,0.0,69,1021.6,36,9.6,8.1,,
2007-01-06,16.9,12.3,14.3,17.8,11.5,13.9,0.0,58,1024.0,43,9.0,13.0,,
2007-01-07,16.3,11.2,13.5,16.8,10.4,13.2,0.0,55,1024.8,22,8.8,6.7,,
2007-01-08,16.1,10.9,13.6,17.1,10.0,13.3,0.0,52,1026.1,26,9.3,6.0,,
2007-01-09,16.8,11.3,14.3,18.1,10.3,14.1,0.0,52,1025.0,23,9.6,5.3,,
2007-01-10,18.1,14.4,16.1,18.1,13.9,15.8,0.0,61,1023.1,86,1.7,6.3,,
2007-01-11,17.9,16.2,17.2,18.1,15.7,16.9,0.0,77,1021.4,87,0.0,9.3,,
2007-01-12,19.4,16.9,17.9,19.8,16.2,17.6,0.0,81,1021.3,86,0.0,4.4,,
2007-01-13,20.1,15.3,17.2,20.4,14.6,16.9,0.0,77,1022.0,53,8.2,7.6,,
2007-01-14,19.5,15.6,17.2,19.6,15.0,16.7,0.0,79,1022.6,81,5.7,8.5,,
2007-01-15,21.3,16.4,18.3,22.0,15.9,18.1,0.0,78,1021.0,87,4.8,9.3,,
2007-01-16,23.7,17.9,20.4,24.1,17.5,20.4,0.4,76,1019.1,81,4.4,7.1,,
2007-01-17,20.4,14.2,17.4,20.3,14.1,17.1,20.0,95,1020.2,97,0.0,3.4,,
2007-01-18,18.3,14.0,15.9,18.0,13.6,15.6,0.2,80,1022.0,88,0.7,5.6,,
2007-01-19,19.3,15.6,16.8,19.0,14.9,16.4,0.0,78,1021.1,88,1.9,4.4,,
2007-01-20,18.0,15.5,16.9,18.1,15.2,16.6,0.5,86,1019.1,90,0.0,8.7,,
2007-01-21,17.4,15.4,16.7,17.1,14.5,16.3,0.0,87,1019.7,94,0.0,5.3,,
2007-01-22,17.8,15.9,16.6,17.5,15.3,16.1,0.0,85,1021.7,88,0.1,9.8,,
2007-01-23,18.6,13.9,16.7,18.1,12.9,16.1,0.0,80,1023.1,70,3.7,6.8,,
2007-01-24,16.5,11.8,14.1,16.7,10.9,13.7,0.0,70,1024.2,69,3.6,5.0,,
2007-01-25,16.9,13.9,15.2,17.5,13.1,15.0,0.0,71,1023.7,72,5.5,4.8,,
2007-01-26,18.7,12.0,15.1,19.5,11.1,15.1,0.0,66,1023.5,6,9.5,7.3,,
2007-01-27,18.9,11.1,14.7,19.0,10.0,14.5,0.0,61,1024.8,11,9.3,8.3,,
2007-01-28,18.1,12.9,15.0,18.1,12.5,14.8,0.0,41,1027.2,6,9.8,10.9,,
2007-01-29,17.5,11.2,14.0,17.8,10.3,13.6,0.0,51,1025.6,1,10.2,7.2,,
2007-01-30,20.3,12.7,15.7,20.9,11.3,15.3,0.0,65,1025.1,9,9.9,3.4,,
2007-01-31,20.0,14.2,16.7,20.5,13.0,16.4,0.0,56,1024.4,10,10.0,6.3,,
2007-02-01,20.7,15.3,17.3,20.4,14.3,17.2,0.0,41,1025.8,18,9.9,11.5,,
2007-02-02,19.7,12.9,16.0,20.0,12.6,15.8,0.0,48,1025.8,30,10.2,6.9,,
2007-02-03,18.6,13.2,15.4,18.2,12.2,14.8,0.0,71,1023.9,23,10.0,8.1,,
2007-02-04,20.0,14.0,16.6,20.5,13.1,16.3,0.0,64,1020.6,34,6.6,7.6,,
2007-02-05,21.7,15.4,18.1,22.0,14.8,17.7,0.0,73,1020.2,9,10.2,8.4,,
2007-02-06,23.7,16.7,19.6,24.2,15.3,19.3,0.0,74,1020.1,18,10.2,5.6,,
2007-02-07,24.3,18.2,20.7,24.9,17.8,20.8,0.0,70,1020.5,47,9.2,6.9,,
2007-02-08,25.1,19.7,21.7,25.4,19.3,21.7,0.0,66,1019.9,65,7.2,6.3,,
2007-02-09,25.6,20.3,22.2,25.8,19.8,22.0,0.0,81,1017.7,55,8.2,3.5,,
2007-02-10,22.6,19.8,20.7,22.7,19.6,20.5,0.0,86,1017.4,83,1.1,3.8,,
2007-02-11,20.4,18.5,19.3,20.0,17.7,18.7,0.0,82,1019.8,88,1.7,9.8,,
2007-02-12,21.3,17.9,19.3,20.9,17.2,18.8,0.0,80,1018.1,86,7.1,9.8,,
2007-02-13,23.1,19.2,20.7,23.2,18.8,20.6,0.0,90,1015.6,79,5.1,8.5,,
2007-02-14,24.2,20.0,21.7,24.1,19.4,21.4,0.0,83,1016.6,85,4.4,3.8,,
2007-02-15,21.7,17.5,18.9,21.4,16.8,18.3,0.6,88,1017.1,88,0.0,15.1,,
2007-02-16,20.8,17.6,19.6,20.9,17.0,19.3,0.0,93,1013.7,88,0.0,10.2,,
2007-02-17,23.7,20.5,22.0,23.8,20.2,21.8,0.0,90,1012.6,83,0.5,4.3,,
2007-02-18,25.3,21.3,23.1,25.1,20.9,22.7,0.0,84,1012.8,74,2.7,3.8,,
2007-02-19,21.7,18.4,20.1,21.5,17.8,19.8,0.0,92,1014.3,82,0.8,8.9,,
2007-02-20,20.2,17.9,19.1,20.5,17.4,18.7,1.0,91,1015.7,89,0.7,13.2,,
2007-02-21,21.2,18.5,19.8,20.8,17.9,19.3,0.2,87,1016.2,90,0.1,11.6,,
2007-02-22,19.1,17.8,18.5,19.0,17.3,18.0,4.0,92,1014.5,94,0.0,8.7,,
2007-02-23,21.7,18.1,19.7,22.0,17.2,19.4,0.0,81,1015.1,65,7.7,12.0,,
2007-02-24,19.8,18.0,18.6,19.4,17.4,18.0,0.1,83,1015.0,86,0.0,15.1,,
2007-02-25,24.5,18.0,20.4,23.9,17.7,20.1,1.0,80,1014.0,78,6.3,7.8,,
2007-02-26,21.1,18.2,19.0,20.3,17.5,18.3,0.0,78,1016.8,88,0.6,13.9,,
2007-02-27,21.4,16.7,18.8,20.6,15.9,18.1,0.0,76,1017.1,66,8.4,12.0,,
2007-02-28,20.6,18.3,19.4,20.2,17.9,18.9,0.0,81,1016.5,87,0.7,15.1,,
2007-03-01,21.0,18.5,19.3,20.8,18.0,18.9,0.0,83,1015.9,82,0.5,13.3,,
2007-03-02,24.8,18.9,21.2,24.1,18.5,20.8,0.0,81,1015.2,71,7.7,10.0,,
2007-03-03,25.7,20.3,22.1,25.0,19.8,21.6,0.0,83,1013.6,51,8.2,10.0,,
2007-03-04,25.6,20.6,22.3,25.2,20.2,21.9,0.1,87,1011.8,83,2.2,4.4,,
2007-03-05,25.6,17.9,21.4,25.5,17.2,20.9,3.4,80,1014.8,64,5.1,6.8,,
2007-03-06,18.0,12.7,15.0,17.2,12.0,14.2,8.1,82,1018.6,89,0.0,11.0,,
2007-03-07,14.0,10.6,12.8,13.1,9.8,11.9,1.0,83,1017.5,94,0.0,8.3,,
2007-03-08,15.8,13.2,14.6,15.3,12.3,13.9,0.1,88,1016.9,89,0.0,6.7,,
2007-03-09,17.3,14.7,16.1,16.8,13.9,15.5,0.0,90,1017.8,100,0.0,9.6,,
2007-03-10,21.0,17.0,18.9,21.5,16.6,18.7,0.0,91,1016.7,94,2.0,9.5,,
2007-03-11,19.8,17.0,18.1,19.5,16.5,17.8,0.1,91,1018.2,99,0.0,9.6,,
2007-03-12,18.1,16.5,17.3,17.8,15.9,16.8,0.0,88,1019.1,95,0.0,14.9,,
2007-03-13,21.6,17.5,19.4,22.0,17.2,19.4,0.0,89,1016.5,89,3.6,10.2,,
2007-03-14,22.7,19.5,20.6,22.7,19.2,20.2,0.0,92,1013.1,89,0.1,8.7,,
2007-03-15,25.2,20.2,22.5,25.2,20.0,22.3,0.0,89,1010.4,84,4.8,8.4,,
2007-03-16,26.8,22.2,23.9,26.7,21.6,23.4,0.2,87,1011.7,83,3.2,5.7,,
2007-03-17,22.8,17.3,19.1,22.5,16.4,18.3,0.6,90,1016.2,91,0.0,13.7,,
2007-03-18,20.3,17.4,18.4,20.1,16.7,17.8,0.0,81,1016.0,88,1.5,11.9,,
2007-03-19,22.3,15.0,18.0,21.5,14.6,17.5,7.1,82,1017.2,72,5.1,7.5,,
2007-03-20,19.5,14.1,16.9,20.1,13.3,16.5,0.0,67,1020.8,79,7.1,7.7,,
2007-03-21,21.2,16.7,18.5,21.0,16.0,18.0,0.0,75,1020.1,85,3.9,10.3,,
2007-03-22,21.7,18.1,19.7,21.6,17.5,19.4,0.0,80,1019.3,83,0.3,8.8,,
2007-03-23,22.9,19.3,20.6,22.7,18.9,20.3,0.0,83,1017.5,88,0.7,12.8,,
2007-03-24,24.1,20.0,22.1,24.0,19.6,21.9,1.0,89,1012.5,88,0.2,6.2,,
2007-03-25,26.3,22.1,23.8,26.1,21.8,23.5,0.0,86,1010.7,81,1.5,3.6,,
2007-03-26,25.0,21.2,23.0,24.6,20.7,22.8,2.0,93,1011.0,92,0.0,10.6,,
2007-03-27,27.8,23.4,24.9,28.2,23.0,24.8,3.9,87,1012.1,89,3.5,6.5,,
2007-03-28,24.8,20.9,22.2,23.5,20.1,21.7,0.0,79,1014.8,87,1.1,13.0,,
2007-03-29,26.8,21.7,24.1,27.1,21.3,23.8,0.0,82,1013.2,74,8.8,5.8,,
2007-03-30,27.7,23.1,25.1,28.0,22.8,24.9,0.0,84,1012.8,84,1.8,7.0,,
2007-03-31,27.0,24.3,25.6,27.0,23.9,25.5,0.0,78,1011.6,77,3.2,7.4,,
2007-04-01,27.5,24.6,25.9,27.3,24.1,25.6,0.0,79,1009.1,82,2.7,9.2,,
2007-04-02,26.5,17.7,23.2,26.2,16.9,22.7,24.2,89,1010.5,88,0.0,7.3,,
2007-04-03,17.7,13.7,15.5,16.9,12.9,14.8,1.6,80,1019.3,88,0.0,14.3,,
2007-04-04,15.1,12.3,14.0,14.5,11.6,13.4,8.9,88,1021.8,93,0.0,8.9,,
2007-04-05,17.2,14.8,16.0,16.7,14.5,15.5,0.0,84,1020.3,88,0.0,6.6,,
2007-04-06,20.5,16.4,18.3,20.5,15.7,17.9,1.7,84,1018.7,91,0.0,3.0,,
2007-04-07,20.7,16.7,18.4,20.4,16.1,18.0,0.6,86,1017.9,91,0.2,5.4,,
2007-04-08,21.1,17.1,19.0,21.1,16.6,18.7,0.3,82,1018.3,89,0.3,4.0,,
2007-04-09,23.6,18.3,20.4,22.7,18.0,20.1,0.0,68,1018.1,78,8.3,10.1,,
2007-04-10,20.2,17.2,18.5,19.6,16.8,18.2,6.6,85,1017.7,91,0.0,7.5,,
2007-04-11,24.0,18.0,20.3,23.2,17.5,19.9,0.0,73,1017.2,53,9.0,8.4,,
2007-04-12,24.5,18.4,20.8,23.2,17.8,20.3,0.0,65,1016.0,27,10.9,10.8,,
2007-04-13,26.7,19.2,22.3,25.6,18.2,21.8,0.0,71,1014.7,77,6.9,3.1,,
2007-04-14,25.7,21.0,23.1,25.8,20.4,22.7,0.0,72,1012.3,82,2.1,3.7,,
2007-04-15,27.9,21.9,24.6,27.8,21.5,24.2,0.0,77,1010.5,69,9.4,5.1,,
2007-04-16,29.4,23.6,25.8,28.7,23.0,25.3,0.0,80,1009.8,83,7.8,6.4,,
2007-04-17,27.2,20.7,25.1,27.3,21.0,24.9,6.6,83,1009.0,88,0.9,9.0,,
2007-04-18,28.3,17.4,22.1,27.0,16.7,21.6,0.0,53,1013.6,35,11.1,9.2,,
2007-04-19,25.5,20.1,21.8,23.8,19.4,21.0,0.0,75,1016.0,51,10.0,12.5,,
2007-04-20,26.4,20.7,23.0,26.1,20.1,22.6,0.0,84,1014.4,79,6.4,11.0,,
2007-04-21,25.5,23.0,24.2,25.5,22.5,23.9,0.0,89,1012.0,86,0.4,8.2,,
2007-04-22,27.9,24.0,26.0,28.0,23.6,25.7,0.0,85,1009.7,86,1.0,7.6,,
2007-04-23,26.8,22.9,25.2,26.4,22.7,25.0,7.8,83,1008.5,88,0.1,7.8,,
2007-04-24,26.7,21.3,23.3,26.4,20.9,22.9,64.4,93,1010.5,89,0.0,6.2,,
2007-04-25,22.0,19.9,20.9,21.6,19.6,20.5,0.6,86,1015.6,86,0.3,5.4,,
2007-04-26,26.8,20.6,22.9,25.4,20.1,22.4,0.0,72,1017.2,43,9.6,12.8,,
2007-04-27,28.2,21.5,24.0,26.7,21.0,23.5,0.0,71,1016.5,32,9.6,11.5,,
2007-04-28,26.3,22.0,23.3,25.2,21.5,22.8,0.0,79,1015.3,75,5.9,13.4,,
2007-04-29,23.0,21.5,22.5,22.9,20.8,22.0,0.4,85,1014.4,87,0.0,14.6,,
2007-04-30,25.2,21.7,23.3,25.7,21.4,23.3,1.8,87,1013.6,88,0.2,6.1,,
2007-05-01,30.0,22.8,25.6,29.7,22.7,25.5,0.0,76,1013.8,75,9.5,3.2,,
2007-05-02,30.0,22.8,25.3,29.2,22.4,24.8,0.0,80,1012.8,78,8.6,4.8,,
2007-05-03,28.1,22.4,24.6,27.0,21.3,24.2,0.0,71,1012.2,78,3.4,6.5,,
2007-05-04,25.3,23.0,24.0,25.1,22.7,23.7,6.9,91,1011.0,88,0.0,4.1,,
2007-05-05,25.8,22.9,24.3,26.0,22.6,24.1,2.3,88,1008.4,89,0.2,6.3,,
2007-05-06,29.4,23.5,25.9,29.2,23.4,25.9,0.0,63,1008.2,80,6.5,6.0,,
2007-05-07,31.8,22.5,26.5,31.4,21.9,26.1,0.0,61,1009.9,15,11.4,7.5,,
2007-05-08,30.1,22.9,25.7,28.8,22.3,25.0,0.0,75,1012.0,37,9.8,11.0,,
2007-05-09,30.0,23.9,25.7,28.0,23.3,25.2,0.0,76,1012.5,83,6.7,14.6,,
2007-05-10,29.4,24.5,26.1,27.8,24.1,25.6,0.0,72,1012.3,80,4.5,14.3,,
2007-05-11,29.0,23.6,25.6,27.4,23.1,24.8,0.0,75,1013.1,74,7.1,15.3,,
2007-05-12,30.5,24.3,26.5,29.7,23.9,25.9,0.0,77,1013.1,65,9.0,8.5,,
2007-05-13,30.2,24.6,26.3,29.2,24.0,26.0,0.0,77,1013.6,65,10.6,8.9,,
2007-05-14,30.4,23.7,26.2,29.3,23.2,25.7,0.0,76,1013.3,58,10.8,9.0,,
2007-05-15,31.2,24.2,26.7,29.6,23.4,26.2,0.0,78,1012.3,61,9.0,5.4,,
2007-05-16,30.5,25.1,27.4,30.4,24.5,27.1,0.1,78,1010.9,60,11.0,8.6,,
2007-05-17,32.3,25.2,28.0,31.9,25.0,27.8,0.0,69,1009.6,85,8.8,6.9,,
2007-05-18,32.3,24.0,27.7,31.3,24.1,27.3,13.8,80,1009.0,77,6.9,8.9,,
2007-05-19,29.0,22.7,24.9,28.8,22.2,24.6,47.2,87,1010.3,90,1.6,8.6,,
2007-05-20,23.1,21.4,22.4,22.7,21.0,22.0,81.6,95,1008.0,92,0.0,10.4,,
2007-05-21,24.0,22.5,23.4,23.9,22.2,23.2,29.7,95,1006.7,89,0.0,12.6,,
2007-05-22,25.4,23.9,24.5,25.3,23.7,24.4,37.3,97,1005.2,89,0.1,10.9,,
2007-05-23,31.1,24.9,27.8,30.4,24.8,27.6,0.6,86,1004.1,86,3.9,7.6,,
2007-05-24,30.6,26.9,28.9,30.7,26.8,28.8,0.0,81,1003.5,80,3.4,6.0,,
2007-05-25,31.7,28.0,29.5,31.6,27.5,29.3,0.0,77,1005.1,63,7.0,7.8,,
2007-05-26,32.5,28.1,29.5,32.1,27.5,29.3,0.0,79,1007.4,80,4.5,6.9,,
2007-05-27,31.1,23.6,26.5,30.9,23.1,26.3,53.0,88,1008.0,88,2.5,4.9,,
2007-05-28,29.5,25.5,26.8,29.8,25.2,26.8,10.9,88,1008.4,77,3.0,3.7,,
2007-05-29,32.9,26.4,28.7,31.7,26.1,28.4,0.0,79,1008.7,58,8.5,4.5,,
2007-05-30,32.3,27.1,29.1,32.0,26.5,28.8,0.0,79,1009.2,59,9.6,8.2,,
2007-05-31,32.0,26.2,28.5,31.8,26.1,28.4,4.9,81,1008.2,70,5.5,5.5,,
2007-06-01,33.0,26.2,29.6,32.2,26.6,29.4,4.0,78,1005.9,68,9.6,9.0,,
2007-06-02,32.3,25.9,29.5,31.9,25.8,29.1,9.2,80,1005.7,81,6.3,7.1,,
2007-06-03,31.9,28.5,29.9,32.4,28.1,29.8,0.1,77,1007.4,66,9.4,8.4,,
2007-06-04,33.2,27.2,29.9,32.2,26.7,29.6,0.1,78,1007.6,58,10.2,9.3,,
2007-06-05,32.6,28.1,29.7,32.2,27.8,29.5,0.0,77,1006.3,81,10.1,9.2,,
2007-06-06,31.8,27.8,29.5,32.0,27.5,29.2,1.3,81,1006.6,85,4.9,9.0,,
2007-06-07,30.1,25.4,28.8,29.7,25.3,28.3,41.3,85,1005.9,89,0.4,9.6,,
2007-06-08,29.6,25.5,28.7,29.4,24.7,28.1,14.1,84,1005.8,90,0.2,9.3,,
2007-06-09,30.8,27.6,29.1,30.7,27.2,28.8,5.4,83,1005.1,88,2.3,9.2,,
2007-06-10,29.0,22.8,25.7,28.6,22.9,25.2,95.5,91,1004.0,94,0.0,8.5,,
2007-06-11,30.8,25.8,27.9,30.3,25.6,27.6,0.0,85,1003.3,87,1.6,5.5,,
2007-06-12,29.0,26.8,27.8,29.3,26.5,27.7,6.8,86,1004.0,87,2.8,7.0,,
2007-06-13,30.2,24.9,28.1,31.6,24.6,27.9,35.3,84,1004.2,88,1.6,13.8,,
2007-06-14,27.8,23.7,25.8,27.1,23.6,25.6,29.6,90,1005.2,88,0.1,6.3,,
2007-06-15,29.1,24.8,26.3,28.6,24.7,26.3,13.1,90,1005.9,86,1.0,3.2,,
2007-06-16,32.1,25.6,28.1,31.7,25.5,27.9,0.0,81,1006.4,86,7.2,4.5,,
2007-06-17,29.1,26.3,27.6,29.2,25.7,27.3,0.5,85,1007.1,87,0.3,4.7,,
2007-06-18,31.4,25.9,28.1,30.8,25.4,27.6,0.0,84,1007.5,74,7.2,10.3,,
2007-06-19,32.9,27.0,29.2,32.0,26.4,28.9,0.0,80,1008.0,66,10.7,8.7,,
2007-06-20,33.3,27.3,29.6,32.1,26.7,29.0,0.0,79,1008.0,45,12.1,8.7,,
2007-06-21,32.5,27.6,29.1,32.2,26.9,29.0,5.6,80,1007.8,51,8.8,5.7,,
2007-06-22,33.5,27.6,29.9,32.8,27.1,29.5,0.0,76,1007.9,49,10.1,5.5,,
2007-06-23,33.0,27.9,29.8,32.5,27.6,29.6,0.0,74,1008.9,64,11.0,7.4,,
2007-06-24,33.2,28.4,30.2,33.2,28.2,29.9,0.0,75,1008.0,68,10.3,8.7,,
2007-06-25,32.0,27.6,29.6,31.9,28.3,29.5,3.2,79,1006.2,80,4.8,9.6,,
2007-06-26,33.5,25.7,29.2,32.9,25.5,29.2,15.3,82,1004.7,73,8.2,7.9,,
2007-06-27,29.1,26.4,27.7,30.2,26.6,27.9,34.9,90,1005.0,84,3.5,6.6,,
2007-06-28,28.1,25.2,26.4,27.6,24.5,26.1,53.2,94,1006.4,91,0.0,7.0,,
2007-06-29,30.0,24.8,26.6,30.1,24.4,26.5,62.3,90,1006.9,88,0.9,6.7,,
2007-06-30,29.8,24.8,25.9,29.6,24.4,25.6,59.3,92,1007.2,87,1.5,9.1,,
2007-07-01,29.1,24.6,27.2,29.5,24.3,27.3,3.0,90,1007.8,84,0.8,9.9,,
2007-07-02,32.4,24.7,27.7,31.7,24.4,27.5,15.5,88,1008.0,86,5.6,9.8,,
2007-07-03,31.6,25.3,28.4,30.8,25.1,28.4,0.3,86,1007.1,82,5.7,13.2,,
2007-07-04,31.6,26.8,28.3,31.0,26.7,28.3,19.3,86,1005.7,77,6.0,11.0,,
2007-07-05,31.3,26.3,28.3,31.1,26.1,28.0,17.8,85,1005.9,82,3.6,9.6,,
2007-07-06,32.4,26.8,29.0,31.7,26.8,28.8,5.5,82,1007.5,69,6.3,8.5,,
2007-07-07,33.7,27.5,29.9,32.9,27.0,29.6,0.0,77,1008.6,59,11.1,6.1,,
2007-07-08,33.1,27.3,29.8,32.6,27.1,29.5,0.3,75,1006.4,48,10.0,7.1,,
2007-07-09,33.4,27.3,29.9,32.4,27.2,29.5,2.7,73,1004.1,49,10.6,8.0,,
2007-07-10,32.5,27.9,29.7,32.1,27.5,29.4,0.4,74,1003.2,53,10.6,9.3,,
2007-07-11,32.7,27.9,29.9,32.0,27.5,29.6,0.0,74,1001.9,45,12.1,8.4,,
2007-07-12,32.8,27.8,29.9,32.4,27.4,29.7,0.0,74,1000.3,50,12.0,9.3,,
2007-07-13,32.1,28.3,29.9,32.0,28.0,29.6,0.0,76,999.6,70,10.9,10.4,,
2007-07-14,34.4,28.4,30.6,33.2,27.9,30.2,0.0,74,1001.2,67,11.0,9.4,,
2007-07-15,34.1,28.3,30.6,33.2,28.2,30.3,0.6,77,1004.3,66,9.3,8.0,,
2007-07-16,32.8,28.0,30.1,32.7,27.1,29.9,0.8,78,1006.0,78,7.1,9.7,,
2007-07-17,32.5,27.9,30.2,31.4,27.1,29.7,1.6,76,1006.8,75,3.8,10.6,,
2007-07-18,32.4,28.1,29.9,31.9,27.5,29.5,3.7,77,1007.9,84,5.8,12.5,,
2007-07-19,32.0,27.8,29.8,32.0,27.6,29.5,5.4,76,1008.6,70,9.6,10.2,,
2007-07-20,32.4,28.1,29.6,32.1,27.7,29.6,0.0,76,1008.9,63,10.5,8.4,,
2007-07-21,32.5,28.2,29.7,31.9,27.6,29.5,0.0,75,1008.7,36,11.5,10.1,,
2007-07-22,33.1,28.1,30.0,32.7,27.6,29.7,0.0,75,1008.4,38,11.7,9.2,,
2007-07-23,32.8,27.7,29.8,32.5,27.2,29.6,0.0,75,1009.3,31,12.1,10.2,,
2007-07-24,33.8,28.0,29.9,32.3,27.6,29.5,0.0,74,1010.0,53,10.3,8.8,,
2007-07-25,33.9,28.0,29.9,32.1,27.5,29.4,0.0,71,1010.0,33,9.7,7.2,,
2007-07-26,33.9,27.5,29.7,31.8,26.9,28.6,0.0,71,1009.5,35,5.7,6.4,,
2007-07-27,34.5,27.6,30.2,33.5,27.0,29.7,0.0,73,1009.7,47,9.5,7.7,,
2007-07-28,34.8,28.7,30.7,33.5,28.2,30.3,0.0,75,1009.4,47,10.9,10.9,,
2007-07-29,34.6,28.0,30.4,33.2,27.9,29.6,0.0,74,1009.4,47,6.1,5.6,,
2007-07-30,33.1,28.3,30.1,32.7,27.9,29.6,0.0,74,1009.2,59,6.5,5.0,,
2007-07-31,34.1,28.0,29.8,32.8,27.6,29.3,0.0,74,1008.0,45,6.8,6.6,,
2007-08-01,33.0,27.9,29.9,33.3,27.3,29.7,0.0,72,1007.0,46,11.3,8.0,,
2007-08-02,33.3,28.2,30.2,33.3,27.6,30.0,0.0,71,1006.4,26,10.9,7.9,,
2007-08-03,35.3,28.4,30.8,33.4,28.0,29.9,0.0,71,1006.1,25,7.9,6.9,,
2007-08-04,34.9,28.7,30.8,33.0,28.1,30.1,0.0,76,1005.6,52,10.0,11.0,,
2007-08-05,31.8,26.5,29.3,31.6,25.9,28.8,7.7,81,1006.4,73,6.9,10.8,,
2007-08-06,29.6,25.2,26.7,29.5,24.4,26.5,100.4,92,1006.7,88,2.6,9.3,,
2007-08-07,32.4,25.6,28.3,31.1,25.2,28.1,17.4,87,1003.5,73,6.8,9.8,,
2007-08-08,32.2,25.8,28.5,32.9,25.9,28.6,17.9,80,998.2,77,5.5,6.3,,
2007-08-09,28.9,25.4,26.7,28.8,25.1,26.7,33.6,93,995.3,88,0.2,13.0,,
2007-08-10,26.6,24.7,25.7,26.5,24.6,25.5,57.8,91,994.1,91,0.0,16.4,,
2007-08-11,26.9,25.2,26.0,26.6,25.1,25.8,39.9,91,993.5,93,0.0,11.8,,
2007-08-12,27.3,26.4,26.8,27.2,26.3,26.7,5.3,91,998.0,95,0.0,8.4,,
2007-08-13,30.4,26.4,28.1,30.4,26.4,28.0,0.0,87,1001.1,88,2.6,7.8,,
2007-08-14,28.5,25.1,26.4,28.3,25.2,26.3,14.7,89,999.8,90,0.0,7.2,,
2007-08-15,28.6,25.6,26.7,28.8,25.4,26.8,10.9,86,998.4,88,0.7,5.3,,
2007-08-16,26.8,24.7,25.5,27.3,24.5,25.6,60.7,92,1000.7,86,0.0,7.3,,
2007-08-17,30.8,24.9,27.1,29.8,24.8,27.1,27.9,85,1003.0,69,4.4,12.2,,
2007-08-18,32.8,25.2,28.6,33.6,25.2,28.9,1.2,76,1001.0,66,7.5,8.4,,
2007-08-19,32.7,25.4,28.9,32.7,25.2,28.9,0.0,78,1000.8,68,10.0,10.6,,
2007-08-20,29.8,27.8,28.5,30.2,27.6,28.3,0.0,83,1003.9,91,1.0,11.7,,
2007-08-21,29.5,28.0,28.6,29.7,27.6,28.4,0.0,80,1005.3,88,0.1,11.2,,
2007-08-22,28.6,25.8,27.8,28.4,25.4,27.4,15.1,85,1006.4,88,0.0,8.8,,
2007-08-23,29.9,27.7,28.4,30.4,27.3,28.2,0.0,82,1008.2,84,1.0,6.9,,
2007-08-24,31.4,25.1,28.0,30.5,24.8,27.7,15.3,86,1010.3,80,2.8,4.1,,
2007-08-25,30.6,24.9,27.7,30.6,25.2,27.7,10.3,86,1009.4,86,3.6,3.7,,
2007-08-26,30.9,25.1,27.6,30.7,25.2,27.8,0.0,83,1008.8,76,6.2,4.7,,
2007-08-27,30.1,25.7,27.6,30.6,25.3,27.7,25.0,89,1010.0,84,3.7,11.0,,
2007-08-28,31.3,25.8,27.9,30.7,25.3,27.9,25.9,87,1010.3,80,4.6,11.1,,
2007-08-29,31.7,25.5,28.3,31.5,25.1,28.3,1.3,85,1009.4,70,9.6,10.4,,
2007-08-30,30.8,26.9,28.5,30.5,26.6,28.1,0.1,80,1008.1,55,4.8,4.7,,
2007-08-31,32.9,26.7,28.9,32.1,26.1,28.6,0.0,75,1007.0,31,9.6,5.4,,
2007-09-01,31.6,27.2,29.1,31.1,26.7,28.6,0.0,72,1006.6,60,9.6,6.9,,
2007-09-02,29.9,25.6,27.4,31.1,25.7,27.2,3.7,83,1007.3,84,0.6,5.1,,
2007-09-03,30.6,26.5,28.3,31.0,26.6,28.2,0.0,79,1007.4,78,4.4,5.4,,
2007-09-04,29.8,25.6,27.7,30.0,25.7,27.6,2.3,82,1007.4,84,3.1,5.7,,
2007-09-05,28.8,25.4,26.8,29.6,25.3,26.9,1.5,78,1008.1,88,2.1,7.3,,
2007-09-06,28.5,25.1,26.7,29.4,24.8,26.9,0.0,69,1007.9,87,3.2,4.8,,
2007-09-07,28.5,25.6,26.8,29.1,25.5,26.9,0.1,78,1007.4,85,3.1,6.4,,
2007-09-08,30.0,26.1,27.4,30.1,25.7,27.3,0.0,79,1007.0,83,5.0,10.6,,
2007-09-09,29.9,26.5,27.4,29.7,26.3,27.2,0.0,81,1007.1,87,1.2,12.5,,
2007-09-10,28.9,26.5,27.5,29.3,26.2,27.4,0.0,80,1008.3,84,3.8,14.5,,
2007-09-11,30.8,25.5,27.8,30.7,25.1,27.7,10.7,78,1008.4,59,10.0,12.1,,
2007-09-12,30.6,24.9,27.2,30.0,24.9,27.3,0.0,76,1008.1,54,10.3,11.6,,
2007-09-13,31.0,25.9,27.8,30.3,25.6,27.7,0.0,69,1008.2,23,10.9,12.6,,
2007-09-14,31.5,26.3,28.4,31.9,25.7,28.3,0.0,70,1006.9,52,6.1,5.3,,
2007-09-15,32.6,26.8,29.4,33.2,26.5,29.4,0.0,70,1005.2,40,7.0,5.3,,
2007-09-16,30.9,27.3,28.5,31.3,27.1,28.8,6.0,80,1006.0,76,0.5,5.6,,
2007-09-17,30.7,26.7,28.0,30.8,26.2,27.9,0.5,78,1006.9,82,3.4,5.6,,
2007-09-18,32.0,26.5,28.9,32.4,26.5,29.1,0.0,51,1003.0,35,10.2,9.6,,
2007-09-19,30.8,25.6,28.2,30.9,25.4,28.3,0.0,54,1002.6,38,8.0,9.5,,
2007-09-20,30.8,25.8,27.8,30.4,25.9,27.8,0.1,58,1007.3,74,6.5,10.8,,
2007-09-21,32.5,23.5,27.9,32.0,22.9,27.9,1.7,69,1008.6,81,7.2,8.6,,
2007-09-22,32.6,26.0,28.7,32.2,25.8,28.6,0.0,62,1006.5,73,9.9,12.7,,
2007-09-23,28.0,24.0,25.8,27.8,24.1,26.0,12.5,81,1002.8,89,0.0,17.0,,
2007-09-24,26.4,24.6,25.4,26.8,24.3,25.3,60.1,94,1004.5,90,0.1,14.9,,
2007-09-25,28.6,25.7,26.8,28.4,25.5,26.8,2.1,87,1010.9,86,1.9,14.2,,
2007-09-26,30.3,25.7,27.3,30.1,25.5,27.2,1.0,79,1012.3,65,9.0,12.6,,
2007-09-27,31.0,25.8,27.6,30.7,25.5,27.3,0.0,78,1011.4,38,10.4,10.1,,
2007-09-28,31.6,25.8,27.9,31.2,25.5,27.7,0.0,78,1011.3,51,9.6,10.0,,
2007-09-29,32.2,26.6,28.5,32.1,26.0,28.4,0.0,76,1011.0,65,10.0,8.8,,
2007-09-30,32.3,27.0,29.0,32.1,27.0,29.0,0.0,74,1008.1,79,8.3,11.4,,
2007-10-01,30.7,27.6,28.6,31.1,27.5,28.6,0.0,74,1005.5,88,2.8,14.5,,
2007-10-02,28.2,24.7,26.8,28.5,24.5,26.8,17.6,85,1006.7,88,0.8,23.2,,
2007-10-03,27.7,24.4,26.2,27.7,24.2,26.1,22.2,88,1010.3,88,0.9,18.2,,
2007-10-04,30.6,26.0,27.4,30.6,25.8,27.2,0.0,75,1010.9,78,7.4,12.0,,
2007-10-05,30.4,25.9,27.9,31.0,25.7,27.9,0.0,75,1007.4,60,6.5,6.1,,
2007-10-06,31.6,26.8,29.1,32.0,26.7,29.3,0.0,68,1003.6,22,10.4,7.6,,
2007-10-07,31.1,27.5,29.4,32.1,27.3,29.4,0.0,62,1003.7,63,9.1,8.0,,
2007-10-08,31.1,26.4,28.9,31.8,26.0,29.0,0.0,69,1008.4,84,1.1,6.5,,
2007-10-09,29.2,23.1,25.8,28.5,22.7,25.4,0.0,62,1012.7,64,10.6,10.1,,
2007-10-10,28.2,23.9,25.6,28.0,23.5,25.3,2.1,70,1013.9,84,3.3,9.3,,
2007-10-11,28.5,24.4,25.9,28.4,24.2,25.7,0.0,77,1015.2,84,3.6,9.6,,
2007-10-12,28.1,24.8,25.9,27.9,24.4,25.6,0.2,79,1016.5,88,0.6,10.2,,
2007-10-13,28.9,23.5,25.8,29.2,22.8,25.7,1.4,73,1016.9,88,2.8,11.8,,
2007-10-14,27.2,24.2,25.4,27.3,23.7,25.3,0.2,78,1017.6,88,0.2,9.5,,
2007-10-15,27.5,23.1,24.7,27.2,22.7,24.5,0.0,67,1019.1,84,3.7,9.8,,
2007-10-16,27.4,22.2,24.3,26.8,21.9,24.2,0.0,62,1019.0,73,4.6,11.3,,
2007-10-17,27.1,21.9,23.8,26.6,21.5,23.6,0.0,64,1018.1,80,5.2,7.6,,
2007-10-18,27.3,22.5,24.1,27.1,22.0,23.8,0.0,72,1017.2,65,5.8,8.0,,
2007-10-19,28.2,22.1,24.5,27.8,21.6,24.5,0.0,56,1017.8,20,10.1,8.7,,
2007-10-20,26.9,21.8,24.0,26.4,21.5,23.8,0.0,60,1017.7,18,10.0,10.1,,
2007-10-21,26.3,22.1,23.7,26.2,21.7,23.3,0.0,68,1017.1,31,10.0,12.1,,
2007-10-22,27.5,22.3,24.1,27.0,21.8,23.8,0.0,71,1016.0,42,8.8,9.1,,
2007-10-23,27.9,22.6,24.5,27.3,22.1,24.2,0.0,74,1016.1,56,10.1,11.3,,
2007-10-24,29.4,23.0,25.3,29.1,22.5,25.1,0.0,71,1016.5,35,10.6,12.0,,
2007-10-25,29.4,23.9,25.7,29.8,23.6,25.5,0.0,75,1015.3,38,9.7,8.9,,
2007-10-26,30.1,23.3,25.7,30.4,23.0,25.6,0.0,71,1014.2,23,10.3,8.1,,
2007-10-27,27.7,23.7,24.9,27.5,23.0,24.4,0.0,76,1013.5,53,6.1,10.6,,
2007-10-28,27.1,23.3,24.6,27.3,22.7,24.3,0.0,76,1013.6,77,5.1,8.4,,
2007-10-29,27.7,23.1,24.7,27.6,22.4,24.4,0.0,72,1014.8,66,7.2,12.0,,
2007-10-30,26.3,21.5,23.3,26.3,20.8,23.0,6.3,82,1016.7,89,1.3,8.5,,
2007-10-31,24.8,21.6,22.8,24.7,21.2,22.5,1.7,84,1017.3,89,0.1,7.7,,
2007-11-01,22.0,18.1,20.1,21.9,17.2,19.7,2.1,84,1018.3,93,0.0,11.5,,
2007-11-02,21.6,15.4,19.0,21.6,15.0,18.8,1.6,74,1018.3,89,1.5,11.0,,
2007-11-03,24.4,18.6,21.0,24.1,18.3,21.0,0.0,62,1018.1,75,5.6,6.9,,
2007-11-04,25.3,19.0,21.6,25.3,19.0,21.6,0.2,64,1018.0,21,10.1,8.6,,
2007-11-05,25.3,19.0,21.8,25.6,18.9,21.9,0.0,53,1015.6,54,8.7,10.1,,
2007-11-06,26.8,19.9,23.2,26.9,19.7,23.5,0.0,54,1013.5,51,10.1,12.5,,
2007-11-07,24.5,21.1,22.7,24.8,21.0,22.6,0.0,56,1013.2,86,3.0,12.0,,
2007-11-08,23.0,19.1,21.4,22.8,18.2,21.0,0.0,70,1013.5,88,0.2,11.8,,
2007-11-09,26.7,21.1,23.0,27.3,21.1,23.2,0.0,64,1014.5,45,9.4,8.5,,
2007-11-10,25.6,20.3,22.2,25.7,19.7,22.0,0.0,72,1016.4,26,10.1,10.5,,
2007-11-11,24.3,19.9,21.6,24.8,19.3,21.2,0.0,71,1017.6,51,9.8,12.5,,
2007-11-12,23.2,19.5,21.0,23.5,18.7,20.6,0.0,70,1017.5,32,9.9,13.5,,
2007-11-13,24.0,19.0,21.1,24.8,18.5,20.9,0.0,70,1017.2,27,10.3,12.4,,
2007-11-14,24.5,19.8,21.5,25.3,19.2,21.3,0.0,74,1018.1,33,10.1,11.1,,
2007-11-15,25.4,19.9,21.9,26.6,19.3,21.9,0.0,73,1019.2,47,10.2,9.6,,
2007-11-16,25.6,21.1,22.6,26.7,20.5,22.8,0.0,72,1017.7,32,10.2,10.6,,
2007-11-17,25.4,21.2,22.7,26.2,20.9,22.7,0.0,75,1015.7,56,9.0,12.4,,
2007-11-18,24.6,20.9,22.1,24.6,20.1,21.9,0.0,72,1018.3,70,6.1,9.7,,
2007-11-19,22.7,18.7,20.5,23.3,18.0,20.2,0.0,67,1021.2,72,5.4,8.3,,
2007-11-20,22.6,16.6,19.4,23.8,15.7,19.3,0.0,67,1020.7,28,9.7,7.0,,
2007-11-21,24.0,18.4,20.8,25.8,18.1,20.9,0.0,66,1020.4,53,9.0,8.3,,
2007-11-22,23.4,19.0,20.7,24.7,18.7,20.6,0.0,71,1019.9,81,6.3,9.3,,
2007-11-23,23.0,18.2,20.6,23.8,18.1,20.6,0.0,69,1017.9,71,8.1,8.6,,
2007-11-24,24.0,18.9,21.0,24.7,18.9,21.1,0.0,66,1017.6,72,8.2,9.9,,
2007-11-25,24.4,19.7,21.7,24.9,19.1,21.7,0.0,65,1016.8,84,4.7,6.4,,
2007-11-26,24.8,20.3,22.1,25.3,20.0,22.0,0.0,55,1014.1,86,5.4,10.9,,
2007-11-27,22.2,16.3,19.4,22.5,15.7,19.2,0.0,38,1013.3,48,6.7,13.0,,
2007-11-28,19.5,13.7,16.4,20.2,13.2,16.3,0.0,31,1016.1,13,9.7,12.2,,
2007-11-29,20.0,13.9,16.8,21.5,14.6,18.2,0.0,39,1020.5,13,9.7,5.1,,
2007-11-30,20.1,14.9,17.1,20.6,12.9,16.8,0.0,56,1023.7,21,9.8,8.8,,
2007-12-01,21.3,16.1,18.4,22.8,15.6,18.5,0.0,73,1022.2,50,8.9,10.0,,
2007-12-02,24.0,18.3,20.4,26.6,18.0,20.6,0.0,69,1020.8,45,8.2,6.1,,
2007-12-03,23.2,17.9,20.0,25.4,17.9,20.2,0.0,61,1021.9,20,9.3,7.2,,
2007-12-04,20.9,16.3,18.6,21.7,14.9,18.3,0.0,68,1024.2,51,8.7,10.2,,
2007-12-05,20.4,17.3,18.7,20.5,17.0,18.4,0.0,67,1024.3,85,0.5,8.9,,
2007-12-06,21.4,17.6,19.4,23.1,17.1,19.3,0.0,67,1021.9,82,4.6,5.3,,
2007-12-07,22.3,17.4,19.2,23.6,17.1,19.2,0.0,64,1020.4,52,8.0,5.0,,
2007-12-08,20.8,16.8,18.4,21.5,16.3,18.3,0.0,72,1020.4,55,8.9,12.2,,
2007-12-09,22.0,17.6,19.1,23.3,17.0,19.0,0.0,74,1018.5,81,3.9,9.7,,
2007-12-10,21.8,18.4,19.7,23.5,18.0,19.9,0.0,78,1017.3,45,9.0,10.2,,
2007-12-11,24.2,18.7,21.1,26.2,17.9,21.4,0.0,70,1015.3,45,7.3,6.7,,
2007-12-12,24.6,20.1,21.6,26.2,19.0,21.8,0.0,73,1013.5,43,8.2,6.3,,
2007-12-13,24.2,19.3,21.4,25.9,18.9,21.6,0.0,74,1014.0,31,7.7,5.9,,
2007-12-14,21.4,18.3,19.5,22.2,17.6,19.3,0.0,76,1016.2,53,7.9,11.8,,
2007-12-15,21.9,17.8,19.3,22.9,17.2,19.2,0.0,78,1018.0,43,8.6,11.2,,
2007-12-16,21.1,18.6,19.4,21.7,18.2,19.2,0.0,78,1019.8,77,5.7,12.4,,
2007-12-17,24.7,18.9,21.2,25.9,18.4,21.1,0.0,70,1018.7,73,1.5,4.5,,
2007-12-18,23.5,19.9,21.0,23.9,19.3,20.8,0.0,77,1018.3,64,4.3,8.8,,
2007-12-19,20.1,19.1,19.6,19.6,18.1,18.9,0.0,82,1018.5,88,0.0,4.0,,
2007-12-20,22.1,18.9,19.9,22.6,18.2,19.5,0.0,79,1018.5,72,4.4,11.3,,
2007-12-21,23.4,19.4,21.2,25.0,18.9,21.2,0.0,80,1016.7,56,9.0,10.8,,
2007-12-22,23.7,20.1,21.7,24.1,18.9,21.3,0.0,84,1015.0,73,0.6,5.0,,
2007-12-23,20.8,18.6,20.1,20.2,17.8,19.5,1.1,88,1015.3,92,0.0,9.9,,
2007-12-24,20.2,16.3,17.8,20.3,15.7,17.3,14.6,84,1016.6,79,0.7,6.1,,
2007-12-25,19.4,16.0,17.3,19.5,15.3,16.8,0.0,72,1018.6,73,2.2,7.2,,
2007-12-26,19.8,15.6,17.7,20.6,14.8,17.5,0.0,73,1019.5,38,9.4,10.5,,
2007-12-27,20.6,16.5,18.2,22.0,15.4,18.2,0.0,74,1016.9,18,9.4,7.9,,
2007-12-28,22.4,17.1,19.2,23.8,16.3,19.2,0.0,77,1014.9,23,8.6,6.3,,
2007-12-29,20.7,15.6,18.1,21.1,14.6,17.7,0.0,66,1016.1,57,4.3,8.5,,
2007-12-30,18.7,14.2,15.9,18.9,13.2,15.3,0.0,54,1019.3,68,3.8,8.5,,
2007-12-31,16.7,12.0,14.0,17.5,10.9,13.7,0.0,41,1022.6,23,9.2,9.0,,
2008-01-01,15.7,10.2,12.9,16.7,9.0,12.6,0.0,33,1025.3,8,9.4,12.3,,
2008-01-02,16.0,10.2,12.9,17.3,9.2,12.8,0.0,42,1025.6,11,9.5,9.4,,
2008-01-03,18.1,11.8,14.5,19.5,10.8,14.3,0.0,57,1023.6,13,9.5,4.5,,
2008-01-04,18.4,13.6,15.7,19.1,13.0,15.4,0.0,73,1021.8,17,9.5,7.6,,
2008-01-05,20.9,14.3,17.0,22.7,12.7,16.9,0.0,62,1020.1,23,9.6,5.1,,
2008-01-06,20.7,15.9,17.8,21.8,15.3,17.8,0.0,76,1019.7,31,8.2,9.3,,
2008-01-07,24.0,17.3,20.2,26.1,16.4,20.4,0.0,67,1018.4,59,6.1,4.2,,
2008-01-08,23.7,19.6,20.8,24.3,19.2,20.8,0.0,72,1016.7,79,3.3,8.5,,
2008-01-09,24.5,19.3,21.4,25.4,19.0,21.5,0.0,77,1015.3,71,8.0,8.2,,
2008-01-10,21.8,20.2,20.8,22.5,19.7,20.6,0.0,85,1014.3,89,1.4,12.3,,
2008-01-11,23.4,20.2,21.4,24.6,19.6,21.2,0.0,92,1012.9,85,2.4,10.1,,
2008-01-12,25.8,19.6,22.0,27.5,18.9,22.3,0.0,78,1013.2,42,9.5,3.9,,
2008-01-13,21.7,15.8,18.7,21.7,15.1,18.4,0.0,78,1017.0,88,0.0,8.7,,
2008-01-14,17.3,13.6,15.3,17.3,13.0,14.9,0.0,66,1019.8,84,1.9,7.9,,
2008-01-15,16.4,12.4,14.7,16.4,11.8,14.4,0.7,70,1021.9,87,0.5,8.6,,
2008-01-16,16.8,12.0,14.2,16.6,11.5,13.8,0.0,62,1024.3,81,2.0,9.2,,
2008-01-17,14.0,11.4,12.7,13.9,10.6,12.1,0.0,69,1024.2,87,0.5,9.0,,
2008-01-18,16.4,12.6,14.7,16.1,11.5,14.4,0.0,78,1021.3,83,1.9,10.3,,
2008-01-19,18.4,15.3,16.6,18.7,14.9,16.5,0.0,84,1018.2,85,5.3,13.5,,
2008-01-20,22.2,16.1,18.4,24.3,15.8,18.9,0.0,83,1015.4,40,10.0,7.3,,
2008-01-21,20.2,15.7,17.4,21.5,15.6,17.8,0.0,76,1015.1,46,8.4,5.5,,
2008-01-22,19.0,15.1,17.1,20.9,14.9,17.3,0.0,74,1017.9,69,4.3,4.8,,
2008-01-23,18.9,15.0,17.1,20.1,14.6,17.5,0.0,62,1019.5,86,3.6,4.8,,
2008-01-24,17.7,11.9,14.0,17.6,11.0,13.2,0.5,77,1022.3,90,0.0,9.8,,
2008-01-25,13.6,11.7,12.7,13.5,11.3,12.4,19.2,95,1020.8,88,0.0,9.0,,
2008-01-26,14.8,11.8,13.6,14.5,11.3,13.2,0.0,89,1019.5,88,0.0,7.6,,
2008-01-27,12.6,10.7,11.7,12.3,9.8,11.2,0.0,84,1019.6,88,0.0,3.5,,
2008-01-28,16.6,11.5,13.8,17.0,11.8,13.9,0.0,87,1015.8,93,0.0,3.5,,
2008-01-29,14.4,11.0,12.7,14.3,11.0,12.8,0.6,90,1015.6,97,0.0,4.0,,
2008-01-30,14.1,9.2,11.9,14.1,9.5,11.6,10.4,96,1017.7,95,0.0,6.5,,
2008-01-31,10.7,8.5,9.8,10.2,8.2,9.3,1.9,90,1020.3,92,0.0,5.1,,
2008-02-01,12.2,10.3,11.2,12.3,9.5,10.8,0.0,85,1018.4,91,0.0,6.9,,
2008-02-02,10.9,8.1,9.3,10.5,8.1,9.2,12.3,93,1016.8,88,0.0,5.5,,
2008-02-03,14.3,7.9,11.0,15.3,7.7,11.4,0.3,70,1018.9,78,7.4,3.8,,
2008-02-04,13.4,10.5,12.1,13.7,10.0,11.9,0.0,79,1018.8,88,0.1,5.4,,
2008-02-05,13.8,11.9,12.6,13.8,12.0,12.7,1.6,87,1017.3,89,0.0,4.3,,
2008-02-06,13.7,9.8,11.3,14.6,9.4,11.0,0.3,73,1018.9,86,1.3,6.7,,
2008-02-07,11.2,8.2,9.9,11.3,7.6,9.5,0.5,80,1019.1,88,0.0,6.4,,
2008-02-08,14.3,9.8,11.7,14.6,9.3,11.5,0.0,66,1020.3,88,0.2,7.7,,
2008-02-09,15.0,8.1,11.3,15.6,7.5,11.3,0.0,55,1020.9,45,8.7,7.7,,
2008-02-10,13.7,10.8,11.8,13.8,10.5,11.6,0.0,62,1020.3,86,0.3,7.0,,
2008-02-11,12.6,8.5,11.0,12.2,8.0,10.6,0.0,67,1020.2,88,0.0,7.0,,
2008-02-12,15.5,8.4,11.0,15.4,7.9,10.8,0.0,48,1022.1,69,5.5,9.6,,
2008-02-13,14.2,9.7,11.6,14.7,9.2,11.5,0.0,54,1023.6,84,2.5,8.7,,
2008-02-14,14.7,11.1,12.5,14.7,10.9,12.3,0.0,56,1024.1,88,0.4,6.9,,
2008-02-15,15.8,10.3,12.6,15.7,10.1,12.6,0.3,59,1023.7,62,4.4,7.0,,
2008-02-16,16.9,10.8,13.5,17.7,10.5,13.3,0.0,64,1023.1,73,2.6,9.8,,
2008-02-17,19.0,12.6,15.1,19.5,12.2,15.0,0.4,74,1023.6,81,4.2,9.6,,
2008-02-18,19.1,13.7,15.6,20.2,13.5,15.6,0.0,75,1024.6,74,7.5,8.9,,
2008-02-19,18.6,12.9,14.9,19.3,12.4,14.6,0.0,78,1024.9,53,5.7,8.4,,
2008-02-20,20.5,12.3,15.7,21.2,11.7,15.4,0.0,71,1023.0,8,10.3,6.6,,
2008-02-21,21.4,12.9,16.6,22.1,12.2,16.6,0.0,71,1020.6,24,10.6,9.7,,
2008-02-22,19.4,16.1,17.4,20.6,16.0,17.7,3.8,83,1018.3,87,0.1,4.3,,
2008-02-23,19.8,15.4,18.0,20.4,15.3,18.1,7.1,92,1018.1,88,0.1,7.9,,
2008-02-24,15.3,13.7,14.3,15.3,13.3,14.2,0.4,84,1018.8,88,0.3,16.7,,
2008-02-25,16.8,13.2,15.0,17.2,12.9,14.9,0.5,85,1016.8,88,0.1,11.5,,
2008-02-26,19.7,13.3,16.4,20.4,12.6,16.4,0.0,84,1019.4,78,3.0,7.0,,
2008-02-27,17.2,10.9,13.5,17.2,10.4,13.2,0.0,66,1025.1,38,10.3,7.3,,
2008-02-28,17.5,11.5,14.4,17.8,10.9,14.2,0.0,65,1022.1,24,10.3,4.7,,
2008-02-29,17.6,14.0,15.2,18.6,13.5,15.1,0.0,61,1018.2,80,0.9,5.1,,
2008-03-01,21.4,12.6,16.4,21.2,11.9,16.3,0.0,57,1018.5,7,10.6,7.0,,
2008-03-02,24.5,13.9,18.2,24.8,13.4,18.0,0.0,58,1019.3,15,10.2,3.4,,
2008-03-03,25.7,15.9,19.6,26.2,14.6,19.5,0.0,53,1019.5,9,10.5,5.7,,
2008-03-04,22.4,16.3,18.4,22.4,15.3,18.2,0.0,56,1020.4,6,10.5,11.1,,
2008-03-05,21.0,14.5,17.1,20.0,14.3,16.7,0.0,59,1022.3,10,10.5,14.7,,
2008-03-06,21.3,14.6,17.7,21.7,14.3,17.7,0.0,61,1021.7,76,3.8,10.0,,
2008-03-07,23.2,17.1,19.1,22.8,16.3,18.9,0.0,71,1020.8,56,10.0,11.6,,
2008-03-08,23.4,15.8,18.6,22.9,15.2,18.2,0.0,71,1021.0,26,9.8,11.0,,
2008-03-09,23.3,16.4,19.1,23.2,15.4,18.7,0.0,79,1019.4,16,9.9,5.4,,
2008-03-10,23.3,16.6,19.2,22.9,16.3,18.8,0.0,77,1017.8,48,8.8,10.6,,
2008-03-11,24.2,17.4,19.9,24.4,16.8,19.7,0.0,75,1016.9,26,9.7,6.7,,
2008-03-12,24.0,18.2,20.4,23.5,18.0,20.1,0.0,80,1016.4,25,10.3,9.1,,
2008-03-13,25.0,18.8,21.1,25.4,18.4,21.1,0.0,82,1015.3,87,3.3,5.5,,
2008-03-14,25.7,19.5,21.5,25.4,19.1,21.5,0.0,77,1015.7,88,2.7,9.1,,
2008-03-15,23.5,18.1,20.1,23.1,17.8,19.8,0.0,65,1016.4,64,10.1,13.4,,
2008-03-16,25.0,18.4,20.9,25.4,18.1,20.8,0.0,78,1014.1,68,7.6,7.5,,
2008-03-17,23.8,20.5,21.5,24.7,20.1,21.4,0.0,87,1011.9,88,3.0,8.8,,
2008-03-18,25.2,19.6,21.7,25.5,19.2,21.6,0.0,88,1011.7,87,2.4,6.0,,
2008-03-19,28.0,19.8,23.0,26.6,19.8,21.7,0.0,80,1013.3,82,5.8,6.8,,
2008-03-20,21.5,19.2,20.0,21.3,18.7,19.4,0.0,77,1014.9,87,1.7,20.8,,
2008-03-21,21.6,18.7,19.9,22.2,18.2,19.7,0.0,84,1013.8,87,1.0,13.3,,
2008-03-22,21.0,19.6,20.1,21.0,19.4,19.9,28.0,93,1011.5,85,0.0,8.3,,
2008-03-23,19.8,18.3,19.1,19.8,18.3,19.0,0.0,77,1014.5,86,0.0,5.3,,
2008-03-24,24.9,18.3,20.7,24.5,18.1,20.5,0.0,66,1016.5,52,9.6,8.4,,
2008-03-25,20.5,18.4,19.3,20.7,17.9,19.0,0.0,76,1015.5,79,0.0,7.1,,
2008-03-26,19.7,16.0,17.8,20.0,15.7,17.5,10.7,84,1014.0,79,0.4,3.3,,
2008-03-27,23.5,17.2,20.0,23.6,16.2,19.9,0.0,81,1013.1,59,5.6,7.2,,
2008-03-28,24.0,20.8,22.1,24.5,20.7,22.0,13.8,93,1011.5,91,0.0,10.9,,
2008-03-29,28.1,22.1,24.1,28.3,21.8,24.2,0.0,86,1011.5,73,8.1,6.3,,
2008-03-30,25.7,22.5,23.8,26.4,22.1,23.8,0.0,89,1010.7,87,0.9,2.4,,
2008-03-31,22.7,17.1,19.0,23.1,16.5,18.6,4.7,96,1013.6,92,0.0,18.4,,
2008-04-01,17.4,16.7,17.0,16.9,16.3,16.6,4.3,96,1016.4,98,0.0,17.7,,
2008-04-02,19.7,17.2,18.4,19.8,16.7,18.2,0.7,94,1016.3,95,0.0,6.7,,
2008-04-03,19.0,18.0,18.6,19.7,17.8,18.4,1.4,97,1015.1,99,0.0,9.4,,
2008-04-04,23.3,18.4,20.3,23.9,18.2,20.3,0.9,94,1014.8,90,4.9,13.6,,
2008-04-05,26.8,20.5,22.6,26.5,20.3,22.5,0.0,89,1016.2,71,6.7,8.8,,
2008-04-06,27.7,20.9,23.7,27.3,20.4,23.5,0.0,83,1014.3,72,8.9,4.9,,
2008-04-07,29.1,22.4,25.4,29.2,22.2,25.4,0.0,82,1010.9,71,10.1,7.1,,
2008-04-08,28.5,25.2,26.4,28.6,25.0,26.3,0.0,80,1007.5,86,3.0,11.0,,
2008-04-09,27.4,25.0,26.3,27.8,24.5,26.0,0.0,83,1008.0,85,0.2,6.7,,
2008-04-10,28.4,24.4,26.1,29.1,24.2,26.2,0.0,87,1009.2,84,2.8,6.1,,
2008-04-11,25.7,21.7,23.3,25.2,21.3,22.9,0.0,89,1010.6,88,1.4,12.7,,
2008-04-12,24.7,21.5,22.7,24.8,21.0,22.4,0.0,93,1012.1,88,0.0,12.2,,
2008-04-13,23.0,21.8,22.5,23.2,21.6,22.3,1.3,94,1012.4,92,0.0,10.0,,
2008-04-14,25.5,21.6,22.8,24.2,21.1,22.4,0.0,87,1013.2,86,2.6,12.5,,
2008-04-15,28.2,21.6,23.6,26.8,21.1,23.3,0.0,81,1012.6,66,7.4,11.5,,
2008-04-16,30.8,22.1,25.6,30.4,21.5,25.5,0.0,81,1011.3,47,11.1,5.0,,
2008-04-17,29.0,23.3,25.3,28.9,22.7,25.2,0.0,84,1011.0,81,1.6,10.1,,
2008-04-18,23.6,21.8,22.6,23.3,21.6,22.3,0.0,81,1011.5,88,0.0,20.6,,
2008-04-19,25.4,20.6,22.1,25.5,20.4,21.9,237.4,94,1008.3,93,0.0,21.8,,
2008-04-20,27.4,25.0,26.1,28.1,25.1,26.1,0.0,83,1008.0,88,2.1,9.4,,
2008-04-21,28.5,24.6,26.2,28.3,24.4,25.9,0.0,85,1009.0,80,3.7,4.3,,
2008-04-22,29.6,24.3,26.3,30.0,24.2,26.3,0.0,79,1011.5,72,9.0,7.0,,
2008-04-23,24.7,20.7,22.2,24.2,20.8,21.9,0.4,74,1015.7,88,0.0,9.3,,
2008-04-24,21.9,19.4,20.9,21.8,18.9,20.5,0.1,75,1017.5,88,0.0,7.8,,
2008-04-25,21.6,20.4,21.0,21.6,20.1,20.7,0.7,79,1017.0,88,0.0,6.6,,
2008-04-26,27.8,20.5,22.9,27.0,20.0,22.8,0.0,69,1014.5,81,6.2,5.8,,
2008-04-27,24.8,22.3,23.2,24.6,21.8,22.9,0.0,85,1011.9,88,0.5,9.7,,
2008-04-28,23.3,20.8,21.5,23.1,20.7,21.2,7.8,92,1011.5,88,0.0,6.2,,
2008-04-29,24.7,21.0,22.5,25.1,20.8,22.4,0.0,79,1012.2,85,1.3,9.9,,
2008-04-30,27.5,21.8,23.9,27.6,21.6,23.9,0.0,83,1010.5,81,3.1,6.5,,
2008-05-01,26.6,23.1,24.6,26.6,22.9,24.5,0.0,83,1008.4,88,0.1,2.8,,
2008-05-02,25.8,22.8,23.8,26.1,22.5,23.7,7.1,93,1008.4,87,1.5,7.4,,
2008-05-03,28.2,23.2,25.0,28.0,22.9,24.8,2.2,92,1009.2,88,3.2,11.0,,
2008-05-04,29.8,23.8,26.2,30.0,23.6,26.2,0.0,89,1008.6,75,8.3,8.5,,
2008-05-05,30.2,21.5,26.1,30.3,20.9,26.1,4.5,88,1007.9,86,4.9,8.0,,
2008-05-06,24.9,19.8,22.2,25.1,19.7,22.1,2.1,84,1010.1,88,2.6,17.6,,
2008-05-07,27.4,22.0,24.2,27.9,21.5,24.1,0.0,88,1009.6,84,6.3,12.5,,
2008-05-08,30.2,24.5,27.0,30.3,24.2,27.0,0.0,84,1007.0,49,10.8,6.5,,
2008-05-09,31.0,25.9,27.8,31.3,25.5,27.8,0.0,81,1005.2,65,10.5,8.8,,
2008-05-10,27.1,20.9,24.3,26.9,21.0,24.3,3.5,79,1008.2,88,0.1,9.2,,
2008-05-11,24.9,20.7,22.4,25.2,20.1,22.2,0.0,83,1010.1,88,0.1,7.3,,
2008-05-12,28.2,22.3,24.1,28.3,21.9,23.9,0.0,76,1010.8,66,7.8,9.0,,
2008-05-13,29.1,21.6,24.6,28.4,21.5,24.5,0.0,63,1012.9,7,11.5,13.6,,
2008-05-14,29.2,22.2,24.7,28.1,21.7,24.4,0.0,72,1012.6,18,11.1,12.6,,
2008-05-15,28.9,21.9,24.6,28.2,21.2,24.3,0.0,68,1011.0,15,11.2,9.3,,
2008-05-16,29.2,23.3,25.2,28.2,22.6,24.9,0.0,67,1010.0,53,10.7,9.7,,
2008-05-17,28.1,23.3,25.0,27.8,22.7,24.7,0.0,65,1007.8,77,1.0,6.5,,
2008-05-18,29.4,23.9,25.9,28.7,23.5,25.6,0.0,72,1006.5,79,2.6,4.5,,
2008-05-19,25.7,21.7,23.2,25.3,21.4,23.1,20.1,92,1008.9,88,0.0,5.5,,
2008-05-20,22.0,20.1,20.9,22.0,19.9,20.7,32.9,98,1009.5,88,0.0,12.5,,
2008-05-21,25.2,20.2,22.9,25.3,20.0,22.8,0.0,91,1008.5,87,0.8,12.0,,
2008-05-22,26.6,22.9,24.1,27.5,22.5,24.1,1.4,94,1008.8,89,1.7,11.9,,
2008-05-23,31.4,24.4,26.8,30.7,24.2,26.7,0.3,86,1008.2,74,5.4,5.0,,
2008-05-24,29.5,26.3,27.6,30.4,26.0,27.7,0.4,83,1006.4,85,6.5,6.6,,
2008-05-25,29.1,26.5,27.7,29.6,26.4,27.6,0.3,83,1007.0,84,1.7,6.5,,
2008-05-26,29.6,26.1,27.5,29.5,25.6,27.1,9.9,87,1008.2,85,0.6,6.8,,
2008-05-27,30.2,26.7,28.3,30.5,26.2,28.3,0.0,81,1006.2,82,3.4,9.6,,
2008-05-28,29.0,27.0,28.3,29.0,26.7,28.0,6.9,82,1003.6,85,0.4,11.1,,
2008-05-29,29.0,24.2,27.8,28.8,23.8,27.5,60.6,87,1004.3,90,0.0,7.3,,
2008-05-30,28.4,24.8,26.8,28.2,24.7,26.6,39.0,90,1005.9,89,0.0,5.4,,
2008-05-31,27.5,25.0,26.0,27.7,24.7,25.9,0.7,91,1007.5,88,0.0,7.7,,
2008-06-01,27.9,23.2,25.2,28.4,22.8,25.2,23.1,92,1006.4,88,0.8,10.5,,
2008-06-02,27.9,24.2,25.5,28.1,23.7,25.4,36.6,95,1006.4,87,0.4,4.0,,
2008-06-03,28.3,23.9,25.6,28.6,23.5,25.7,44.9,95,1008.5,89,1.2,7.1,,
2008-06-04,26.1,24.2,24.9,26.3,24.1,24.9,18.3,95,1008.5,84,0.2,8.2,,
2008-06-05,28.3,24.4,25.8,29.2,24.1,25.8,0.1,86,1007.9,82,2.4,3.1,,
2008-06-06,25.1,23.0,24.0,24.9,22.6,23.7,130.8,96,1008.5,96,0.0,8.1,,
2008-06-07,27.5,22.8,25.5,27.4,22.7,25.3,307.1,93,1009.2,93,0.0,11.3,,
2008-06-08,29.2,26.3,27.6,29.9,26.4,27.7,0.0,86,1010.0,81,1.4,6.0,,
2008-06-09,30.6,26.7,28.1,30.8,26.7,28.1,0.0,81,1009.9,82,5.6,9.3,,
2008-06-10,30.3,27.3,28.2,30.4,27.0,28.1,4.5,81,1008.5,84,3.3,12.2,,
2008-06-11,30.6,24.9,28.1,30.0,24.4,27.8,1.7,81,1008.6,81,4.9,10.5,,
2008-06-12,30.3,25.2,28.4,29.8,25.1,28.1,7.2,81,1006.8,88,1.1,8.9,,
2008-06-13,28.6,23.7,27.3,28.4,23.5,27.1,62.5,87,1003.9,89,0.0,18.4,,
2008-06-14,26.8,23.6,25.3,26.9,23.4,25.3,80.8,93,1005.2,89,0.4,4.2,,
2008-06-15,29.5,24.4,26.5,29.5,24.6,26.6,41.3,92,1005.0,90,1.0,2.8,,
2008-06-16,27.8,25.3,26.3,28.2,25.3,26.3,32.3,96,1004.0,88,0.5,3.4,,
2008-06-17,25.7,24.3,25.1,25.6,24.2,24.9,86.9,95,1004.8,88,0.0,8.6,,
2008-06-18,27.7,24.6,25.6,28.0,24.6,25.7,24.8,93,1007.6,88,0.2,8.3,,
2008-06-19,30.3,24.5,27.4,31.5,24.6,27.4,7.6,87,1009.4,84,3.1,6.4,,
2008-06-20,32.6,26.5,28.7,31.8,26.1,28.6,0.0,79,1008.9,53,9.6,5.0,,
2008-06-21,32.9,26.4,28.7,31.4,26.0,28.4,0.0,78,1006.2,33,10.9,4.9,,
2008-06-22,32.4,26.1,28.7,32.0,25.8,28.5,0.0,77,1003.5,38,11.7,5.4,,
2008-06-23,31.6,26.7,28.9,32.2,26.5,29.0,0.0,75,1001.0,56,9.7,5.0,,
2008-06-24,30.5,27.4,28.8,30.9,27.1,29.1,0.6,79,999.0,82,3.6,13.4,,
2008-06-25,27.5,24.4,25.7,27.1,24.2,25.4,146.1,93,998.4,88,0.0,21.0,,
2008-06-26,27.7,24.1,26.3,27.6,24.2,26.0,100.4,89,1003.9,91,0.0,11.3,,
2008-06-27,27.2,23.9,25.6,27.6,24.0,25.5,60.0,91,1005.2,90,0.9,5.1,,
2008-06-28,28.4,24.1,25.9,28.2,24.0,25.9,35.5,93,1005.7,86,0.1,5.9,,
2008-06-29,28.8,24.3,26.2,28.7,23.9,26.1,44.5,92,1006.7,86,0.5,7.9,,
2008-06-30,29.4,24.5,26.2,29.4,24.3,26.0,48.5,93,1009.0,88,2.0,3.3,,
2008-07-01,31.7,26.2,28.5,31.2,26.1,28.4,4.0,83,1010.9,78,6.7,8.5,,
2008-07-02,32.2,27.0,28.8,32.0,26.8,28.6,0.0,78,1010.6,61,9.2,8.3,,
2008-07-03,32.3,27.2,29.1,31.8,26.9,28.8,0.0,77,1010.7,52,9.2,7.0,,
2008-07-04,32.7,27.1,29.0,32.5,27.0,29.0,0.0,79,1009.4,56,10.2,5.5,,
2008-07-05,32.7,26.0,28.9,32.1,25.5,28.7,11.6,85,1007.3,73,9.0,9.0,,
2008-07-06,28.9,24.2,25.8,30.5,23.7,25.8,54.4,96,1005.3,85,2.7,9.8,,
2008-07-07,26.6,24.5,25.5,26.9,24.2,25.5,39.4,96,1001.5,91,0.0,8.5,,
2008-07-08,28.5,24.4,26.8,30.3,24.0,26.5,51.3,90,1005.6,90,0.0,7.4,,
2008-07-09,27.7,24.5,25.6,28.3,24.4,25.6,43.3,97,1008.7,89,0.0,4.9,,
2008-07-10,27.9,23.6,26.2,27.4,23.5,26.0,59.9,93,1007.3,90,0.5,5.5,,
2008-07-11,27.8,24.6,26.3,27.5,24.5,26.7,12.8,90,1004.6,87,2.4,2.0,,
2008-07-12,27.2,22.9,25.1,27.0,22.9,25.1,114.3,92,1004.2,91,0.0,4.1,,
2008-07-13,28.6,24.7,26.1,29.0,24.5,26.1,11.7,90,1005.7,88,0.4,5.1,,
2008-07-14,31.4,25.4,27.6,31.3,24.9,27.5,30.7,88,1006.9,84,4.8,4.2,,
2008-07-15,30.8,24.9,27.4,30.7,24.4,27.6,33.8,89,1004.5,86,6.1,6.6,,
2008-07-16,31.5,26.6,28.2,30.9,26.7,28.2,0.0,84,1002.8,70,4.8,4.8,,
2008-07-17,31.7,26.9,29.1,31.6,26.6,28.9,0.0,78,1003.1,44,12.1,8.1,,
2008-07-18,31.0,27.9,29.2,31.2,27.3,28.9,0.0,80,1004.5,83,5.0,9.6,,
2008-07-19,30.8,27.9,29.1,30.8,27.6,28.8,3.9,82,1006.7,83,5.2,8.2,,
2008-07-20,32.8,28.4,29.6,31.8,27.9,29.2,0.0,78,1008.3,81,5.7,7.9,,
2008-07-21,33.2,28.3,29.9,32.1,27.8,29.5,0.0,76,1007.3,70,10.3,8.8,,
2008-07-22,31.4,28.1,29.5,31.5,27.5,29.2,0.0,75,1005.9,66,8.8,9.1,,
2008-07-23,31.8,28.1,29.5,31.7,27.6,29.3,0.0,74,1006.5,59,9.5,9.5,,
2008-07-24,32.5,27.6,29.6,31.9,27.0,29.3,0.0,72,1007.4,23,11.5,9.4,,
2008-07-25,32.3,27.5,29.6,32.2,26.7,29.3,0.0,74,1006.3,13,11.7,8.5,,
2008-07-26,32.6,27.8,30.2,32.5,27.1,29.7,0.0,71,1005.5,20,11.3,8.5,,
2008-07-27,33.3,27.8,29.8,33.5,27.6,29.5,0.0,70,1003.5,53,8.1,8.0,,
2008-07-28,34.6,28.3,31.0,34.6,27.9,30.8,0.0,71,998.8,40,10.3,9.3,,
2008-07-29,32.5,29.1,30.5,32.1,28.6,30.0,0.0,77,998.0,88,0.0,8.1,,
2008-07-30,30.4,28.4,29.2,29.8,28.0,28.7,0.0,82,1001.9,85,0.0,10.8,,
2008-07-31,31.1,26.9,28.8,31.6,26.2,28.4,0.0,80,1007.8,86,3.5,9.7,,
2008-08-01,31.1,26.4,28.2,31.2,25.7,28.0,0.0,84,1009.4,76,7.2,9.9,,
2008-08-02,32.4,27.3,29.1,32.3,26.7,28.8,0.0,77,1007.5,70,10.3,8.1,,
2008-08-03,34.2,27.6,29.7,32.9,26.7,29.3,0.0,75,1005.9,57,11.4,7.9,,
2008-08-04,33.1,27.4,29.5,33.5,26.8,29.4,0.0,76,1003.9,76,7.6,8.8,,
2008-08-05,29.2,25.8,27.7,29.7,25.8,27.7,6.1,80,999.3,93,0.6,15.3,,
2008-08-06,27.0,25.2,25.9,27.1,24.5,25.7,74.1,92,994.1,99,0.1,25.8,,
2008-08-07,28.8,24.2,26.5,28.9,23.7,26.4,72.3,91,1002.0,90,0.7,15.2,,
2008-08-08,26.9,25.0,26.0,26.9,24.4,25.7,48.3,95,1004.3,90,0.1,7.1,,
2008-08-09,31.5,25.7,27.8,31.0,25.2,27.8,0.0,80,1003.4,83,7.9,3.0,,
2008-08-10,30.0,25.9,27.7,30.3,25.3,27.4,0.0,80,1003.4,79,2.7,4.1,,
2008-08-11,27.1,24.5,25.7,26.8,24.1,25.3,17.7,90,1007.2,93,0.1,4.9,,
2008-08-12,31.2,24.6,27.9,31.6,24.2,27.8,0.0,84,1009.8,73,5.5,7.9,,
2008-08-13,31.8,27.0,29.0,31.7,26.5,28.8,0.0,75,1009.7,34,10.4,7.9,,
2008-08-14,31.5,27.1,28.8,31.9,26.5,28.7,0.0,77,1006.6,21,11.2,10.0,,
2008-08-15,31.9,27.5,29.0,31.6,27.0,28.7,0.0,77,1004.2,52,10.1,10.0,,
2008-08-16,31.7,27.6,29.1,31.5,27.1,28.9,0.0,76,1004.8,61,9.8,9.3,,
2008-08-17,32.9,27.9,29.5,32.3,27.4,29.1,0.0,76,1007.3,58,8.7,8.4,,
2008-08-18,33.5,27.7,29.8,32.4,27.1,29.3,0.0,78,1009.5,55,10.8,10.5,,
2008-08-19,33.7,27.8,29.5,31.4,27.2,28.9,0.0,78,1009.9,47,5.8,8.3,,
2008-08-20,32.3,27.0,29.7,32.9,26.6,29.5,0.0,74,1006.5,30,11.0,9.7,,
2008-08-21,34.3,29.0,30.6,34.0,28.3,30.3,0.0,71,1003.0,80,5.0,7.1,,
2008-08-22,30.4,23.7,26.6,30.5,23.0,26.2,61.6,82,992.5,95,0.2,28.8,,
2008-08-23,27.9,23.4,25.6,28.0,22.7,25.1,36.9,81,1005.2,82,3.8,14.7,,
2008-08-24,31.8,25.8,28.0,31.6,25.1,27.5,0.0,82,1009.2,78,5.4,5.3,,
2008-08-25,32.4,27.1,28.7,32.1,26.2,28.2,0.0,80,1010.3,73,7.1,6.8,,
2008-08-26,31.6,26.6,28.5,31.0,25.9,28.1,0.0,78,1009.5,59,10.8,7.0,,
2008-08-27,32.0,26.7,28.9,31.2,26.0,28.3,0.0,72,1009.7,41,10.6,7.3,,
2008-08-28,31.7,26.8,28.9,31.5,25.8,28.5,0.0,76,1009.4,49,10.6,6.5,,
2008-08-29,32.6,26.8,29.1,32.4,26.3,28.8,0.0,77,1008.6,39,10.7,7.5,,
2008-08-30,32.4,27.8,29.5,31.9,27.1,29.1,0.0,74,1008.8,39,10.3,7.0,,
2008-08-31,31.9,27.7,29.4,31.8,27.2,29.1,0.0,75,1009.4,80,9.0,8.4,,
2008-09-01,32.1,27.7,29.5,32.3,27.1,29.2,0.0,75,1009.3,77,8.2,8.5,,
2008-09-02,30.1,25.8,27.9,31.0,25.4,27.6,6.7,85,1010.2,88,2.9,5.7,,
2008-09-03,31.6,25.3,28.1,31.2,25.0,27.7,9.0,82,1010.0,83,5.2,5.7,,
2008-09-04,31.1,27.1,28.4,30.4,26.4,27.9,0.0,77,1009.8,84,2.6,5.7,,
2008-09-05,29.9,26.6,27.6,29.6,25.7,27.2,6.3,85,1010.1,85,1.7,3.5,,
2008-09-06,31.5,25.6,27.3,31.9,25.7,27.3,25.8,86,1011.4,79,4.5,4.8,,
2008-09-07,32.4,26.7,28.5,31.9,26.0,28.3,5.5,80,1011.9,67,10.4,8.5,,
2008-09-08,31.5,26.3,28.3,30.6,26.0,28.0,0.0,75,1011.2,67,10.6,11.0,,
2008-09-09,32.5,26.5,28.7,31.9,26.4,28.4,0.2,74,1009.7,63,10.6,12.4,,
2008-09-10,33.3,27.0,29.3,33.1,26.5,29.0,0.0,71,1008.6,53,10.2,7.7,,
2008-09-11,31.5,27.5,29.4,31.8,26.7,29.3,0.0,72,1007.2,56,8.8,7.0,,
2008-09-12,32.7,28.4,30.3,33.3,28.3,30.3,0.0,68,1005.7,55,9.1,6.9,,
2008-09-13,34.2,28.3,30.8,34.2,28.0,30.7,0.0,60,1005.8,39,10.6,7.2,,
2008-09-14,31.8,28.1,30.4,33.2,28.1,30.7,0.0,60,1005.4,60,10.7,8.4,,
2008-09-15,33.8,28.7,30.8,33.8,28.5,30.9,0.0,60,1004.9,43,8.2,7.6,,
2008-09-16,33.0,28.0,30.4,33.2,28.3,30.3,0.0,64,1005.4,30,8.5,5.5,,
2008-09-17,33.4,29.0,30.4,33.5,28.4,30.1,0.0,76,1007.1,63,4.5,5.3,,
2008-09-18,32.2,26.4,29.2,32.7,26.3,29.0,1.6,81,1008.9,78,4.9,6.2,,
2008-09-19,30.2,26.4,28.3,30.9,25.4,28.1,23.5,87,1010.2,77,3.8,8.0,,
2008-09-20,32.8,27.7,29.5,32.5,27.1,29.2,0.0,80,1009.4,49,9.6,8.8,,
2008-09-21,32.4,27.8,29.7,32.3,26.9,29.3,0.0,74,1006.8,41,9.7,7.2,,
2008-09-22,34.3,28.3,31.2,35.6,27.9,31.5,0.0,72,1002.3,37,9.0,8.3,,
2008-09-23,33.0,25.7,29.5,33.2,24.6,29.7,34.1,71,996.1,86,0.1,24.9,,
2008-09-24,28.7,24.7,27.1,28.5,24.3,26.7,43.7,88,1003.8,89,0.1,24.5,,
2008-09-25,31.3,27.2,28.3,31.3,26.9,28.1,0.4,85,1008.6,86,5.1,14.9,,
2008-09-26,32.7,26.6,28.8,32.2,26.3,28.6,0.1,79,1008.9,70,8.9,11.0,,
2008-09-27,31.7,26.8,28.2,31.1,26.1,27.8,0.0,75,1009.4,76,6.1,11.7,,
2008-09-28,31.7,24.7,27.6,31.4,24.8,27.6,2.3,70,1007.2,62,10.3,9.4,,
2008-09-29,31.8,24.9,27.8,31.4,24.6,27.6,0.0,62,1007.7,55,10.7,9.9,,
2008-09-30,30.9,25.3,27.7,31.2,24.6,27.5,0.0,63,1011.0,72,8.3,7.4,,
2008-10-01,30.0,24.8,27.0,29.6,24.1,26.7,0.0,70,1012.7,80,4.5,8.1,,
2008-10-02,30.1,24.8,27.0,29.5,24.6,26.6,3.0,80,1012.6,83,5.7,10.4,,
2008-10-03,28.4,25.5,26.3,28.2,24.9,25.9,2.4,83,1011.4,85,0.9,14.6,,
2008-10-04,30.7,25.2,27.4,30.3,24.8,27.0,14.0,86,1009.4,89,4.8,12.0,,
2008-10-05,27.8,23.5,25.9,27.2,23.3,25.5,122.6,87,1007.9,90,0.6,15.1,,
2008-10-06,26.1,22.9,24.2,25.5,22.4,24.1,0.0,75,1009.7,81,2.6,12.6,,
2008-10-07,25.2,22.5,23.7,25.0,21.8,23.3,0.0,78,1013.2,88,0.0,7.6,,
2008-10-08,27.3,23.7,25.5,27.7,23.4,25.3,0.5,78,1013.8,85,2.6,10.8,,
2008-10-09,29.6,24.6,26.7,29.5,24.4,26.4,0.0,75,1015.5,72,9.4,12.7,,
2008-10-10,30.7,25.4,27.4,30.5,24.9,27.0,0.0,73,1016.1,40,10.0,10.2,,
2008-10-11,30.0,25.5,27.3,29.5,24.9,26.8,0.0,75,1015.8,48,10.3,12.6,,
2008-10-12,27.2,25.7,26.2,27.3,25.1,25.7,0.0,74,1014.7,88,0.7,13.9,,
2008-10-13,26.2,24.4,25.3,25.7,23.5,24.7,0.3,75,1014.5,88,0.0,12.8,,
2008-10-14,29.4,24.0,26.1,29.1,23.4,25.5,0.0,74,1015.9,83,7.8,10.5,,
2008-10-15,29.8,24.6,26.5,29.0,24.0,26.1,0.0,72,1015.6,55,9.7,12.0,,
2008-10-16,30.6,24.7,26.8,30.2,23.8,26.2,0.0,76,1013.2,57,8.4,7.7,,
2008-10-17,28.8,25.6,26.5,29.2,25.0,26.0,0.1,81,1012.6,82,2.6,10.4,,
2008-10-18,30.3,25.8,27.1,29.4,25.2,26.4,0.0,77,1014.6,77,5.9,14.3,,
2008-10-19,30.2,25.1,27.0,29.5,24.9,26.4,1.6,77,1014.4,61,7.3,10.6,,
2008-10-20,30.1,25.4,26.9,29.1,24.8,26.4,0.0,74,1014.1,49,10.6,13.9,,
2008-10-21,29.5,25.3,26.7,28.6,24.4,25.9,0.0,76,1013.8,49,6.8,11.5,,
2008-10-22,30.4,24.8,26.8,30.1,23.8,26.1,0.0,78,1013.0,33,9.1,7.7,,
2008-10-23,29.7,25.2,27.4,30.2,24.4,27.2,0.0,74,1013.6,43,8.4,5.6,,
2008-10-24,29.5,25.8,27.3,29.3,25.3,26.8,0.0,75,1017.1,76,5.9,13.4,,
2008-10-25,29.1,25.5,26.5,28.6,24.8,25.8,0.0,76,1017.9,86,3.3,13.6,,
2008-10-26,30.4,25.2,27.0,30.6,24.3,26.4,0.0,79,1017.1,44,7.7,7.9,,
2008-10-27,29.5,25.4,26.8,28.5,24.4,26.0,0.0,78,1017.4,66,5.7,10.2,,
2008-10-28,28.8,24.3,26.0,28.6,23.2,25.4,0.1,76,1016.2,57,9.3,11.4,,
2008-10-29,28.8,24.9,26.3,29.2,24.1,25.9,0.0,77,1014.5,76,6.1,10.8,,
2008-10-30,29.5,25.5,27.0,29.7,24.9,26.5,0.0,78,1015.0,72,7.1,10.4,,
2008-10-31,28.9,26.0,26.9,28.9,25.2,26.4,0.0,81,1015.4,69,6.8,11.8,,
2008-11-01,27.0,25.6,26.3,26.6,25.2,25.8,0.2,82,1015.2,86,0.5,14.0,,
2008-11-02,26.5,24.9,25.9,26.5,24.7,25.6,2.6,87,1013.9,88,0.0,12.6,,
2008-11-03,26.3,22.7,24.9,26.1,21.6,24.7,51.2,85,1015.6,84,0.8,8.1,,
2008-11-04,27.7,23.6,25.2,27.7,23.2,24.8,0.0,82,1016.0,86,2.8,11.6,,
2008-11-05,26.6,24.6,25.5,26.7,23.9,25.1,0.3,84,1015.1,85,0.4,12.5,,
2008-11-06,28.6,25.2,26.3,28.9,24.7,26.0,0.0,83,1013.6,81,4.5,12.3,,
2008-11-07,29.4,25.4,26.9,29.9,24.9,26.5,0.0,82,1012.9,57,8.6,8.8,,
2008-11-08,26.6,20.9,24.3,26.9,20.0,23.9,0.0,71,1012.8,69,3.9,11.0,,
2008-11-09,23.0,19.2,20.7,23.1,18.6,20.3,0.0,64,1015.6,73,7.0,17.3,,
2008-11-10,22.7,16.9,19.6,22.6,16.2,19.4,0.0,51,1018.3,15,10.3,15.0,,
2008-11-11,23.4,16.5,19.4,23.1,15.9,19.3,0.0,47,1018.6,10,10.3,11.7,,
2008-11-12,23.7,16.7,20.0,23.9,15.7,19.7,0.0,50,1017.6,11,10.4,6.0,,
2008-11-13,25.6,19.5,22.3,26.2,19.3,22.2,0.0,63,1017.6,27,10.2,7.2,,
2008-11-14,26.3,21.6,23.5,27.1,21.0,23.3,0.0,73,1016.4,47,9.9,8.0,,
2008-11-15,27.0,22.2,23.9,28.0,21.6,23.7,0.0,76,1014.8,52,9.3,6.8,,
2008-11-16,27.3,22.4,24.1,27.9,21.2,23.9,0.0,73,1013.6,20,9.8,8.6,,
2008-11-17,25.7,21.6,23.3,25.9,21.0,22.9,0.0,75,1014.7,25,9.7,10.6,,
2008-11-18,23.1,19.6,21.6,23.0,18.7,21.0,0.0,69,1018.6,54,8.1,11.7,,
2008-11-19,21.4,16.7,18.9,21.3,16.2,18.3,0.0,59,1023.5,54,8.1,13.6,,
2008-11-20,20.0,15.2,17.5,20.7,14.4,17.2,0.0,56,1023.3,16,9.8,10.0,,
2008-11-21,22.6,16.6,19.7,23.4,15.8,19.5,0.0,62,1021.2,20,9.9,9.3,,
2008-11-22,23.3,19.1,21.4,23.8,18.7,21.1,0.0,70,1019.5,85,2.6,8.1,,
2008-11-23,25.9,20.8,22.9,26.3,20.0,22.8,0.0,75,1018.3,78,6.7,4.0,,
2008-11-24,26.1,20.7,23.0,27.0,20.4,23.1,0.0,61,1018.5,47,8.6,6.9,,
2008-11-25,23.8,19.0,21.3,24.8,18.7,21.1,0.0,61,1020.9,56,9.0,9.3,,
2008-11-26,23.7,18.9,21.2,25.0,18.5,21.1,0.0,63,1020.3,70,6.5,8.5,,
2008-11-27,21.8,15.9,19.4,22.1,15.3,19.3,0.0,37,1022.0,34,9.0,15.8,,
2008-11-28,18.2,12.5,15.3,18.6,11.6,15.2,0.0,36,1023.9,6,9.8,12.3,,
2008-11-29,20.2,13.7,16.9,21.4,12.2,17.0,0.0,36,1024.2,3,9.8,9.5,,
2008-11-30,20.2,14.6,17.2,21.2,13.9,17.3,0.0,47,1024.1,0,9.7,7.7,,
2008-12-01,21.6,16.0,18.3,22.6,14.8,18.0,0.0,64,1021.8,5,9.6,4.9,,
2008-12-02,22.6,16.4,18.9,23.7,14.6,18.7,0.0,61,1018.7,10,9.8,7.1,,
2008-12-03,21.6,17.5,19.9,22.5,17.0,19.8,0.0,69,1015.5,57,2.7,9.6,,
2008-12-04,24.0,20.1,22.0,25.0,19.9,22.0,0.2,67,1017.8,82,2.3,10.0,,
2008-12-05,20.1,16.2,17.8,20.3,15.5,17.4,0.0,49,1023.7,63,9.0,14.2,,
2008-12-06,17.9,13.9,15.6,18.8,13.1,15.3,0.0,42,1025.1,38,8.1,11.0,,
2008-12-07,17.7,13.0,15.7,18.0,12.3,15.4,0.4,55,1023.3,55,5.0,8.5,,
2008-12-08,20.7,15.1,17.6,22.0,15.4,18.1,0.0,44,1021.0,51,6.9,7.0,,
2008-12-09,21.7,15.2,18.1,23.5,13.7,17.9,0.0,54,1018.4,8,9.7,3.8,,
2008-12-10,22.2,16.2,18.9,24.3,15.9,19.0,0.0,55,1018.5,7,9.7,7.2,,
2008-12-11,23.8,17.4,20.3,25.6,16.7,20.3,0.0,54,1017.3,28,9.6,4.0,,
2008-12-12,20.6,19.1,19.9,20.4,18.6,19.5,0.0,74,1015.7,88,0.1,12.6,,
2008-12-13,24.4,19.8,21.6,25.6,19.3,21.7,0.0,65,1017.2,79,3.2,5.0,,
2008-12-14,21.1,16.6,19.1,21.4,16.1,19.0,0.0,52,1020.4,47,6.7,10.0,,
2008-12-15,19.0,14.3,16.5,19.7,13.4,16.1,0.0,64,1020.9,12,8.3,8.3,,
2008-12-16,20.1,14.7,17.0,21.2,14.1,16.6,0.0,69,1020.1,15,8.7,5.2,,
2008-12-17,21.4,15.2,18.0,23.5,13.8,17.7,0.0,65,1020.5,13,9.4,3.8,,
2008-12-18,22.5,16.4,18.9,24.0,14.9,18.9,0.0,62,1020.3,13,9.4,6.6,,
2008-12-19,22.2,17.1,19.3,24.4,16.6,19.4,0.0,65,1020.1,44,8.8,10.8,,
2008-12-20,23.7,17.5,20.1,25.8,16.6,20.2,0.0,72,1018.3,7,9.5,7.7,,
2008-12-21,23.9,19.3,21.1,25.5,18.4,21.3,0.0,61,1018.6,37,8.7,8.5,,
2008-12-22,20.4,12.9,16.5,20.2,11.8,15.9,0.0,56,1022.8,28,9.4,11.8,,
2008-12-23,16.9,11.5,14.1,18.1,10.3,13.8,0.0,61,1023.6,68,8.2,7.8,,
2008-12-24,20.8,15.0,18.0,21.8,14.5,18.0,0.0,60,1019.9,87,2.8,3.8,,
2008-12-25,22.1,17.6,19.6,22.9,16.9,19.6,0.0,67,1019.5,76,7.3,6.3,,
2008-12-26,20.1,17.1,18.6,20.8,16.4,18.2,0.0,72,1020.5,85,4.5,15.0,,
2008-12-27,20.7,17.8,19.0,21.3,17.2,18.7,0.0,74,1018.5,88,0.5,9.7,,
2008-12-28,20.3,18.0,19.3,20.5,17.4,19.1,0.1,80,1017.3,92,0.0,7.1,,
2008-12-29,23.2,17.8,20.6,23.7,17.2,20.5,2.0,75,1017.3,88,0.5,7.0,,
2008-12-30,18.3,15.7,16.7,18.1,14.9,16.2,5.2,84,1019.9,88,0.1,7.9,,
2008-12-31,16.2,12.5,14.5,15.9,11.8,13.9,1.1,73,1022.3,88,0.0,12.8,,
2009-01-01,17.2,11.3,14.2,18.3,10.7,14.1,0.0,53,1024.4,33,8.8,10.6,,
2009-01-02,16.6,11.1,13.7,17.8,10.1,13.5,0.0,56,1025.6,10,9.6,8.2,,
2009-01-03,17.6,12.4,15.1,18.5,11.8,14.9,0.0,64,1023.2,79,6.8,11.1,,
2009-01-04,21.1,15.1,17.0,22.1,14.3,17.0,0.0,70,1020.3,58,7.6,8.2,,
2009-01-05,19.9,15.3,17.2,20.5,14.4,17.2,0.0,77,1020.2,23,9.6,11.5,,
2009-01-06,20.0,15.9,17.5,20.6,15.2,17.3,0.0,77,1020.4,56,9.0,15.6,,
2009-01-07,20.0,15.2,17.2,21.0,14.6,17.1,0.0,68,1021.6,32,8.9,7.0,,
2009-01-08,18.6,12.3,15.2,19.3,11.3,15.0,0.0,60,1024.1,4,9.6,9.3,,
2009-01-09,15.2,9.8,12.6,15.7,8.9,12.3,0.0,47,1026.0,20,9.4,13.5,,
2009-01-10,15.0,9.4,12.0,16.1,8.8,12.0,0.0,33,1025.9,0,9.7,13.3,,
2009-01-11,16.6,9.6,12.5,17.1,8.7,12.2,0.0,49,1024.3,8,9.6,6.0,,
2009-01-12,17.4,10.7,13.8,18.1,10.4,14.0,0.0,45,1027.6,7,9.6,10.7,,
2009-01-13,15.9,9.8,12.7,17.0,9.2,12.7,0.0,36,1029.8,4,9.6,10.6,,
2009-01-14,16.0,9.8,12.4,17.0,8.9,12.3,0.0,47,1029.4,3,9.4,6.6,,
2009-01-15,16.7,10.7,13.2,17.3,10.4,13.2,0.0,59,1028.2,2,9.7,9.0,,
2009-01-16,17.8,11.8,14.4,18.6,10.5,14.3,0.0,66,1025.4,7,9.8,8.4,,
2009-01-17,19.6,13.7,16.3,20.6,12.9,16.4,0.0,67,1022.1,5,10.1,9.9,,
2009-01-18,23.7,15.7,18.8,24.8,14.3,18.6,0.0,75,1019.7,22,9.7,2.8,,
2009-01-19,22.0,17.0,19.2,23.3,16.5,19.2,0.0,74,1017.3,48,9.2,9.8,,
2009-01-20,20.4,16.1,18.1,20.7,15.3,17.8,0.0,75,1017.2,71,4.6,16.7,,
2009-01-21,24.5,17.8,20.0,26.1,17.3,20.3,0.0,73,1016.9,53,9.8,4.5,,
2009-01-22,21.8,15.8,18.7,22.9,15.5,18.6,0.0,74,1014.2,48,7.5,4.5,,
2009-01-23,19.6,14.2,17.5,19.3,13.2,16.9,0.0,70,1019.1,81,0.7,10.5,,
2009-01-24,14.2,10.7,11.6,13.2,9.5,10.6,0.0,53,1024.9,88,0.0,12.9,,
2009-01-25,15.8,10.7,13.3,15.9,9.9,12.8,0.0,60,1021.9,87,2.0,10.0,,
2009-01-26,16.3,12.7,14.6,16.4,11.9,14.2,0.0,66,1019.7,88,0.0,10.2,,
2009-01-27,13.1,11.4,12.2,13.1,10.5,11.7,0.0,78,1019.8,88,0.0,3.7,,
2009-01-28,17.6,13.1,15.0,18.4,12.5,14.7,0.0,83,1018.0,81,1.9,10.2,,
2009-01-29,19.2,14.7,16.3,20.3,14.7,16.4,0.0,82,1016.5,79,6.0,10.5,,
2009-01-30,18.3,13.9,16.0,19.2,13.4,16.0,0.0,73,1015.9,34,8.6,7.1,,
2009-01-31,20.6,14.0,16.7,20.5,13.2,16.6,0.0,70,1018.3,31,9.7,12.3,,
2009-02-01,20.3,15.8,17.5,21.8,15.4,17.5,0.0,74,1020.2,81,5.1,9.9,,
2009-02-02,21.8,16.0,18.6,22.6,15.7,18.5,0.0,69,1019.2,50,9.0,9.3,,
2009-02-03,23.3,17.0,19.6,24.0,15.5,19.2,0.0,73,1017.8,10,10.1,3.3,,
2009-02-04,20.9,16.8,18.2,21.4,16.1,17.8,0.0,80,1017.9,47,6.4,11.6,,
2009-02-05,23.2,16.7,19.1,23.4,16.0,19.0,0.0,80,1018.3,36,9.9,10.3,,
2009-02-06,22.5,17.8,19.2,22.0,17.4,18.9,0.0,78,1019.5,59,6.7,12.2,,
2009-02-07,22.9,16.6,19.1,23.0,15.9,18.8,0.0,75,1018.6,34,10.2,12.3,,
2009-02-08,24.4,18.3,20.4,25.0,17.8,20.3,0.0,70,1018.8,70,4.8,9.4,,
2009-02-09,24.5,17.8,20.3,25.7,17.1,20.3,0.0,74,1018.2,36,9.4,6.7,,
2009-02-10,21.7,18.1,19.4,22.3,17.4,19.0,0.0,82,1017.0,21,9.8,9.3,,
2009-02-11,24.8,17.8,20.2,24.8,16.6,19.7,0.0,80,1014.4,42,9.6,6.1,,
2009-02-12,24.4,19.1,21.5,24.8,18.2,21.2,0.0,81,1009.6,67,2.8,6.1,,
2009-02-13,25.3,22.3,23.8,24.8,22.0,23.4,0.0,81,1007.4,85,0.9,6.7,,
2009-02-14,25.3,22.8,24.0,25.4,22.3,23.7,0.0,87,1009.9,84,0.1,4.3,,
2009-02-15,25.0,20.3,22.4,25.1,19.7,21.9,0.1,91,1012.8,88,0.3,8.1,,
2009-02-16,20.6,17.8,19.7,20.1,17.0,19.0,0.4,92,1016.4,88,0.0,13.2,,
2009-02-17,21.4,17.3,18.4,20.2,16.5,17.7,0.0,81,1018.6,88,1.3,16.7,,
2009-02-18,23.2,17.5,19.5,22.7,16.9,18.9,0.0,77,1016.8,82,5.0,12.7,,
2009-02-19,23.0,17.6,19.4,22.8,16.9,19.0,0.3,87,1014.8,62,3.0,8.7,,
2009-02-20,25.4,18.9,21.4,25.2,17.9,21.1,0.0,75,1016.4,40,7.4,5.7,,
2009-02-21,21.1,17.5,18.8,20.9,16.8,18.2,0.0,80,1015.8,81,3.9,17.2,,
2009-02-22,23.4,18.1,20.5,24.2,17.6,20.3,0.0,88,1011.4,85,3.3,11.2,,
2009-02-23,27.1,20.9,22.7,25.9,20.6,22.5,0.0,89,1011.9,80,3.7,10.1,,
2009-02-24,26.6,21.8,23.3,27.5,21.2,23.2,0.0,88,1012.7,80,5.3,9.8,,
2009-02-25,28.3,21.5,23.7,28.7,21.0,23.6,0.0,83,1012.7,55,8.0,8.6,,
2009-02-26,22.9,19.8,21.6,22.6,19.1,21.0,0.3,91,1014.7,83,0.0,11.4,,
2009-02-27,26.0,19.7,21.6,25.4,19.0,21.1,0.0,85,1015.0,82,4.0,11.1,,
2009-02-28,22.9,19.4,20.4,23.1,18.9,19.9,0.0,85,1016.7,88,0.7,13.6,,
2009-03-01,20.2,18.3,19.1,20.1,17.7,18.5,0.8,88,1018.3,88,0.0,11.4,,
2009-03-02,20.5,17.5,18.8,20.3,16.7,18.3,0.0,78,1018.3,88,0.1,8.7,,
2009-03-03,19.9,17.4,18.8,19.7,16.7,18.2,0.0,79,1016.5,88,0.1,10.0,,
2009-03-04,19.4,17.8,18.4,18.6,17.0,17.8,0.4,89,1013.6,88,0.0,15.1,,
2009-03-05,21.1,18.4,19.4,20.9,17.9,19.1,38.5,95,1011.2,88,0.1,9.5,,
2009-03-06,19.7,14.3,16.9,19.5,13.7,16.5,11.6,89,1014.5,89,0.4,5.9,,
2009-03-07,15.9,13.9,14.6,15.5,13.0,13.8,0.2,85,1016.9,88,0.0,7.4,,
2009-03-08,16.5,14.5,15.8,16.2,14.0,15.2,0.1,88,1015.6,88,0.0,6.0,,
2009-03-09,18.8,15.3,17.2,18.8,15.1,17.0,0.4,76,1016.9,86,0.1,5.4,,
2009-03-10,19.4,16.9,18.0,19.0,16.4,17.6,0.0,75,1016.3,88,1.6,18.7,,
2009-03-11,20.8,17.6,19.0,20.5,17.1,18.7,0.0,84,1014.9,88,0.3,17.6,,
2009-03-12,21.6,18.1,19.7,22.5,17.6,19.5,0.0,85,1015.2,93,1.5,14.7,,
2009-03-13,24.8,14.4,20.1,25.6,13.6,20.1,0.0,84,1016.8,89,1.0,9.7,,
2009-03-14,21.4,12.8,16.2,20.4,12.2,15.5,0.0,54,1022.3,46,10.5,10.5,,
2009-03-15,23.1,14.8,18.2,22.5,14.0,17.7,0.0,66,1019.6,47,10.7,7.9,,
2009-03-16,24.2,17.9,20.4,23.9,17.4,20.1,0.0,73,1016.8,69,8.9,6.1,,
2009-03-17,26.4,18.6,21.8,26.1,17.7,21.3,0.0,79,1013.9,40,10.4,4.8,,
2009-03-18,25.6,20.3,22.4,25.5,19.6,22.0,0.0,84,1012.4,59,4.4,3.6,,
2009-03-19,26.1,20.3,22.9,26.1,19.5,22.5,0.0,85,1012.3,68,4.5,4.7,,
2009-03-20,27.4,21.8,23.9,27.4,21.4,23.7,0.0,84,1012.4,73,5.9,4.9,,
2009-03-21,24.3,21.4,22.6,23.6,20.9,22.2,0.1,90,1011.2,89,0.2,10.6,,
2009-03-22,27.6,23.9,25.7,27.6,23.4,25.3,0.0,84,1010.6,83,0.6,3.8,,
2009-03-23,28.3,21.7,23.9,27.9,20.9,23.4,0.0,89,1012.1,88,1.1,8.6,,
2009-03-24,22.2,19.7,20.4,21.6,19.1,19.9,27.1,91,1013.3,88,0.1,13.4,,
2009-03-25,19.8,17.2,18.5,19.4,16.8,18.0,27.9,89,1016.7,89,0.0,9.7,,
2009-03-26,18.9,18.1,18.5,18.5,17.8,18.1,0.0,80,1015.8,87,0.0,14.9,,
2009-03-27,20.4,18.3,19.5,20.5,17.8,19.2,10.4,93,1014.3,88,0.1,13.2,,
2009-03-28,22.8,19.6,20.9,23.3,19.3,20.7,0.6,94,1012.5,88,0.4,13.0,,
2009-03-29,21.5,18.9,19.7,21.7,18.3,19.3,2.6,89,1014.8,88,0.2,11.0,,
2009-03-30,21.9,18.0,19.4,21.3,17.2,18.8,0.0,79,1017.8,84,3.2,12.0,,
2009-03-31,23.2,17.3,19.7,22.1,16.6,19.3,0.0,78,1018.7,87,3.7,9.1,,
2009-04-01,22.8,18.2,19.9,22.5,18.0,19.6,0.0,67,1019.9,83,4.6,13.6,,
2009-04-02,21.4,17.3,18.4,19.8,16.6,17.7,0.0,70,1019.9,85,2.1,20.1,,
2009-04-03,20.5,16.8,18.8,20.2,16.2,18.3,0.0,78,1017.8,88,0.0,16.6,,
2009-04-04,25.0,19.7,21.5,24.7,19.4,21.5,0.0,79,1016.4,85,2.6,12.2,,
2009-04-05,26.5,21.4,23.5,27.2,20.9,23.4,0.0,79,1014.6,82,6.2,5.6,,
2009-04-06,21.4,17.2,19.1,21.0,16.3,18.4,8.1,82,1015.9,88,0.7,9.5,,
2009-04-07,19.8,16.9,18.2,19.5,16.5,17.9,0.6,70,1016.5,88,0.0,9.5,,
2009-04-08,24.8,18.2,20.8,23.8,17.8,20.3,0.0,75,1016.5,84,6.9,10.8,,
2009-04-09,24.5,19.2,20.9,23.4,19.0,20.5,0.0,55,1016.9,76,7.0,17.6,,
2009-04-10,23.7,19.3,20.9,23.2,18.9,20.6,0.0,61,1016.0,74,3.1,15.1,,
2009-04-11,24.7,19.7,21.5,24.1,19.1,21.0,0.0,77,1014.7,73,8.7,13.8,,
2009-04-12,24.4,20.7,21.9,24.6,20.1,21.6,0.0,84,1011.9,88,1.7,10.3,,
2009-04-13,28.4,21.6,23.7,28.2,21.0,23.6,5.0,84,1007.9,77,4.8,4.0,,
2009-04-14,28.6,21.9,24.7,28.8,21.8,24.7,0.0,80,1007.9,45,9.5,5.0,,
2009-04-15,25.6,21.9,23.1,25.0,21.3,22.6,4.3,83,1009.6,86,3.7,13.9,,
2009-04-16,25.9,21.3,23.1,26.3,21.3,23.5,2.9,88,1005.4,72,5.0,8.4,,
2009-04-17,28.1,21.8,23.9,27.3,21.3,23.9,0.0,80,1007.2,64,9.9,5.6,,
2009-04-18,23.2,21.1,21.9,,,,34.1,86,1009.6,86,0.5,,,
2009-04-19,27.7,21.8,25.5,,,,4.5,92,1004.8,92,0.2,,,
2009-04-20,30.1,25.6,27.2,30.8,26.9,28.3,0.0,75,1003.2,70,8.1,8.2,,
2009-04-21,29.3,22.2,25.3,29.0,21.8,25.6,1.5,64,1006.7,75,4.6,13.7,,
2009-04-22,23.9,20.9,22.4,23.7,20.1,21.9,0.0,76,1009.6,88,0.1,17.8,,
2009-04-23,23.4,20.9,22.2,23.3,20.4,21.9,0.2,86,1010.6,94,0.0,15.4,,
2009-04-24,24.5,21.7,22.8,24.4,21.1,22.5,0.0,89,1009.5,89,0.2,13.4,,
2009-04-25,24.1,19.9,22.8,24.2,19.7,22.6,43.0,94,1010.8,91,0.2,8.1,,
2009-04-26,19.9,18.6,19.2,19.7,18.1,18.8,4.5,92,1015.5,88,0.0,9.9,,
2009-04-27,24.4,19.0,21.0,23.8,18.8,20.8,0.0,71,1015.7,84,2.9,14.4,,
2009-04-28,25.8,20.0,21.9,24.3,19.8,21.5,0.0,60,1016.7,36,9.9,18.0,,
2009-04-29,25.4,19.8,21.9,24.5,19.2,21.5,0.0,69,1016.5,70,8.4,14.1,,
2009-04-30,26.2,20.9,22.7,24.8,20.6,22.3,0.0,68,1015.9,68,7.7,14.6,,
2009-05-01,27.9,20.7,23.3,25.3,20.5,22.7,0.0,69,1016.2,34,11.2,15.0,,
2009-05-02,28.0,21.2,23.7,26.0,20.7,23.1,0.0,63,1015.1,16,11.1,12.5,,
2009-05-03,28.8,21.5,24.2,28.0,20.8,23.9,0.0,73,1014.1,52,9.0,6.7,,
2009-05-04,28.4,21.4,23.6,27.1,20.8,23.1,0.3,79,1014.0,80,5.2,9.6,,
2009-05-05,28.2,22.0,24.0,26.2,21.4,23.3,0.0,71,1013.8,51,9.4,14.2,,
2009-05-06,27.9,22.0,23.5,25.4,21.4,22.7,0.0,72,1012.3,53,6.6,14.9,,
2009-05-07,29.4,20.9,24.2,27.1,20.6,23.6,0.0,58,1010.5,29,11.4,14.1,,
2009-05-08,28.7,21.7,24.3,26.7,20.9,23.3,0.0,70,1010.9,42,7.1,11.2,,
2009-05-09,29.4,23.0,25.2,27.6,22.3,24.5,0.0,76,1010.6,66,10.4,12.0,,
2009-05-10,28.6,24.0,25.4,27.8,23.5,25.0,0.0,82,1010.6,88,2.7,11.5,,
2009-05-11,31.0,24.4,26.5,29.2,24.0,25.9,0.0,81,1011.1,68,7.9,10.9,,
2009-05-12,31.3,24.6,27.0,31.1,24.0,26.6,0.0,78,1010.7,53,8.9,4.3,,
2009-05-13,31.3,24.8,27.1,30.3,24.3,26.8,0.0,78,1009.5,53,9.7,6.3,,
2009-05-14,29.8,24.6,26.0,28.0,23.8,25.4,0.0,77,1011.7,63,6.3,13.3,,
2009-05-15,30.3,24.4,26.3,28.7,23.8,25.6,0.0,77,1012.7,59,7.2,9.8,,
2009-05-16,28.2,24.3,25.8,28.1,23.2,25.4,0.1,82,1012.4,75,2.2,6.7,,
2009-05-17,30.8,24.9,27.3,30.3,24.5,27.1,0.2,80,1011.1,77,10.1,7.5,,
2009-05-18,31.9,26.3,28.5,31.6,25.9,28.2,0.0,75,1009.6,74,8.8,8.1,,
2009-05-19,32.0,26.9,28.6,31.6,26.6,28.4,0.3,76,1008.9,79,7.0,8.3,,
2009-05-20,30.2,23.5,27.6,30.2,23.2,27.3,10.9,78,1008.1,88,1.3,9.3,,
2009-05-21,30.9,24.8,27.5,30.1,24.5,27.2,1.4,84,1010.0,83,3.0,6.4,,
2009-05-22,29.7,26.3,27.7,29.3,25.9,27.5,2.3,82,1010.3,85,1.4,11.9,,
2009-05-23,27.1,24.6,25.7,27.1,24.3,25.6,62.3,93,1008.4,91,0.0,16.4,,
2009-05-24,26.4,24.4,25.5,26.7,24.0,25.4,61.2,94,1008.2,93,0.0,16.1,,
2009-05-25,25.5,24.2,24.9,26.0,24.0,24.8,29.8,94,1009.5,94,0.1,12.5,,
2009-05-26,26.5,23.6,25.3,27.0,23.3,25.3,20.2,94,1008.6,86,0.8,10.3,,
2009-05-27,28.9,23.4,25.5,29.1,23.1,25.5,39.2,92,1007.4,84,3.7,12.8,,
2009-05-28,24.9,22.7,23.5,25.0,22.5,23.4,11.5,87,1009.2,88,0.4,18.9,,
2009-05-29,23.7,20.8,22.2,23.7,20.3,22.0,5.5,86,1011.3,88,0.0,10.8,,
2009-05-30,29.5,21.9,25.3,29.6,21.7,25.5,0.0,59,1010.3,81,6.4,4.5,,
2009-05-31,28.2,24.7,26.4,29.2,24.3,26.4,0.0,67,1008.6,86,0.5,3.3,,
2009-06-01,30.9,24.4,26.9,30.0,23.9,26.4,0.0,71,1006.5,54,7.6,5.0,,
2009-06-02,29.3,25.1,27.1,29.5,24.5,26.8,0.0,77,1004.1,78,2.8,7.6,,
2009-06-03,29.8,26.1,28.2,29.4,25.9,27.9,10.4,81,1000.8,88,1.1,11.9,,
2009-06-04,30.4,24.7,27.6,30.6,25.2,27.6,36.8,76,999.7,61,8.3,8.6,,
2009-06-05,30.7,25.6,27.8,30.8,25.6,27.9,0.0,74,1002.8,29,9.6,4.5,,
2009-06-06,32.9,26.2,28.6,31.9,25.5,28.3,0.0,74,1004.1,23,11.8,7.6,,
2009-06-07,30.7,26.2,27.7,30.6,25.7,27.6,0.0,78,1005.3,63,7.5,10.2,,
2009-06-08,30.7,26.0,27.5,30.8,25.4,27.2,11.2,81,1006.4,86,2.6,12.0,,
2009-06-09,29.5,25.3,26.9,29.6,24.8,26.7,16.5,87,1006.7,81,0.1,7.0,,
2009-06-10,31.5,26.3,28.3,31.4,25.8,28.3,0.0,83,1006.4,80,3.3,5.5,,
2009-06-11,28.1,25.0,26.6,28.1,24.9,26.4,49.2,85,1005.4,89,0.0,4.8,,
2009-06-12,29.3,24.4,27.0,29.5,24.1,26.8,7.9,84,1005.2,88,0.4,4.1,,
2009-06-13,30.7,27.5,29.0,31.1,27.1,28.8,0.0,81,1005.4,84,4.1,5.9,,
2009-06-14,30.2,25.6,27.6,30.3,24.6,27.5,24.0,88,1005.3,88,3.6,6.2,,
2009-06-15,30.0,25.2,26.6,29.7,24.8,26.4,17.3,92,1005.6,88,1.0,9.2,,
2009-06-16,29.9,26.0,27.4,29.7,25.9,27.3,6.1,90,1006.8,88,0.6,11.5,,
2009-06-17,32.5,26.7,28.8,31.4,26.5,28.6,0.0,80,1006.6,56,9.4,9.1,,
2009-06-18,31.4,26.9,29.0,31.3,26.3,28.9,0.0,77,1004.4,61,8.4,5.5,,
2009-06-19,32.6,27.0,29.1,32.2,26.7,28.8,5.7,81,1002.9,65,6.6,6.4,,
2009-06-20,32.2,27.4,29.9,32.4,27.0,29.8,0.0,73,1002.4,68,8.6,6.3,,
2009-06-21,32.3,27.3,30.1,32.5,27.1,29.8,0.0,78,1001.7,84,7.1,9.2,,
2009-06-22,30.5,27.9,29.6,30.2,27.5,29.1,15.7,82,1003.7,86,0.2,9.1,,
2009-06-23,32.3,28.0,29.8,32.9,27.8,29.7,12.5,80,1005.4,84,5.6,8.3,,
2009-06-24,32.0,27.2,29.1,32.1,27.1,28.9,8.5,83,1005.4,88,2.0,5.8,,
2009-06-25,30.5,27.3,28.8,31.1,27.2,28.5,6.6,82,1004.8,84,2.0,8.2,,
2009-06-26,30.1,26.2,27.7,30.8,26.0,27.6,17.7,88,1002.9,88,3.1,13.1,,
2009-06-27,28.4,25.4,26.7,28.0,25.1,26.3,46.9,88,1003.9,89,0.0,10.3,,
2009-06-28,28.5,24.8,26.3,29.2,24.7,26.3,48.7,91,1007.2,86,1.4,6.0,,
2009-06-29,31.0,26.5,29.0,30.9,26.5,28.8,0.0,81,1007.8,83,2.6,10.5,,
2009-06-30,31.7,28.3,29.6,31.1,28.1,29.3,0.1,75,1008.8,83,5.7,11.8,,
2009-07-01,32.6,28.2,29.6,32.0,27.7,29.5,0.0,73,1008.7,63,10.6,10.2,,
2009-07-02,31.5,28.4,29.6,31.8,27.9,29.4,0.0,75,1007.1,74,7.5,10.4,,
2009-07-03,30.8,28.6,29.5,31.3,28.2,29.2,0.5,76,1005.2,86,2.5,11.6,,
2009-07-04,29.3,24.9,28.5,29.0,24.8,28.1,17.4,83,1006.1,90,0.0,10.2,,
2009-07-05,27.9,24.1,25.8,28.4,23.8,25.6,49.6,94,1008.4,88,0.9,8.3,,
2009-07-06,32.0,23.9,27.8,31.0,23.2,27.5,31.2,86,1010.2,77,8.5,8.2,,
2009-07-07,32.0,26.3,29.2,31.6,26.3,29.0,20.1,77,1009.4,57,10.8,7.5,,
2009-07-08,32.5,27.7,29.5,31.7,27.1,29.2,0.0,75,1008.0,35,10.9,8.3,,
2009-07-09,32.7,27.9,29.7,32.7,27.4,29.5,0.0,72,1006.5,20,12.0,9.1,,
2009-07-10,33.1,27.6,30.2,33.4,27.3,30.3,0.0,75,1003.1,30,10.8,9.4,,
2009-07-11,31.9,27.6,28.9,31.6,27.4,28.8,8.1,80,1002.0,84,4.8,18.8,,
2009-07-12,33.0,28.0,29.6,32.3,27.7,29.3,0.0,79,1004.8,60,9.9,14.2,,
2009-07-13,33.0,27.6,29.6,32.4,27.3,29.3,0.0,77,1004.7,53,8.9,6.4,,
2009-07-14,31.0,27.8,29.2,30.8,27.4,29.0,0.0,78,1004.3,72,4.7,8.7,,
2009-07-15,32.8,27.5,29.4,31.2,26.7,28.7,4.8,83,1005.2,78,5.1,13.2,,
2009-07-16,32.5,27.5,29.2,32.2,26.9,29.2,0.8,83,1005.5,72,8.3,14.3,,
2009-07-17,32.5,27.7,29.9,32.7,27.5,29.9,0.4,73,1002.9,39,9.5,10.2,,
2009-07-18,34.3,26.0,29.4,35.3,25.9,29.7,11.7,78,997.4,72,4.1,12.4,,
2009-07-19,28.7,25.0,26.4,28.2,24.7,26.1,124.6,89,999.9,90,0.6,17.9,,
2009-07-20,31.5,25.7,28.4,30.5,25.3,28.1,8.1,87,1008.6,73,5.7,13.0,,
2009-07-21,32.5,27.2,29.0,32.1,26.9,29.0,0.6,83,1009.3,62,10.1,10.3,,
2009-07-22,32.4,27.3,28.9,31.5,26.5,28.4,0.0,80,1006.7,51,6.5,7.1,,
2009-07-23,32.1,26.9,28.9,32.0,26.4,28.7,7.6,81,1005.3,67,6.6,6.6,,
2009-07-24,31.0,27.9,29.5,31.3,27.5,29.3,2.6,79,1004.1,84,3.7,8.2,,
2009-07-25,31.5,27.5,29.6,31.6,27.4,29.5,8.3,80,1003.9,82,6.3,8.0,,
2009-07-26,33.1,27.4,29.1,32.5,26.9,29.0,24.1,85,1003.9,86,5.1,6.9,,
2009-07-27,30.8,25.3,28.7,31.0,25.1,28.4,33.6,86,1003.0,81,1.6,6.9,,
2009-07-28,32.6,26.6,29.3,32.1,26.1,28.8,10.2,84,1002.4,82,4.0,7.0,,
2009-07-29,33.3,27.9,29.9,32.8,27.6,29.6,2.4,82,1003.7,78,5.0,10.7,,
2009-07-30,31.5,27.4,28.9,31.2,27.0,28.8,14.0,88,1003.4,79,5.2,13.6,,
2009-07-31,32.5,26.9,29.3,31.7,26.8,29.1,8.7,83,1004.1,71,7.2,14.5,,
2009-08-01,32.5,27.8,30.3,32.7,27.2,30.2,0.0,71,1002.4,64,10.3,6.3,,
2009-08-02,34.6,28.8,30.8,35.3,28.3,30.8,0.0,80,998.9,83,6.2,4.6,,
2009-08-03,34.9,27.6,29.9,33.9,26.9,29.8,21.4,80,997.5,81,4.0,12.5,,
2009-08-04,29.8,26.9,28.0,29.4,26.9,28.0,21.3,90,995.8,88,1.2,18.7,,
2009-08-05,29.4,26.4,27.6,29.1,26.0,27.1,92.5,90,997.2,89,0.3,13.7,,
2009-08-06,30.9,27.5,29.0,30.8,27.5,28.7,8.3,85,998.1,74,3.0,9.5,,
2009-08-07,32.6,27.4,29.6,33.1,27.1,29.5,0.0,78,996.2,81,9.6,8.2,,
2009-08-08,34.2,28.2,30.4,34.7,28.0,30.6,0.0,78,993.1,82,7.3,10.2,,
2009-08-09,32.4,29.1,30.3,32.7,28.6,30.2,0.0,76,994.1,81,6.7,10.0,,
2009-08-10,32.4,27.4,29.2,32.7,27.2,29.1,21.8,87,998.8,86,2.7,5.9,,
2009-08-11,29.6,26.2,28.1,30.2,25.8,28.0,32.2,91,1003.5,88,0.1,4.9,,
2009-08-12,27.9,26.0,27.3,27.9,26.0,26.8,3.1,88,1005.7,89,0.0,4.8,,
2009-08-13,27.6,24.8,26.4,27.2,24.5,26.1,70.7,91,1007.4,90,0.2,3.7,,
2009-08-14,30.8,25.7,27.8,31.0,25.3,27.6,44.9,88,1009.7,84,3.4,4.8,,
2009-08-15,31.8,27.5,29.3,31.8,27.2,29.2,0.0,80,1010.2,74,8.3,7.0,,
2009-08-16,33.1,28.2,29.9,32.8,27.7,29.6,0.0,77,1010.6,67,9.2,7.3,,
2009-08-17,30.9,27.9,29.1,31.6,27.5,28.9,2.0,81,1011.1,80,3.2,4.6,,
2009-08-18,32.0,27.9,28.7,31.8,27.3,28.9,12.7,85,1010.9,74,4.6,5.3,,
2009-08-19,32.1,27.8,29.4,31.7,27.3,29.1,0.3,82,1010.9,61,4.3,4.5,,
2009-08-20,33.1,28.0,29.8,32.2,27.4,29.5,0.0,74,1008.8,40,9.4,6.8,,
2009-08-21,32.9,28.0,30.1,32.8,27.4,29.8,0.0,70,1007.1,21,11.3,8.3,,
2009-08-22,32.4,28.2,30.0,32.6,27.6,29.9,0.0,73,1007.2,27,11.0,8.1,,
2009-08-23,34.2,28.6,30.4,33.8,28.1,30.1,0.0,75,1007.8,48,8.8,7.4,,
2009-08-24,33.2,28.5,30.1,32.8,27.9,30.0,0.0,72,1008.6,73,9.7,8.3,,
2009-08-25,33.3,28.3,29.9,32.3,28.1,29.5,0.0,78,1009.0,80,6.7,11.7,,
2009-08-26,33.3,28.4,30.0,33.2,27.6,29.9,0.0,79,1008.6,60,9.2,8.3,,
2009-08-27,33.4,28.6,30.0,31.7,28.1,29.8,0.0,78,1008.4,55,5.2,3.9,,
2009-08-28,33.5,28.0,30.4,33.8,27.7,30.4,0.0,73,1007.8,23,11.6,10.0,,
2009-08-29,33.1,29.2,30.3,33.2,28.5,30.2,0.0,78,1007.6,62,8.0,6.5,,
2009-08-30,33.8,28.2,30.4,33.5,28.4,30.3,2.4,77,1008.6,64,8.4,6.3,,
2009-08-31,33.9,27.2,29.9,33.7,26.6,29.7,0.5,74,1009.0,58,8.2,6.7,,
2009-09-01,33.4,27.8,29.9,32.3,27.6,29.5,0.0,74,1009.0,67,8.1,9.8,,
2009-09-02,33.9,27.5,30.0,33.1,27.3,29.8,0.0,72,1007.6,57,9.6,11.5,,
2009-09-03,34.3,28.4,30.6,33.3,28.1,30.3,0.0,71,1006.2,69,9.5,12.7,,
2009-09-04,33.7,28.4,30.0,32.4,28.1,29.6,0.0,74,1005.3,81,3.8,9.0,,
2009-09-05,33.9,28.3,30.1,32.7,27.9,29.6,0.0,71,1005.1,41,9.4,10.3,,
2009-09-06,33.9,28.1,29.9,33.0,27.6,29.5,0.0,72,1005.6,32,10.8,10.5,,
2009-09-07,34.6,28.0,30.0,32.9,27.7,29.5,0.0,74,1006.8,28,10.3,10.2,,
2009-09-08,34.3,27.4,29.9,33.4,26.6,29.4,0.0,73,1007.2,30,11.0,9.1,,
2009-09-09,32.1,25.8,29.0,31.3,24.6,28.7,37.1,78,1007.4,82,6.6,11.3,,
2009-09-10,31.6,27.3,28.8,31.2,27.1,28.6,0.9,72,1006.6,84,3.2,17.3,,
2009-09-11,28.5,26.4,27.5,28.5,25.9,27.3,11.8,86,1007.7,86,0.4,15.5,,
2009-09-12,32.2,26.3,28.5,31.3,25.9,28.4,5.7,84,1008.4,76,5.0,12.0,,
2009-09-13,32.7,26.2,29.4,33.7,25.0,29.3,23.4,79,1007.5,74,5.6,4.9,,
2009-09-14,30.0,25.4,27.3,30.4,24.6,27.8,38.8,86,1002.1,86,0.6,19.1,,
2009-09-15,30.0,25.0,26.5,29.8,24.6,26.2,190.3,91,1004.0,91,1.0,21.7,,
2009-09-16,29.6,26.4,27.9,29.6,25.8,27.6,20.5,89,1010.2,84,1.7,8.2,,
2009-09-17,32.1,27.2,29.0,31.7,26.6,28.8,0.0,82,1011.8,60,8.0,6.4,,
2009-09-18,32.5,27.3,29.6,32.8,27.0,29.5,0.0,78,1010.0,30,10.7,9.3,,
2009-09-19,33.2,28.6,30.6,33.6,28.0,30.4,0.0,77,1007.8,47,10.8,7.1,,
2009-09-20,32.9,28.9,30.1,32.7,28.1,29.7,0.0,79,1008.9,75,7.1,7.1,,
2009-09-21,31.8,26.8,28.9,32.4,26.3,28.6,9.5,81,1009.2,81,5.1,4.7,,
2009-09-22,30.9,25.7,28.2,30.6,25.1,28.1,1.3,76,1009.3,84,5.5,8.2,,
2009-09-23,32.4,25.8,28.6,31.5,25.4,28.4,0.0,73,1009.2,53,9.8,11.2,,
2009-09-24,32.1,27.3,29.2,31.1,27.2,28.8,0.0,74,1009.6,60,6.5,15.0,,
2009-09-25,32.4,27.8,29.2,31.3,27.4,28.7,0.0,73,1009.8,41,8.8,13.2,,
2009-09-26,33.8,27.7,29.6,33.1,27.0,29.1,0.3,74,1007.8,51,9.6,7.8,,
2009-09-27,30.7,27.5,29.1,31.4,27.5,29.0,0.0,72,1005.2,77,1.8,6.4,,
2009-09-28,29.3,24.5,26.2,29.0,24.1,25.3,52.7,87,1004.8,92,0.0,10.8,,
2009-09-29,25.8,24.2,24.9,26.7,24.0,25.3,31.0,92,1005.5,87,0.0,13.5,,
2009-09-30,28.3,25.0,26.3,28.9,24.8,26.5,63.0,90,1009.3,88,1.0,8.3,,
2009-10-01,31.6,25.0,27.5,31.4,25.0,27.7,0.0,80,1011.4,79,4.5,5.2,,
2009-10-02,31.4,25.8,28.0,31.1,25.7,27.9,0.0,73,1010.5,57,6.4,7.9,,
2009-10-03,30.6,26.1,27.7,30.7,26.1,27.6,0.0,71,1009.7,56,4.0,5.8,,
2009-10-04,31.3,25.2,28.0,31.1,25.2,27.9,0.0,57,1008.8,53,10.3,7.9,,
2009-10-05,31.3,25.3,28.1,31.2,25.3,28.3,0.0,51,1007.9,42,10.3,9.3,,
2009-10-06,32.1,25.9,28.4,31.3,26.1,28.2,0.0,57,1008.4,68,6.9,9.0,,
2009-10-07,31.0,24.6,27.7,31.3,24.4,27.6,25.4,70,1008.4,52,8.9,6.3,,
2009-10-08,28.6,25.1,26.2,28.9,24.2,25.9,0.0,72,1009.0,59,6.6,7.2,,
2009-10-09,29.6,24.4,26.6,30.2,23.5,26.3,0.0,66,1009.1,54,9.1,4.6,,
2009-10-10,30.1,24.2,26.8,29.9,24.2,26.7,0.0,66,1011.2,28,10.6,8.0,,
2009-10-11,28.8,24.0,25.9,28.7,23.5,25.7,5.1,80,1013.1,86,1.0,13.5,,
2009-10-12,27.4,23.7,25.3,27.2,23.1,25.1,1.5,84,1014.1,87,0.9,14.9,,
2009-10-13,29.3,25.4,26.7,29.0,25.2,26.4,0.0,78,1014.6,73,8.2,15.6,,
2009-10-14,27.2,24.5,25.6,27.4,24.1,25.4,9.5,87,1015.6,88,0.5,11.1,,
2009-10-15,28.7,23.5,25.6,28.8,23.4,25.4,0.0,78,1015.5,81,4.7,10.5,,
2009-10-16,28.5,24.7,25.8,28.6,24.2,25.4,0.0,79,1012.9,80,5.4,10.2,,
2009-10-17,30.5,24.2,26.5,30.8,23.6,26.5,0.0,74,1009.9,38,9.9,9.6,,
2009-10-18,28.5,24.4,26.0,28.2,23.8,25.7,0.0,71,1010.8,45,8.4,13.5,,
2009-10-19,26.8,24.6,25.8,27.1,24.3,25.5,2.0,83,1011.1,87,0.3,12.7,,
2009-10-20,25.3,23.0,24.5,25.2,22.4,24.2,0.9,83,1013.4,88,0.2,14.5,,
2009-10-21,27.0,24.1,24.9,26.7,23.9,24.6,0.0,78,1014.9,88,1.1,10.0,,
2009-10-22,28.0,23.8,25.7,28.3,23.4,25.6,0.0,74,1013.7,57,6.9,5.2,,
2009-10-23,29.3,23.5,26.3,29.9,22.9,26.1,0.0,66,1011.3,21,9.9,6.3,,
2009-10-24,28.0,24.4,26.2,28.8,23.9,26.1,0.0,71,1010.6,28,8.4,6.2,,
2009-10-25,28.3,24.8,26.0,28.3,24.0,25.6,0.0,77,1012.8,61,6.9,5.8,,
2009-10-26,27.7,24.1,25.2,28.1,23.6,24.9,0.0,76,1015.0,47,8.3,10.1,,
2009-10-27,26.6,23.4,24.4,26.1,22.9,24.0,0.0,73,1016.5,61,8.7,14.5,,
2009-10-28,27.9,23.1,24.5,28.4,22.5,24.3,0.0,73,1017.9,40,8.4,11.7,,
2009-10-29,28.1,23.4,24.8,28.3,23.0,24.6,0.0,73,1017.2,36,9.4,11.4,,
2009-10-30,27.6,23.0,24.8,27.6,22.4,24.4,0.0,76,1016.0,48,7.7,8.9,,
2009-10-31,28.9,23.1,25.7,29.8,22.9,25.7,0.0,68,1014.0,41,9.8,9.3,,
2009-11-01,30.3,24.4,26.3,30.5,23.7,26.3,0.0,69,1015.5,45,9.7,8.8,,
2009-11-02,26.2,19.6,22.9,26.5,18.8,22.7,0.0,45,1022.8,41,9.8,21.2,,
2009-11-03,21.2,15.8,18.5,20.4,15.2,18.0,0.0,47,1025.8,52,5.2,14.0,,
2009-11-04,24.4,17.1,21.0,24.8,16.8,21.0,0.0,53,1022.9,51,6.6,5.8,,
2009-11-05,27.3,21.1,23.5,27.7,20.5,23.3,0.0,67,1019.3,55,4.5,3.9,,
2009-11-06,27.1,22.3,24.2,27.1,21.4,24.0,0.0,79,1015.8,63,8.8,9.1,,
2009-11-07,27.6,23.8,25.0,27.8,23.3,24.7,0.0,79,1014.2,82,5.9,9.5,,
2009-11-08,26.8,24.4,25.3,27.3,24.0,25.1,0.0,85,1012.9,80,0.3,7.3,,
2009-11-09,27.3,24.4,25.6,27.9,23.8,25.3,0.0,85,1009.6,78,4.0,7.5,,
2009-11-10,29.0,24.9,26.4,29.6,24.2,26.2,0.0,78,1007.2,29,10.2,7.0,,
2009-11-11,28.8,24.7,26.2,29.6,24.0,25.9,0.0,80,1009.2,74,5.4,9.9,,
2009-11-12,27.8,22.7,25.8,28.1,23.2,25.5,5.2,82,1012.6,82,0.9,10.1,,
2009-11-13,22.7,16.4,19.0,23.2,15.3,18.5,0.2,75,1014.5,45,7.8,12.2,,
2009-11-14,19.5,15.6,17.6,19.2,14.5,16.7,0.0,74,1015.1,83,0.2,6.0,,
2009-11-15,20.7,18.3,19.6,20.5,17.7,19.2,20.2,86,1013.4,88,0.0,13.8,,
2009-11-16,20.7,12.8,17.4,20.3,12.0,16.7,34.8,88,1014.8,93,0.1,9.0,,
2009-11-17,13.2,10.5,12.2,12.4,9.4,11.4,0.0,67,1021.4,88,0.0,16.2,,
2009-11-18,15.9,9.7,12.3,15.4,8.8,11.4,0.0,72,1023.5,87,1.4,8.2,,
2009-11-19,18.2,12.0,14.9,19.2,11.1,14.9,0.0,66,1024.1,58,8.1,6.1,,
2009-11-20,18.6,13.2,15.5,18.6,12.4,15.0,0.0,62,1024.9,68,7.5,10.9,,
2009-11-21,17.2,12.3,14.5,17.8,11.6,14.1,0.0,59,1024.2,72,2.3,9.3,,
2009-11-22,19.1,13.0,15.9,20.1,12.6,15.9,0.0,56,1021.4,42,9.0,5.8,,
2009-11-23,22.6,15.9,18.8,23.6,15.1,18.9,0.0,69,1018.7,33,8.9,6.5,,
2009-11-24,23.7,17.8,20.4,24.3,17.0,20.2,0.0,78,1016.4,17,9.6,4.2,,
2009-11-25,23.9,18.9,20.7,25.0,18.4,20.7,0.0,82,1016.5,39,9.3,8.9,,
2009-11-26,22.9,20.4,21.2,23.7,19.9,21.1,0.0,82,1016.4,86,5.1,12.2,,
2009-11-27,25.0,20.2,22.0,26.7,19.9,22.1,0.0,77,1017.2,60,6.5,6.8,,
2009-11-28,23.2,20.2,21.1,23.6,19.6,21.0,0.0,76,1018.8,42,9.0,14.2,,
2009-11-29,23.2,19.5,20.9,24.5,19.1,20.8,0.0,75,1020.2,71,6.4,8.2,,
2009-11-30,22.1,17.8,19.7,23.1,17.0,19.5,0.0,73,1021.4,29,8.9,5.3,,
2009-12-01,21.9,16.8,19.0,23.1,15.8,18.7,0.0,74,1021.5,26,9.5,6.6,,
2009-12-02,21.9,18.1,19.8,22.1,17.6,19.7,0.0,73,1020.9,55,6.2,7.2,,
2009-12-03,19.7,15.1,17.4,20.3,14.6,17.3,0.0,60,1021.3,11,9.5,10.3,,
2009-12-04,20.1,15.7,17.6,20.5,14.6,17.5,0.0,67,1019.8,26,8.9,7.1,,
2009-12-05,20.1,14.8,17.3,20.7,14.9,17.5,0.0,58,1019.7,16,9.7,9.4,,
2009-12-06,20.3,16.3,18.4,20.7,15.9,18.3,0.0,71,1018.2,43,9.0,12.7,,
2009-12-07,19.1,16.8,17.9,18.7,16.2,17.6,5.5,85,1017.7,84,0.0,14.1,,
2009-12-08,19.8,17.8,18.6,20.2,17.6,18.4,14.1,94,1016.8,88,0.1,11.5,,
2009-12-09,20.4,18.7,19.7,20.6,18.6,19.6,0.4,91,1015.6,88,0.0,3.6,,
2009-12-10,23.0,18.3,20.3,24.0,17.9,20.3,0.0,84,1014.8,60,6.8,4.4,,
2009-12-11,24.0,19.4,21.0,25.1,18.9,21.0,0.0,84,1016.6,64,8.0,9.3,,
2009-12-12,20.9,19.8,20.4,20.7,19.5,20.0,0.0,84,1017.8,84,0.1,13.4,,
2009-12-13,22.9,19.1,20.6,23.8,18.4,20.4,0.0,83,1017.9,44,8.0,6.3,,
2009-12-14,21.2,18.7,19.8,21.5,18.0,19.4,1.0,85,1018.5,72,2.1,13.3,,
2009-12-15,20.6,15.8,19.0,20.9,15.2,18.6,9.6,89,1018.1,84,0.2,12.3,,
2009-12-16,15.8,12.7,13.9,15.4,12.5,13.6,3.8,84,1021.3,81,0.0,8.1,,
2009-12-17,14.1,11.5,12.9,13.5,10.6,12.1,0.0,75,1023.4,85,0.0,9.4,,
2009-12-18,14.1,11.7,12.5,13.4,10.6,11.7,0.0,76,1025.8,88,0.0,8.4,,
2009-12-19,15.3,11.5,13.3,15.1,10.9,12.8,0.0,67,1027.8,86,0.8,6.2,,
2009-12-20,16.5,11.3,13.8,17.0,10.9,13.9,0.0,50,1026.9,60,7.6,8.3,,
2009-12-21,17.1,12.9,14.7,17.6,12.7,14.6,0.0,55,1026.0,78,4.6,7.8,,
2009-12-22,18.3,14.2,16.0,19.0,13.3,15.9,0.0,72,1022.1,38,9.3,11.0,,
2009-12-23,20.7,16.1,18.0,21.0,15.8,18.0,0.0,76,1019.1,82,5.1,8.1,,
2009-12-24,23.1,18.3,20.0,24.4,17.5,20.1,0.0,84,1016.2,24,9.4,5.1,,
2009-12-25,22.4,18.0,19.9,22.6,17.4,19.8,0.0,81,1015.3,48,7.1,4.3,,
2009-12-26,19.3,17.3,18.1,19.3,16.7,17.6,0.0,78,1016.6,80,0.9,14.0,,
2009-12-27,18.6,10.6,15.7,18.7,9.6,15.0,3.1,86,1016.8,83,0.0,12.6,,
2009-12-28,14.6,9.4,12.2,14.0,8.5,11.5,5.7,85,1018.4,87,0.0,6.7,,
2009-12-29,16.9,13.8,15.5,16.6,12.9,15.2,3.5,92,1015.1,88,0.0,14.5,,
2009-12-30,17.9,16.4,17.2,17.9,16.2,17.0,2.5,93,1015.3,87,0.0,5.5,,
2009-12-31,17.1,15.5,16.2,17.8,14.8,15.8,1.0,84,1018.2,86,1.6,16.1,,
2010-01-01,18.1,15.0,16.2,18.6,14.6,16.0,0.0,73,1018.1,84,2.7,14.1,,
2010-01-02,20.0,16.1,17.4,20.6,15.9,17.3,5.2,88,1016.1,88,0.5,8.2,,
2010-01-03,18.3,15.8,17.0,18.7,15.5,16.8,3.5,87,1017.1,85,1.4,8.0,,
2010-01-04,19.9,15.9,17.9,21.5,15.3,18.0,0.0,81,1015.1,68,7.3,10.0,,
2010-01-05,18.5,15.9,17.3,18.3,15.4,16.9,0.8,84,1015.6,85,0.1,17.3,,
2010-01-06,16.8,14.4,15.8,16.6,13.4,15.2,1.2,90,1018.6,88,0.0,9.4,,
2010-01-07,14.7,12.6,13.7,14.4,11.8,12.9,0.5,84,1021.3,88,0.0,5.4,,
2010-01-08,15.5,11.6,13.7,15.1,11.0,13.2,0.9,80,1020.6,88,0.0,5.2,,
2010-01-09,17.1,13.6,15.1,18.2,12.8,14.9,0.0,78,1018.9,76,3.2,12.8,,
2010-01-10,19.1,15.7,17.4,19.4,15.3,17.3,0.0,80,1017.3,86,3.1,11.2,,
2010-01-11,18.2,12.0,15.0,18.0,11.7,14.7,12.5,89,1018.3,80,0.0,7.5,,
2010-01-12,15.2,9.9,12.1,15.2,9.4,11.9,0.0,63,1023.0,21,9.6,10.9,,
2010-01-13,15.9,9.8,12.9,16.7,9.2,12.9,0.0,53,1026.8,45,9.5,7.3,,
2010-01-14,16.1,12.8,14.5,16.7,12.1,14.4,0.0,66,1026.6,57,8.7,11.8,,
2010-01-15,18.4,13.8,15.8,19.8,13.4,15.8,0.0,68,1025.0,36,9.0,11.9,,
2010-01-16,19.7,15.0,16.7,21.6,14.5,16.7,0.0,66,1025.8,47,8.4,7.9,,
2010-01-17,19.8,14.6,16.5,21.1,13.8,16.4,0.0,77,1025.9,38,7.7,8.0,,
2010-01-18,19.7,14.8,16.9,20.5,14.3,16.9,0.0,78,1023.8,50,9.8,10.6,,
2010-01-19,20.2,15.9,18.1,21.3,15.3,18.2,0.0,80,1021.0,85,5.0,10.6,,
2010-01-20,22.7,19.6,21.3,23.3,19.5,21.5,0.0,83,1019.7,88,0.1,7.7,,
2010-01-21,24.0,21.3,22.3,24.4,21.3,22.2,0.0,87,1018.5,81,1.6,7.9,,
2010-01-22,21.6,16.5,18.3,21.3,15.4,17.7,0.0,86,1021.5,85,1.7,13.9,,
2010-01-23,16.6,14.9,15.5,15.5,14.1,14.6,0.0,86,1022.7,88,0.0,8.3,,
2010-01-24,17.1,14.5,15.7,16.8,13.4,15.1,0.0,85,1021.1,88,0.0,8.1,,
2010-01-25,21.7,16.1,18.4,21.6,16.0,18.4,0.0,78,1021.1,87,1.1,5.3,,
2010-01-26,17.8,15.4,16.1,17.2,14.7,15.4,0.0,79,1023.4,88,0.1,10.0,,
2010-01-27,18.9,15.5,16.9,19.1,14.9,16.5,0.0,84,1019.6,87,2.0,11.7,,
2010-01-28,22.4,17.4,19.4,23.4,17.1,19.4,0.0,91,1017.4,83,1.0,5.5,,
2010-01-29,19.5,17.4,18.4,19.1,16.9,18.0,0.0,89,1019.4,84,0.2,12.3,,
2010-01-30,20.6,17.1,18.6,21.3,16.7,18.6,0.0,84,1018.2,78,5.2,12.2,,
2010-01-31,24.5,19.2,21.4,25.6,19.0,21.6,0.0,83,1016.5,46,9.7,5.7,,
2010-02-01,23.8,19.7,21.6,24.4,19.2,21.5,0.0,84,1015.1,76,9.7,4.5,,
2010-02-02,20.8,18.2,19.0,20.5,17.7,18.5,0.0,89,1015.5,86,0.0,10.9,,
2010-02-03,19.5,17.0,18.2,19.2,16.3,17.7,0.0,89,1016.8,88,0.0,14.8,,
2010-02-04,18.1,16.3,17.2,18.3,15.7,16.8,0.4,91,1017.7,89,0.0,15.0,,
2010-02-05,17.9,16.8,17.4,17.9,16.2,16.9,0.0,89,1017.6,90,0.0,14.9,,
2010-02-06,18.0,16.9,17.5,18.0,16.3,17.1,0.0,90,1017.4,92,0.0,16.5,,
2010-02-07,17.6,16.3,17.1,17.4,16.0,16.8,94.1,96,1017.7,92,0.0,13.5,,
2010-02-08,19.0,17.2,18.0,19.1,17.0,18.1,7.1,97,1015.9,88,0.1,11.5,,
2010-02-09,23.8,19.0,21.6,23.5,19.0,21.6,0.0,93,1014.4,87,1.5,8.0,,
2010-02-10,25.8,22.8,24.1,26.1,22.8,24.1,0.0,85,1013.2,84,1.2,11.9,,
2010-02-11,26.9,23.9,25.0,27.0,23.6,24.8,0.0,81,1013.9,85,2.7,9.9,,
2010-02-12,24.5,11.9,16.7,24.1,10.7,15.7,0.0,79,1020.0,87,0.0,9.4,,
2010-02-13,14.8,11.6,13.2,14.2,10.3,12.3,1.7,89,1019.8,92,0.0,13.8,,
2010-02-14,16.3,14.6,15.4,16.2,14.0,15.1,2.3,97,1015.5,96,0.0,9.5,,
2010-02-15,15.2,10.8,12.6,14.6,10.1,12.2,0.6,93,1018.9,92,0.0,3.5,,
2010-02-16,11.2,9.1,10.2,10.7,8.2,9.5,0.6,88,1022.3,88,0.0,6.9,,
2010-02-17,10.5,8.9,9.7,10.0,8.2,9.1,1.0,87,1022.8,88,0.0,6.8,,
2010-02-18,10.5,8.2,9.1,9.9,7.4,8.5,0.8,84,1024.1,94,0.0,7.8,,
2010-02-19,11.2,7.7,9.5,10.7,7.0,9.1,3.7,89,1022.7,92,0.0,4.5,,
2010-02-20,15.9,10.7,13.2,16.1,10.3,13.1,0.0,80,1020.0,88,2.0,5.3,,
2010-02-21,18.7,14.0,15.9,19.3,13.7,16.1,0.0,80,1017.2,84,3.7,11.8,,
2010-02-22,19.1,16.7,17.7,19.9,16.8,17.8,0.1,87,1015.6,88,0.1,10.2,,
2010-02-23,23.8,17.9,20.1,24.8,17.8,20.4,0.0,86,1014.1,86,4.0,6.4,,
2010-02-24,24.4,20.2,22.3,24.7,20.1,22.3,0.0,88,1010.3,87,1.4,11.2,,
2010-02-25,26.3,22.9,24.5,26.8,22.5,24.4,0.4,87,1009.4,88,1.3,8.7,,
2010-02-26,25.8,23.0,24.6,26.3,23.1,24.4,0.3,88,1009.7,88,0.4,4.6,,
2010-02-27,27.1,23.1,24.7,26.9,23.1,24.6,0.0,89,1011.7,86,2.0,3.8,,
2010-02-28,26.2,22.0,23.9,25.4,21.5,23.5,0.0,91,1014.3,87,1.7,7.6,,
2010-03-01,24.0,21.1,22.1,23.2,20.6,21.8,0.0,94,1014.0,88,0.5,10.8,,
2010-03-02,26.2,22.5,24.6,26.5,22.1,24.4,0.0,87,1012.0,83,0.4,5.0,,
2010-03-03,26.9,23.3,24.7,26.0,23.0,24.1,0.0,88,1011.7,84,1.2,7.6,,
2010-03-04,25.8,23.0,24.5,25.9,22.6,24.1,0.1,88,1011.2,86,0.1,6.1,,
2010-03-05,27.5,24.1,25.8,28.0,23.6,25.6,0.0,82,1010.9,84,4.7,10.9,,
2010-03-06,27.4,24.6,25.7,26.8,24.2,25.4,0.0,84,1012.3,82,0.9,8.7,,
2010-03-07,25.5,17.0,18.9,24.9,16.1,18.5,4.9,92,1015.6,94,0.0,8.2,,
2010-03-08,17.8,13.2,16.7,17.1,12.6,15.9,0.5,94,1017.4,98,0.0,12.2,,
2010-03-09,13.3,8.9,10.5,12.6,8.6,10.0,2.7,75,1025.0,88,0.0,15.2,,
2010-03-10,16.8,8.1,12.1,16.0,7.3,11.6,0.0,48,1027.6,35,10.3,9.0,,
2010-03-11,19.8,12.1,15.4,19.5,10.9,15.0,0.0,63,1024.1,41,9.7,7.4,,
2010-03-12,17.8,15.7,16.8,17.8,15.4,16.6,0.4,85,1019.7,84,0.0,6.9,,
2010-03-13,20.3,17.4,18.8,20.8,17.2,18.8,0.0,93,1016.2,89,0.1,11.5,,
2010-03-14,21.6,18.9,20.0,23.0,18.8,20.3,0.0,96,1014.4,88,1.2,13.0,,
2010-03-15,26.6,20.8,22.9,26.6,20.9,22.8,0.0,92,1015.0,65,7.0,4.0,,
2010-03-16,21.9,17.8,19.2,21.5,17.0,18.7,0.0,86,1020.4,85,0.0,8.4,,
2010-03-17,20.7,17.3,19.0,21.0,16.7,18.6,0.0,77,1022.6,87,0.2,11.0,,
2010-03-18,24.4,18.7,20.9,24.2,18.3,20.6,0.0,79,1020.2,60,9.0,4.3,,
2010-03-19,25.2,18.9,21.2,25.0,18.0,20.9,0.0,78,1016.3,29,10.2,5.7,,
2010-03-20,24.5,19.7,21.9,24.9,19.0,21.6,0.0,82,1013.4,79,1.0,3.7,,
2010-03-21,28.1,20.1,22.7,27.9,19.4,22.1,0.0,80,1013.7,50,8.7,8.3,,
2010-03-22,25.5,19.3,21.5,25.5,18.6,21.3,0.0,77,1013.3,66,8.3,13.4,,
2010-03-23,26.4,20.8,22.9,26.0,20.3,22.7,0.0,88,1010.9,82,3.4,7.7,,
2010-03-24,29.1,20.3,24.4,29.1,21.1,24.0,0.0,86,1010.2,71,4.7,7.0,,
2010-03-25,20.2,14.7,16.7,21.1,14.5,16.3,8.9,71,1017.5,88,0.3,14.4,,
2010-03-26,20.9,14.7,17.5,19.6,14.9,17.0,0.0,52,1021.2,28,10.3,13.7,,
2010-03-27,20.9,16.5,18.3,20.9,15.9,17.8,0.0,67,1021.3,86,0.5,8.3,,
2010-03-28,24.7,17.0,19.9,24.4,15.8,19.5,0.0,66,1020.3,32,10.0,8.3,,
2010-03-29,19.4,17.1,18.5,19.2,16.8,18.2,0.0,63,1020.0,72,0.6,16.7,,
2010-03-30,20.5,17.9,19.0,20.1,17.3,18.6,0.0,83,1018.2,87,0.1,15.2,,
2010-03-31,24.9,19.9,21.6,25.0,19.8,21.5,0.0,84,1016.0,77,6.7,10.8,,
2010-04-01,26.2,21.1,23.0,26.4,20.6,22.9,0.0,89,1013.6,82,2.3,6.8,,
2010-04-02,24.8,18.4,21.2,25.0,17.5,20.9,2.0,92,1015.1,87,1.0,7.8,,
2010-04-03,18.4,17.6,18.1,17.8,16.7,17.4,0.0,88,1017.6,88,0.0,18.0,,
2010-04-04,20.1,17.7,18.8,20.6,17.0,18.5,0.0,92,1014.8,87,0.1,13.9,,
2010-04-05,21.7,19.4,20.5,22.5,19.0,20.5,0.0,95,1012.4,87,0.1,10.1,,
2010-04-06,25.9,21.3,22.9,26.0,21.0,22.8,0.0,93,1012.4,88,0.9,8.1,,
2010-04-07,22.4,18.1,19.6,22.0,17.5,19.1,1.8,91,1016.7,88,0.0,17.0,,
2010-04-08,18.3,15.5,17.3,17.9,14.9,16.8,9.6,88,1015.9,89,0.0,10.9,,
2010-04-09,21.0,17.7,19.3,21.5,17.1,19.2,0.0,87,1013.4,85,1.8,8.0,,
2010-04-10,19.9,18.7,19.3,19.7,18.2,19.1,1.7,96,1011.0,90,0.0,15.5,,
2010-04-11,26.2,19.9,23.6,26.4,19.6,23.7,0.0,91,1008.8,84,0.9,10.7,,
2010-04-12,28.4,24.4,26.1,28.8,24.7,26.2,0.0,87,1009.4,78,2.1,7.4,,
2010-04-13,29.5,19.5,24.6,30.1,18.5,24.3,0.9,91,1013.8,83,3.8,11.0,,
2010-04-14,19.8,18.1,19.1,19.4,17.3,18.4,0.3,90,1016.9,89,0.0,20.3,,
2010-04-15,19.7,13.5,16.6,19.0,12.9,15.9,8.2,94,1018.1,87,0.0,7.9,,
2010-04-16,18.3,14.3,16.5,18.0,14.2,16.1,0.0,83,1020.0,88,0.0,6.2,,
2010-04-17,19.6,16.4,18.4,19.8,16.0,18.3,2.0,84,1019.2,88,0.0,12.6,,
2010-04-18,20.4,17.8,19.2,20.9,17.5,19.2,3.1,92,1016.1,88,0.1,13.4,,
2010-04-19,25.5,20.2,22.0,25.2,20.1,21.9,0.0,89,1012.3,80,5.2,11.6,,
2010-04-20,25.6,21.7,23.3,25.0,21.4,23.0,1.1,94,1010.4,84,0.5,10.3,,
2010-04-21,28.4,23.7,26.0,28.8,23.6,26.0,0.0,87,1010.0,85,2.0,9.3,,
2010-04-22,28.4,21.1,24.4,28.5,20.9,24.3,6.8,87,1010.9,87,0.5,9.4,,
2010-04-23,25.9,18.7,21.0,25.5,18.7,20.8,0.0,70,1016.7,74,6.4,11.5,,
2010-04-24,24.8,19.6,21.4,23.3,18.9,20.7,0.0,67,1018.2,63,8.4,16.4,,
2010-04-25,23.6,19.2,20.6,22.5,18.6,20.0,0.0,73,1017.4,84,1.7,18.4,,
2010-04-26,24.7,20.4,21.8,25.4,20.0,21.8,0.2,80,1016.8,86,2.7,10.0,,
2010-04-27,24.8,19.8,21.6,24.8,19.6,21.5,0.0,76,1016.0,85,0.7,5.9,,
2010-04-28,25.8,21.2,22.8,26.0,20.7,22.7,0.0,81,1014.4,85,0.7,4.1,,
2010-04-29,24.2,18.1,21.1,25.0,17.8,20.8,40.6,89,1015.3,87,0.4,10.0,,
2010-04-30,26.0,18.2,21.3,25.3,17.9,21.1,0.6,84,1016.7,78,6.9,12.3,,
2010-05-01,28.1,20.8,23.5,28.2,20.1,23.4,0.0,82,1015.4,71,7.3,6.3,,
2010-05-02,28.5,22.3,24.8,28.0,21.7,24.5,0.0,80,1013.3,45,9.1,4.3,,
2010-05-03,27.8,22.2,24.2,26.6,21.7,23.7,0.0,82,1012.1,46,8.8,10.5,,
2010-05-04,26.8,23.0,24.1,26.3,22.4,23.8,0.0,88,1009.6,84,2.2,12.0,,
2010-05-05,27.8,23.6,25.9,28.6,23.1,25.8,0.0,87,1007.5,88,1.0,8.8,,
2010-05-06,28.7,26.0,27.3,28.9,25.6,27.1,0.2,87,1007.0,85,0.7,11.3,,
2010-05-07,28.3,23.0,25.3,27.9,22.9,25.2,29.1,92,1007.0,87,0.9,9.0,,
2010-05-08,27.2,24.5,25.6,28.6,23.5,25.4,0.0,92,1006.8,84,3.6,9.8,,
2010-05-09,30.0,24.6,27.0,30.3,23.9,26.9,3.9,86,1005.9,84,5.9,8.3,,
2010-05-10,26.4,21.9,23.9,27.2,22.4,23.9,27.6,94,1008.1,84,0.0,6.3,,
2010-05-11,26.4,22.6,23.9,26.2,22.4,23.6,0.3,89,1011.7,91,1.9,13.1,,
2010-05-12,26.6,23.2,24.0,26.3,22.9,23.6,0.0,87,1012.2,88,2.4,14.7,,
2010-05-13,26.1,22.6,23.9,26.2,22.0,23.6,0.7,90,1010.7,88,1.8,13.5,,
2010-05-14,25.7,23.7,24.5,26.6,23.3,24.3,0.0,93,1009.0,87,1.1,11.6,,
2010-05-15,26.5,23.0,23.9,25.9,22.7,23.6,11.9,92,1009.6,88,2.4,14.5,,
2010-05-16,26.9,22.7,24.1,26.9,22.3,23.9,0.8,92,1011.1,85,3.2,14.0,,
2010-05-17,27.3,24.1,25.2,27.4,23.8,25.1,0.0,89,1011.6,80,3.9,11.8,,
2010-05-18,29.6,25.0,27.3,30.7,24.5,27.4,0.0,85,1010.2,72,3.9,7.0,,
2010-05-19,28.8,22.6,26.0,28.8,22.2,25.7,55.7,89,1009.2,79,0.2,6.9,,
2010-05-20,29.9,22.6,25.9,29.4,22.3,25.8,8.1,87,1010.1,73,4.4,7.6,,
2010-05-21,30.7,26.3,28.5,31.0,25.9,28.4,0.0,84,1008.7,82,2.8,8.5,,
2010-05-22,29.6,28.2,29.0,29.4,28.0,28.6,0.0,82,1004.5,86,0.2,15.1,,
2010-05-23,29.0,23.9,26.0,28.3,24.0,26.0,10.1,80,1003.2,81,0.0,9.7,,
2010-05-24,29.5,22.7,25.6,29.5,23.1,25.7,0.0,65,1006.9,30,12.3,9.8,,
2010-05-25,29.6,23.1,25.9,29.3,22.3,25.8,0.0,75,1008.0,32,12.4,9.1,,
2010-05-26,29.9,24.1,26.6,29.7,23.7,26.5,0.0,77,1007.5,72,9.6,12.8,,
2010-05-27,27.5,25.0,26.1,27.7,24.5,25.8,0.0,86,1007.6,84,0.5,8.0,,
2010-05-28,29.6,24.9,26.9,29.6,24.5,26.8,0.0,84,1008.4,74,8.6,11.9,,
2010-05-29,29.2,24.6,27.0,29.5,24.4,26.8,22.6,89,1006.9,87,0.4,6.9,,
2010-05-30,28.9,25.5,26.5,29.7,25.2,26.6,5.3,91,1006.3,87,0.6,4.0,,
2010-05-31,25.7,23.9,24.7,25.4,23.4,24.4,0.3,89,1007.9,88,0.0,12.9,,
2010-06-01,26.8,21.2,24.2,27.2,21.0,24.0,16.1,84,1008.0,88,1.7,17.6,,
2010-06-02,23.4,20.4,21.7,23.1,20.3,21.5,29.3,97,1008.3,93,0.0,13.3,,
2010-06-03,25.3,20.5,22.7,27.3,20.2,22.9,1.0,90,1010.2,86,3.2,5.6,,
2010-06-04,26.8,22.8,24.7,27.0,22.5,24.6,0.0,85,1010.1,89,1.1,4.4,,
2010-06-05,28.0,22.9,24.9,27.9,22.4,24.7,8.2,85,1009.6,84,3.4,8.4,,
2010-06-06,28.2,23.5,25.2,27.7,23.0,24.8,0.0,80,1010.3,59,8.5,10.3,,
2010-06-07,28.5,23.9,25.5,28.2,23.1,25.1,0.0,80,1010.8,49,10.8,9.7,,
2010-06-08,28.7,24.0,25.6,28.1,23.4,25.4,0.0,84,1009.5,84,6.0,12.3,,
2010-06-09,27.1,24.3,25.6,27.5,24.1,25.4,16.7,93,1007.9,87,0.0,8.1,,
2010-06-10,26.5,24.8,25.4,27.0,24.5,25.3,58.4,97,1008.5,92,0.0,5.0,,
2010-06-11,30.1,25.5,27.2,30.1,25.2,27.2,0.0,87,1008.5,83,4.5,5.7,,
2010-06-12,30.7,25.8,28.1,31.5,25.7,28.1,0.0,83,1008.2,85,4.8,6.2,,
2010-06-13,29.6,26.0,28.4,30.0,25.9,28.3,29.0,87,1007.4,84,0.4,9.0,,
2010-06-14,31.2,27.1,29.3,31.6,27.4,29.1,6.4,83,1006.9,86,2.2,10.2,,
2010-06-15,30.1,28.6,29.3,30.2,28.2,28.9,0.1,84,1006.4,86,0.0,11.5,,
2010-06-16,30.6,27.8,29.4,30.9,27.8,29.2,3.8,83,1006.8,86,1.1,11.3,,
2010-06-17,31.4,28.9,29.7,31.4,28.5,29.5,0.0,80,1007.6,83,2.1,11.9,,
2010-06-18,31.4,28.7,29.8,31.8,28.5,29.5,0.0,78,1008.1,83,5.1,11.6,,
2010-06-19,31.5,28.6,29.7,32.3,28.1,29.8,0.0,77,1008.2,74,8.3,10.3,,
2010-06-20,31.5,27.9,29.5,32.1,28.1,29.6,1.9,79,1007.3,85,4.3,9.5,,
2010-06-21,32.0,28.3,29.6,31.7,28.1,29.4,1.4,78,1007.5,76,4.7,9.1,,
2010-06-22,31.5,27.9,29.3,31.4,27.9,29.0,4.6,80,1008.6,82,4.1,7.4,,
2010-06-23,30.1,24.4,28.0,30.5,24.1,27.6,41.0,85,1007.7,84,1.9,6.4,,
2010-06-24,30.2,25.6,29.0,30.8,25.6,28.7,39.0,84,1003.6,88,1.0,10.0,,
2010-06-25,29.8,27.6,28.8,29.9,27.5,28.5,2.9,83,1001.8,88,0.1,11.1,,
2010-06-26,27.8,25.0,26.1,27.5,24.9,25.8,127.6,93,1005.1,92,0.0,7.0,,
2010-06-27,26.6,25.0,25.6,26.2,24.9,25.5,44.2,95,1006.9,88,0.0,6.8,,
2010-06-28,28.6,24.5,25.5,28.5,24.3,25.4,43.2,96,1007.3,90,0.1,8.7,,
2010-06-29,30.3,25.0,27.3,30.6,24.8,27.3,0.1,90,1009.0,54,6.4,9.6,,
2010-06-30,32.7,26.9,29.1,31.7,26.4,28.7,0.0,81,1008.9,32,6.7,4.5,,
2010-07-01,32.4,26.9,29.5,32.4,26.8,29.4,0.0,76,1008.4,33,11.8,6.5,,
2010-07-02,32.8,27.8,30.0,32.8,27.4,29.9,0.0,76,1007.7,35,12.4,9.5,,
2010-07-03,32.7,28.3,30.1,32.3,27.9,29.8,0.0,76,1008.4,46,10.1,10.2,,
2010-07-04,32.7,28.7,30.1,32.6,28.3,30.0,0.0,79,1008.4,55,11.2,10.4,,
2010-07-05,33.0,28.6,30.1,32.6,28.2,29.9,0.0,78,1006.7,54,11.1,11.3,,
2010-07-06,31.7,28.8,30.0,31.9,28.3,29.8,0.0,79,1006.9,83,7.7,11.9,,
2010-07-07,32.1,28.9,30.2,32.3,28.4,30.0,0.0,78,1008.2,78,9.4,10.5,,
2010-07-08,33.6,28.4,30.6,33.1,28.4,30.4,0.4,76,1008.1,69,10.6,10.8,,
2010-07-09,31.1,27.9,29.8,32.0,27.9,29.8,1.7,76,1008.2,83,8.1,9.4,,
2010-07-10,33.0,27.0,29.8,32.4,27.3,29.5,3.9,76,1009.0,64,10.2,9.5,,
2010-07-11,32.8,27.3,30.0,32.6,26.8,29.8,1.8,76,1008.9,61,11.2,9.2,,
2010-07-12,33.5,28.2,30.2,33.3,27.8,30.0,0.0,75,1008.4,55,10.1,8.5,,
2010-07-13,32.7,28.3,29.9,33.0,27.6,29.8,0.0,79,1008.5,61,9.0,9.2,,
2010-07-14,33.9,28.3,30.2,33.5,27.9,30.0,0.0,79,1008.4,73,7.9,10.6,,
2010-07-15,32.5,26.4,29.2,31.5,26.3,28.9,8.4,86,1007.5,89,4.9,12.7,,
2010-07-16,31.7,25.3,27.6,31.4,25.1,27.8,17.8,88,1008.3,77,8.3,11.9,,
2010-07-17,31.9,23.6,27.7,31.1,23.4,27.6,40.0,89,1010.5,85,9.6,11.3,,
2010-07-18,32.1,24.4,28.1,32.6,23.9,28.6,1.1,86,1011.1,61,10.0,5.1,,
2010-07-19,33.6,27.3,29.7,32.9,26.8,29.4,0.0,77,1009.3,33,10.9,5.6,,
2010-07-20,33.0,27.8,29.5,33.3,27.2,29.6,0.0,81,1008.6,57,9.1,8.3,,
2010-07-21,30.0,24.8,27.4,30.4,24.0,27.4,29.6,91,1007.4,88,0.9,14.1,,
2010-07-22,29.5,24.6,27.2,29.5,24.4,27.3,182.4,93,1006.9,88,0.2,15.7,,
2010-07-23,30.1,25.4,27.6,30.3,25.1,27.6,14.6,91,1007.8,86,1.5,9.5,,
2010-07-24,31.9,25.6,28.3,31.5,25.6,28.5,1.1,86,1008.1,80,9.0,9.1,,
2010-07-25,32.3,27.1,29.2,32.6,27.1,29.3,0.0,81,1007.5,58,10.6,7.1,,
2010-07-26,32.3,27.5,29.2,32.3,27.1,29.2,0.0,80,1007.5,72,9.1,7.6,,
2010-07-27,30.1,26.4,27.9,30.9,26.2,27.9,33.6,86,1008.2,90,2.9,9.6,,
2010-07-28,29.4,23.9,26.9,29.2,23.8,26.6,122.5,91,1008.3,93,0.0,7.3,,
2010-07-29,31.8,24.5,28.5,31.8,25.3,28.4,4.6,83,1006.9,86,4.6,8.3,,
2010-07-30,32.4,26.9,29.6,32.3,26.8,29.5,5.1,80,1006.9,79,7.8,8.8,,
2010-07-31,33.4,28.0,30.1,32.9,28.0,29.9,0.8,78,1008.2,70,7.6,8.1,,
2010-08-01,32.7,28.3,30.0,33.2,27.8,30.0,0.0,79,1010.3,51,9.2,7.8,,
2010-08-02,32.7,28.0,29.4,31.9,27.5,29.4,1.1,79,1010.3,64,8.5,7.3,,
2010-08-03,32.2,27.3,29.1,32.0,27.0,29.1,0.0,76,1007.5,39,10.4,9.9,,
2010-08-04,33.1,27.5,30.0,33.3,27.0,29.9,0.0,74,1005.1,28,10.7,9.4,,
2010-08-05,33.7,24.3,29.4,33.4,23.0,29.3,41.6,79,1005.5,62,8.7,7.5,,
2010-08-06,32.2,25.0,28.4,31.8,25.0,28.3,1.6,81,1006.0,82,6.4,8.7,,
2010-08-07,32.2,25.7,28.8,31.8,25.4,28.7,39.1,84,1004.5,81,6.1,10.6,,
2010-08-08,32.2,25.8,28.8,32.1,25.5,28.9,18.0,84,1003.5,84,7.4,12.7,,
2010-08-09,32.6,27.7,29.6,32.9,27.4,29.5,0.2,82,1003.9,76,10.2,9.4,,
2010-08-10,33.7,28.0,30.2,33.2,27.8,29.8,0.0,77,1006.2,46,8.8,5.4,,
2010-08-11,30.1,26.9,28.3,31.3,25.9,27.9,22.2,88,1008.7,69,1.8,4.6,,
2010-08-12,32.6,27.1,29.3,32.5,27.0,28.9,3.0,79,1009.5,61,6.7,6.1,,
2010-08-13,32.7,27.9,29.8,32.2,27.2,29.5,3.8,79,1008.7,54,8.0,7.1,,
2010-08-14,31.7,28.0,29.4,31.9,28.1,29.3,8.7,79,1009.2,56,6.9,6.3,,
2010-08-15,29.6,26.1,28.1,29.5,26.4,27.8,13.5,83,1010.4,68,4.8,5.5,,
2010-08-16,30.1,25.3,27.1,30.9,25.2,26.9,5.1,85,1010.3,80,1.4,6.1,,
2010-08-17,32.6,26.2,28.3,32.1,25.7,28.2,3.2,83,1010.1,73,7.6,5.6,,
2010-08-18,30.9,26.9,28.6,30.6,26.8,28.5,0.0,84,1011.7,74,5.5,8.3,,
2010-08-19,30.1,25.3,27.5,30.5,24.6,27.5,56.4,92,1012.9,87,2.3,9.9,,
2010-08-20,32.1,24.5,28.0,32.1,23.9,28.1,22.1,85,1012.6,82,8.7,7.6,,
2010-08-21,32.8,27.2,29.4,32.7,27.4,29.5,0.0,78,1009.8,57,10.9,9.5,,
2010-08-22,31.9,26.5,28.9,31.5,25.8,29.1,9.1,83,1008.4,74,9.0,13.9,,
2010-08-23,31.8,25.1,28.5,31.5,24.3,28.3,23.7,84,1008.6,78,5.3,12.7,,
2010-08-24,29.3,25.3,26.5,29.7,25.0,26.5,42.6,93,1010.4,88,2.0,8.0,,
2010-08-25,30.5,26.3,28.0,31.0,26.0,27.8,5.2,82,1010.4,88,4.3,5.1,,
2010-08-26,31.5,27.2,28.4,31.3,26.8,28.2,0.0,82,1008.7,67,5.3,4.5,,
2010-08-27,32.0,26.4,28.8,32.4,26.5,29.0,0.0,78,1007.5,43,9.8,4.0,,
2010-08-28,30.8,24.7,27.9,32.1,24.6,28.0,30.1,81,1007.2,44,5.4,3.8,,
2010-08-29,32.9,27.1,29.2,33.4,27.2,29.3,0.0,78,1006.6,71,9.1,7.1,,
2010-08-30,32.6,27.7,29.7,33.7,27.5,30.1,0.0,74,1004.1,80,7.6,7.3,,
2010-08-31,33.0,28.1,30.4,33.8,28.1,30.5,0.0,69,1002.4,83,4.6,6.3,,
2010-09-01,34.1,29.0,31.2,34.6,29.0,31.6,0.0,62,1002.9,78,7.2,7.8,,
2010-09-02,31.3,25.7,29.5,31.8,26.1,29.5,16.2,70,1003.5,86,0.7,8.2,,
2010-09-03,27.8,24.8,26.0,27.5,24.2,25.8,47.4,93,1003.6,88,0.0,6.3,,
2010-09-04,28.0,25.2,26.8,28.7,25.3,26.9,3.5,89,1005.5,88,0.4,9.2,,
2010-09-05,30.8,25.8,27.8,31.3,25.8,28.0,4.9,86,1007.5,70,5.1,8.1,,
2010-09-06,32.1,26.8,29.3,32.1,26.6,29.1,0.0,78,1007.9,46,11.1,6.9,,
2010-09-07,31.7,28.3,29.7,31.9,27.7,29.4,0.0,79,1007.2,59,9.4,10.0,,
2010-09-08,32.4,26.3,29.9,32.9,25.7,29.9,27.6,80,1005.9,58,7.5,8.8,,
2010-09-09,31.3,25.4,28.2,31.6,25.0,28.2,22.5,83,1005.8,84,4.7,6.1,,
2010-09-10,31.2,23.9,28.1,31.7,24.1,28.1,58.8,81,1005.9,89,7.1,7.8,,
2010-09-11,26.4,24.4,25.5,26.8,24.0,25.3,51.8,93,1008.9,96,0.0,5.3,,
2010-09-12,28.8,23.8,25.2,29.6,23.8,25.3,95.9,94,1010.7,86,2.0,4.3,,
2010-09-13,30.1,24.2,26.8,30.8,23.7,27.2,0.1,89,1011.1,48,10.5,8.3,,
2010-09-14,29.9,26.0,27.2,31.2,25.9,27.4,1.7,86,1011.7,68,6.6,8.7,,
2010-09-15,31.4,26.0,28.2,31.7,25.9,28.3,1.7,83,1011.5,58,9.8,8.3,,
2010-09-16,32.3,26.7,28.9,31.8,26.3,28.7,0.0,78,1010.3,46,8.6,5.2,,
2010-09-17,31.8,26.8,29.1,31.9,26.3,28.8,0.0,75,1009.0,41,11.1,7.8,,
2010-09-18,32.7,27.5,29.7,32.9,27.0,29.5,0.0,76,1007.9,59,10.7,8.6,,
2010-09-19,32.8,28.5,30.6,32.9,28.2,30.4,0.0,75,1004.2,71,8.9,9.1,,
2010-09-20,30.8,25.0,28.3,30.5,24.5,28.0,67.0,82,1000.0,84,0.0,12.6,,
2010-09-21,26.1,23.1,24.5,25.6,22.6,24.1,178.8,95,1007.4,92,0.0,10.3,,
2010-09-22,26.5,24.3,25.4,27.1,24.3,25.4,0.8,92,1011.5,84,0.0,9.3,,
2010-09-23,28.8,25.3,27.0,30.4,25.0,27.2,0.0,87,1011.9,87,1.7,4.8,,
2010-09-24,31.0,26.0,27.7,31.4,25.8,27.8,0.0,84,1011.6,60,10.2,9.0,,
2010-09-25,30.3,26.1,27.4,30.4,25.7,27.2,0.0,84,1012.5,67,6.2,10.3,,
2010-09-26,30.6,26.0,27.6,30.8,25.5,27.3,0.0,82,1013.5,51,8.2,10.1,,
2010-09-27,31.5,26.4,28.3,31.4,25.8,28.2,0.0,82,1012.9,54,9.4,7.9,,
2010-09-28,31.9,26.7,28.6,31.9,25.9,28.5,0.0,80,1013.1,46,10.9,8.5,,
2010-09-29,31.0,27.2,28.5,31.0,26.8,28.3,0.0,80,1013.4,68,7.4,13.3,,
2010-09-30,30.7,26.1,27.7,30.6,25.8,27.7,4.4,82,1013.1,81,4.5,11.2,,
2010-10-01,30.5,25.8,27.6,30.1,26.0,27.5,0.0,80,1012.4,71,9.1,13.4,,
2010-10-02,31.6,26.0,28.4,32.1,25.6,28.6,0.0,74,1011.7,63,9.2,9.5,,
2010-10-03,30.7,26.3,28.1,30.7,26.1,28.1,0.0,72,1012.4,83,7.4,11.8,,
2010-10-04,26.6,24.2,25.5,26.6,24.2,25.3,0.0,67,1013.7,92,1.1,12.1,,
2010-10-05,25.1,22.9,24.1,25.1,22.7,24.0,2.2,78,1013.9,89,0.0,9.2,,
2010-10-06,25.4,22.3,24.2,25.7,22.6,24.2,0.9,82,1013.6,90,0.8,11.4,,
2010-10-07,26.6,24.5,25.4,26.9,24.0,25.2,0.0,78,1012.3,91,0.4,10.1,,
2010-10-08,28.3,25.2,26.4,28.8,25.0,26.2,0.0,79,1010.7,88,2.3,9.3,,
2010-10-09,27.0,23.9,25.8,27.0,23.7,25.6,1.4,81,1009.2,88,0.9,14.2,,
2010-10-10,26.1,24.1,25.0,25.6,23.8,24.8,10.2,93,1009.2,89,0.0,15.1,,
2010-10-11,28.0,25.3,26.4,28.1,25.0,26.1,3.7,93,1012.0,87,2.5,11.7,,
2010-10-12,30.5,26.1,27.6,30.9,25.8,27.4,0.0,85,1013.0,57,8.3,8.9,,
2010-10-13,30.9,25.6,27.6,31.1,25.2,27.3,0.0,83,1011.9,40,8.5,9.1,,
2010-10-14,30.8,26.4,27.9,30.7,25.8,27.5,0.0,82,1010.9,58,8.2,10.9,,
2010-10-15,27.3,23.5,26.0,28.1,23.0,25.8,3.9,86,1012.9,87,1.7,10.2,,
2010-10-16,26.6,23.5,25.2,27.0,23.1,25.0,0.2,80,1013.5,84,3.1,9.8,,
2010-10-17,28.9,24.6,26.4,28.7,24.1,26.2,0.0,77,1013.7,76,7.7,13.0,,
2010-10-18,30.4,25.2,26.6,30.0,24.7,26.3,0.0,73,1012.3,61,9.5,9.5,,
2010-10-19,28.4,24.2,26.1,28.3,24.2,26.2,0.0,62,1009.8,81,6.5,13.9,,
2010-10-20,28.7,24.9,26.4,28.4,24.9,26.4,0.0,62,1006.4,86,3.2,17.0,,
2010-10-21,28.2,23.2,25.5,27.9,22.8,25.3,0.0,65,1004.1,88,2.0,15.6,,
2010-10-22,25.0,21.5,23.6,24.7,21.4,23.2,0.2,67,1005.3,84,3.4,8.4,,
2010-10-23,27.8,22.6,24.9,28.4,22.0,24.9,0.0,61,1005.1,55,7.3,8.5,,
2010-10-24,26.9,22.7,25.1,27.8,22.3,25.1,0.0,67,1007.9,56,5.8,7.1,,
2010-10-25,28.1,22.9,24.9,28.2,22.6,24.8,0.0,68,1011.0,64,6.5,11.0,,
2010-10-26,24.3,19.9,22.3,23.9,18.8,21.6,0.0,73,1016.2,88,0.3,14.5,,
2010-10-27,22.9,17.6,20.0,22.0,16.7,19.2,0.0,60,1019.1,42,8.5,12.5,,
2010-10-28,22.7,15.7,18.7,22.0,14.9,18.1,0.0,52,1019.2,4,10.4,12.3,,
2010-10-29,22.6,16.3,19.1,22.0,15.6,18.7,0.0,51,1020.8,14,10.3,10.8,,
2010-10-30,23.0,16.3,19.3,22.7,15.8,19.1,0.0,47,1021.8,7,10.3,12.6,,
2010-10-31,24.0,16.7,20.0,24.2,16.5,19.8,0.0,55,1020.3,4,10.3,8.7,,
2010-11-01,24.6,18.8,21.1,24.8,18.4,20.8,0.0,67,1018.6,19,9.4,9.0,,
2010-11-02,24.7,18.5,21.5,25.1,18.3,21.1,0.0,65,1019.0,27,9.9,9.5,,
2010-11-03,24.1,18.8,21.2,24.3,18.6,21.0,0.0,65,1019.9,66,7.5,10.3,,
2010-11-04,22.0,17.3,20.0,22.1,16.8,19.6,3.2,74,1019.4,91,0.0,7.5,,
2010-11-05,18.3,16.8,17.5,18.2,16.3,17.1,24.3,97,1018.3,98,0.0,5.1,,
2010-11-06,20.6,17.4,18.8,20.2,16.8,18.5,14.7,95,1016.4,91,0.0,4.3,,
2010-11-07,25.9,19.8,22.1,27.2,19.1,22.1,0.0,77,1015.6,49,8.3,4.2,,
2010-11-08,26.1,19.8,22.5,27.4,19.1,22.4,0.0,66,1017.5,24,9.6,7.1,,
2010-11-09,24.5,19.6,21.4,25.3,19.1,21.6,0.0,61,1020.1,16,10.0,10.5,,
2010-11-10,23.9,19.2,21.0,25.0,18.2,20.8,0.0,71,1019.1,56,6.5,8.8,,
2010-11-11,25.3,18.3,21.3,26.6,17.2,21.4,0.0,61,1017.0,45,9.9,8.0,,
2010-11-12,24.5,19.4,21.7,25.4,18.3,21.4,0.0,68,1015.0,21,10.3,11.5,,
2010-11-13,25.2,20.4,22.4,25.9,20.1,22.3,0.0,73,1016.9,62,6.6,13.8,,
2010-11-14,25.1,21.2,22.8,25.4,20.8,22.5,0.0,78,1019.6,84,2.3,13.6,,
2010-11-15,26.7,21.9,23.4,27.0,21.0,23.2,0.0,77,1019.5,81,6.6,11.9,,
2010-11-16,24.1,20.3,21.8,24.6,19.6,21.6,0.0,74,1018.8,58,6.9,9.2,,
2010-11-17,23.7,18.6,21.0,24.5,18.0,20.7,0.0,74,1018.2,33,9.1,6.7,,
2010-11-18,24.6,20.6,21.6,25.1,19.7,21.3,0.0,77,1017.6,79,4.2,6.5,,
2010-11-19,24.7,19.9,21.7,25.7,19.1,21.5,0.0,75,1015.6,51,7.4,4.7,,
2010-11-20,22.9,19.2,21.0,23.3,18.3,20.5,0.0,77,1013.5,51,6.2,8.4,,
2010-11-21,23.8,19.5,21.4,25.2,18.9,21.3,0.0,81,1011.9,38,9.3,7.2,,
2010-11-22,25.4,20.3,22.5,26.3,19.7,22.4,0.0,73,1011.7,51,7.4,5.3,,
2010-11-23,23.6,19.8,21.4,24.3,19.2,21.1,0.0,75,1014.5,68,5.4,8.6,,
2010-11-24,24.0,19.4,20.9,24.9,18.8,20.5,0.0,75,1016.5,64,6.2,10.5,,
2010-11-25,23.1,18.1,20.2,23.6,17.8,20.1,0.0,65,1017.5,18,9.3,8.0,,
2010-11-26,21.9,17.5,19.8,23.5,16.9,19.6,0.0,68,1017.7,23,9.4,7.9,,
2010-11-27,22.1,18.3,20.1,22.2,17.6,19.7,0.0,73,1017.7,47,8.2,12.9,,
2010-11-28,23.3,19.4,20.8,24.7,18.6,20.7,0.0,75,1018.2,34,9.7,12.2,,
2010-11-29,23.7,19.2,20.9,24.6,18.5,20.6,0.0,81,1017.1,50,8.5,8.3,,
2010-11-30,23.9,19.6,21.7,24.4,18.9,21.8,0.0,76,1015.4,37,8.4,5.0,,
2010-12-01,23.6,18.6,20.9,24.2,18.0,20.6,0.0,74,1015.3,27,4.6,4.3,,
2010-12-02,24.3,19.0,21.6,25.2,18.4,21.7,0.0,71,1016.4,12,9.4,5.0,,
2010-12-03,23.7,18.5,20.9,24.6,18.6,21.0,0.0,61,1018.4,5,9.4,10.4,,
2010-12-04,22.2,19.0,20.4,22.9,18.3,20.0,0.0,62,1017.2,68,1.7,12.3,,
2010-12-05,24.8,19.1,21.6,26.3,18.5,21.8,0.0,70,1014.5,29,9.2,5.4,,
2010-12-06,26.8,21.2,23.5,27.9,20.8,23.8,0.0,65,1014.9,29,9.4,7.5,,
2010-12-07,21.9,16.6,19.3,21.7,15.8,18.9,0.0,50,1018.6,49,5.1,12.8,,
2010-12-08,20.1,14.3,17.0,20.5,13.7,16.9,0.0,34,1017.2,49,9.6,9.3,,
2010-12-09,19.8,15.0,17.5,19.9,14.2,17.2,0.0,52,1015.9,47,9.4,9.0,,
2010-12-10,21.7,17.6,19.5,21.5,16.7,18.9,0.0,72,1013.3,86,4.3,13.6,,
2010-12-11,21.1,19.4,20.2,21.1,18.9,19.7,0.0,70,1012.3,88,0.2,13.4,,
2010-12-12,20.8,18.9,20.0,20.4,18.2,19.4,0.0,84,1010.4,88,0.0,15.5,,
2010-12-13,23.6,20.6,21.9,24.3,20.1,21.6,0.0,90,1010.8,76,0.9,6.3,,
2010-12-14,24.7,20.1,21.8,25.6,19.2,21.4,0.0,86,1013.5,85,1.6,7.7,,
2010-12-15,20.0,11.2,17.5,19.2,10.4,16.7,12.9,91,1013.7,91,0.0,15.9,,
2010-12-16,11.2,7.5,8.8,10.4,6.9,8.0,5.3,72,1020.8,75,0.0,15.0,,
2010-12-17,14.6,5.8,10.4,15.5,5.0,10.3,0.0,41,1020.5,11,9.5,7.1,,
2010-12-18,17.1,10.7,14.3,18.2,9.0,14.0,0.0,64,1018.4,45,6.0,6.3,,
2010-12-19,20.9,15.9,18.4,22.4,15.6,18.4,0.0,74,1018.3,65,6.7,6.7,,
2010-12-20,22.4,17.5,20.1,23.5,17.1,20.1,0.0,68,1015.8,78,5.2,4.0,,
2010-12-21,23.6,19.2,20.5,24.4,18.6,20.3,0.0,71,1014.1,59,4.7,3.0,,
2010-12-22,22.4,17.4,19.3,23.7,16.5,19.4,0.0,64,1014.5,10,9.1,7.6,,
2010-12-23,21.0,15.9,18.1,21.9,15.0,17.9,0.0,71,1015.6,18,9.4,10.6,,
2010-12-24,20.2,17.4,18.7,20.8,16.8,18.3,0.0,77,1015.0,61,3.6,13.3,,
2010-12-25,18.6,11.5,16.2,18.7,10.5,15.3,0.0,78,1016.7,83,0.2,14.1,,
2010-12-26,15.5,9.8,12.4,15.8,8.9,12.2,0.2,47,1020.9,31,9.3,11.0,,
2010-12-27,16.9,10.2,13.3,18.4,9.2,13.1,0.0,56,1019.4,4,9.4,4.9,,
2010-12-28,19.6,12.2,15.4,21.1,10.7,15.2,0.0,55,1018.1,2,9.5,4.5,,
2010-12-29,20.5,14.6,17.1,21.1,13.2,16.9,0.0,74,1017.3,22,9.5,7.7,,
2010-12-30,21.0,15.6,17.8,21.7,14.6,17.9,0.0,55,1018.1,11,9.4,7.9,,
2010-12-31,18.7,13.2,15.5,19.7,12.9,15.7,0.0,40,1018.9,1,9.5,8.9,,
2011-01-01,17.2,12.7,14.9,17.6,11.7,14.5,0.0,57,1019.1,14,9.5,11.1,,
2011-01-02,16.3,14.1,15.1,16.0,13.2,14.4,0.0,65,1019.8,83,0.1,12.8,,
2011-01-03,15.5,12.6,14.0,14.9,12.1,13.2,0.0,72,1019.6,91,0.0,5.8,,
2011-01-04,14.6,12.1,13.4,14.0,11.1,12.7,1.2,81,1020.4,95,0.2,6.5,,
2011-01-05,17.9,13.9,15.7,18.2,13.3,15.4,0.0,77,1018.6,91,1.1,6.8,,
2011-01-06,16.4,11.3,14.2,15.9,10.3,13.6,0.0,69,1021.9,73,4.7,9.2,,
2011-01-07,13.6,9.5,10.9,13.5,8.5,10.0,0.0,63,1024.2,70,3.3,8.5,,
2011-01-08,15.6,9.5,12.8,16.8,8.5,12.5,0.0,65,1021.3,36,7.6,4.3,,
2011-01-09,18.0,12.4,14.5,18.4,11.5,14.4,0.0,56,1020.2,25,9.2,7.4,,
2011-01-10,15.9,10.9,13.1,16.5,10.1,12.8,0.0,55,1020.0,41,8.2,7.2,,
2011-01-11,13.2,8.8,11.2,12.7,7.4,10.2,0.0,61,1018.7,85,0.0,10.6,,
2011-01-12,10.4,7.2,8.8,9.7,6.2,7.9,4.2,88,1019.4,88,0.0,5.9,,
2011-01-13,15.4,10.1,12.9,16.8,9.3,12.6,0.0,77,1018.9,73,4.6,5.6,,
2011-01-14,19.4,13.7,16.3,20.7,13.4,16.5,0.0,70,1017.1,65,7.1,4.0,,
2011-01-15,16.7,10.2,13.7,16.6,9.5,13.2,0.0,58,1021.5,36,9.6,12.7,,
2011-01-16,13.6,9.4,11.2,14.0,8.5,10.6,0.0,58,1024.2,54,4.9,11.5,,
2011-01-17,14.6,8.9,11.8,15.5,8.0,11.4,0.0,63,1024.2,41,6.7,8.6,,
2011-01-18,17.1,12.4,14.3,18.4,11.7,14.1,0.0,72,1020.9,59,6.3,9.0,,
2011-01-19,18.4,13.3,15.3,18.6,12.6,14.9,0.0,79,1018.5,70,6.0,9.2,,
2011-01-20,18.7,14.5,16.1,18.7,13.5,15.8,0.0,70,1017.2,86,1.7,6.1,,
2011-01-21,17.1,10.7,13.7,17.5,10.0,13.3,0.0,61,1019.3,27,10.0,8.4,,
2011-01-22,14.8,12.1,13.2,14.1,11.4,12.4,0.0,70,1021.6,77,1.3,6.1,,
2011-01-23,17.3,13.1,15.0,18.1,12.5,15.0,0.0,69,1021.8,53,9.1,5.0,,
2011-01-24,16.4,12.3,14.1,16.7,11.5,13.6,0.0,64,1023.4,81,2.4,6.2,,
2011-01-25,17.3,12.6,14.3,17.4,11.7,13.7,0.0,71,1024.3,58,7.9,10.5,,
2011-01-26,18.8,12.2,15.0,19.3,11.5,14.6,0.0,75,1024.6,29,9.6,6.4,,
2011-01-27,19.0,14.1,15.9,19.3,13.6,15.4,0.0,77,1024.5,77,6.3,9.7,,
2011-01-28,17.3,13.2,15.1,16.7,12.4,14.6,0.0,68,1023.9,77,1.6,9.5,,
2011-01-29,15.7,10.8,12.9,15.2,10.1,12.3,0.0,51,1025.2,66,6.8,11.9,,
2011-01-30,15.3,9.0,12.2,15.3,7.8,11.6,0.0,52,1026.4,78,3.3,8.2,,
2011-01-31,16.5,10.9,13.1,16.6,10.2,12.4,0.0,61,1025.6,40,9.5,8.5,,
2011-02-01,17.0,11.9,14.0,17.7,11.1,13.7,0.0,70,1022.7,58,5.5,6.4,,
2011-02-02,18.6,12.3,14.8,18.7,11.6,14.5,0.0,64,1020.9,31,9.3,6.7,,
2011-02-03,18.6,13.2,15.3,18.6,12.5,14.7,0.0,75,1020.1,32,9.8,9.0,,
2011-02-04,20.9,13.5,16.3,20.3,12.4,15.8,0.0,75,1017.5,4,9.8,3.7,,
2011-02-05,21.7,14.6,17.1,22.0,13.5,16.8,0.0,69,1017.5,6,10.1,9.0,,
2011-02-06,21.8,14.8,17.8,22.1,14.4,17.6,0.0,61,1016.0,27,7.8,10.1,,
2011-02-07,22.2,16.9,18.7,22.3,16.5,18.4,0.0,65,1012.6,60,6.1,11.6,,
2011-02-08,23.9,17.2,19.6,24.7,16.7,19.4,0.0,77,1009.6,50,8.6,7.0,,
2011-02-09,23.6,16.6,19.8,24.2,15.7,19.4,0.0,83,1010.0,67,6.5,10.3,,
2011-02-10,21.1,15.8,17.9,21.2,14.8,17.3,0.0,79,1013.0,44,9.2,12.2,,
2011-02-11,18.1,14.7,16.5,17.6,13.9,15.9,0.0,78,1017.2,85,0.0,8.7,,
2011-02-12,16.0,13.7,14.3,15.5,12.6,13.4,0.0,71,1019.7,87,1.6,12.6,,
2011-02-13,14.1,10.3,12.5,13.3,10.2,12.0,17.0,87,1017.5,89,0.0,8.7,,
2011-02-14,12.0,8.6,10.6,11.7,7.5,9.9,0.6,74,1020.8,90,0.0,8.7,,
2011-02-15,11.7,10.6,11.3,11.3,10.0,10.7,3.2,85,1020.9,89,0.0,12.4,,
2011-02-16,14.7,11.4,13.2,14.5,10.6,12.7,0.0,93,1017.6,93,0.0,11.2,,
2011-02-17,18.0,14.0,15.2,18.4,14.4,15.2,0.0,93,1015.6,100,0.0,5.2,,
2011-02-18,15.8,13.8,14.7,15.7,13.0,14.3,0.0,90,1016.3,95,0.0,7.2,,
2011-02-19,13.9,12.2,13.1,13.1,11.8,12.5,2.0,91,1017.7,100,0.0,6.6,,
2011-02-20,15.6,12.2,13.8,15.7,11.9,13.8,0.9,81,1019.4,91,0.0,3.4,,
2011-02-21,16.8,13.8,14.9,17.6,13.5,14.7,0.0,84,1019.3,88,0.0,9.9,,
2011-02-22,17.7,14.3,15.4,17.2,14.1,15.2,0.0,64,1018.9,82,1.1,14.5,,
2011-02-23,20.6,15.3,17.4,20.8,15.0,17.1,0.0,69,1017.8,60,4.0,9.8,,
2011-02-24,22.6,16.0,18.8,23.7,15.0,18.5,0.0,79,1016.1,63,6.2,3.8,,
2011-02-25,22.4,17.0,18.9,22.5,16.7,18.7,0.0,81,1016.3,67,9.3,13.0,,
2011-02-26,22.6,16.5,18.6,22.2,16.0,18.2,0.0,75,1017.7,78,4.1,13.8,,
2011-02-27,24.5,18.3,20.4,25.0,17.8,20.2,0.0,80,1016.1,54,7.9,8.5,,
2011-02-28,26.9,17.3,21.6,26.8,16.9,21.4,0.0,73,1014.0,23,10.8,6.0,,
2011-03-01,24.9,19.1,21.2,24.2,18.3,20.8,0.0,81,1014.6,72,3.4,7.0,,
2011-03-02,21.1,17.1,18.3,21.1,16.3,17.7,0.0,75,1017.5,77,4.7,8.9,,
2011-03-03,21.9,15.3,18.1,20.9,14.5,17.3,0.1,76,1018.5,64,7.5,11.6,,
2011-03-04,20.1,15.0,16.9,19.1,13.8,16.0,0.0,69,1019.7,76,7.0,13.3,,
2011-03-05,18.0,15.1,16.7,18.4,14.2,16.1,0.0,71,1017.8,82,3.4,14.5,,
2011-03-06,22.4,17.3,19.1,22.1,16.9,18.9,0.1,79,1014.9,87,1.8,10.7,,
2011-03-07,23.9,15.8,19.8,22.9,14.7,19.1,0.5,72,1016.7,66,9.0,9.5,,
2011-03-08,17.9,13.1,15.5,17.8,12.1,15.1,2.3,75,1020.4,87,0.9,9.7,,
2011-03-09,17.4,12.5,15.7,17.7,11.8,15.4,2.4,66,1021.8,88,0.2,11.1,,
2011-03-10,19.0,15.0,16.9,19.2,14.1,16.3,0.1,66,1021.7,88,0.4,8.8,,
2011-03-11,20.6,15.9,17.5,19.7,15.2,16.8,0.0,74,1019.9,87,1.2,8.7,,
2011-03-12,23.2,16.9,19.1,23.0,16.1,18.5,0.0,78,1017.8,51,8.9,9.8,,
2011-03-13,25.3,17.2,20.7,25.2,16.5,20.0,0.0,80,1015.6,38,10.3,5.2,,
2011-03-14,26.5,19.8,22.4,26.3,19.3,22.1,0.0,79,1014.6,48,7.7,5.1,,
2011-03-15,22.5,14.9,19.0,22.5,14.0,18.3,0.0,78,1017.9,66,0.6,9.2,,
2011-03-16,20.0,12.9,15.9,17.9,12.1,14.9,0.0,50,1022.3,85,4.5,12.1,,
2011-03-17,18.1,14.5,16.2,17.9,13.7,15.6,0.7,53,1021.6,91,0.0,11.2,,
2011-03-18,16.6,14.2,15.4,15.8,13.5,14.7,2.2,78,1017.4,92,0.0,11.2,,
2011-03-19,17.9,14.9,16.7,18.2,14.5,16.5,11.1,96,1013.4,99,0.0,10.9,,
2011-03-20,22.2,17.6,20.0,,,,0.0,96,1011.3,94,0.1,,,
2011-03-21,27.4,20.5,22.9,27.6,21.5,23.9,0.0,90,1011.9,60,10.0,10.6,,
2011-03-22,23.3,16.1,19.7,24.2,15.1,19.3,0.0,80,1017.4,79,3.2,8.5,,
2011-03-23,18.3,14.4,16.0,18.0,13.6,15.2,0.0,71,1021.5,88,0.1,9.4,,
2011-03-24,19.7,14.9,16.8,19.6,14.1,16.2,0.0,69,1021.8,86,3.1,8.2,,
2011-03-25,21.6,14.6,17.4,20.7,14.1,16.9,0.0,62,1023.2,84,5.1,9.9,,
2011-03-26,21.8,16.3,17.8,21.1,15.5,17.2,0.0,61,1022.9,84,4.5,10.0,,
2011-03-27,16.9,13.6,15.0,15.5,13.5,14.4,0.8,70,1022.7,86,0.0,8.3,,
2011-03-28,21.0,14.1,16.9,20.6,13.7,16.5,0.0,58,1022.2,84,3.7,8.0,,
2011-03-29,20.8,15.2,18.0,20.8,15.0,17.7,0.0,50,1022.4,84,1.7,6.3,,
2011-03-30,21.0,16.7,18.1,17.5,17.1,17.3,0.2,51,1020.9,88,0.9,5.0,,
2011-03-31,22.4,16.4,18.9,22.5,17.8,19.7,0.0,50,1018.5,74,4.7,12.7,,
2011-04-01,26.0,16.9,20.5,24.8,16.2,19.9,0.0,70,1016.5,21,11.2,11.6,,
2011-04-02,27.4,19.0,22.0,26.8,17.9,21.6,0.0,72,1014.8,20,10.7,5.1,,
2011-04-03,26.7,19.4,22.2,25.4,18.6,21.7,0.0,77,1013.6,41,9.3,3.8,,
2011-04-04,21.9,18.4,19.7,21.5,17.6,18.9,0.0,83,1016.8,92,0.0,7.9,,
2011-04-05,20.5,17.7,18.9,20.5,16.9,18.1,0.0,74,1018.9,90,2.5,14.5,,
2011-04-06,23.7,17.4,19.6,23.0,16.7,18.9,0.0,66,1018.0,65,6.0,14.7,,
2011-04-07,27.0,18.9,21.8,26.4,18.2,21.2,0.0,77,1016.8,41,10.6,5.8,,
2011-04-08,28.4,19.6,23.1,27.8,18.8,22.5,0.0,73,1017.3,16,10.2,2.9,,
2011-04-09,27.1,20.2,22.5,25.7,19.0,21.7,0.0,77,1019.4,60,6.5,11.4,,
2011-04-10,29.7,20.6,23.4,28.6,19.9,22.9,0.0,77,1018.1,41,9.2,5.3,,
2011-04-11,29.1,20.6,23.8,27.7,19.9,23.3,0.0,77,1015.3,24,11.2,6.9,,
2011-04-12,25.8,20.5,22.0,24.2,19.7,21.1,0.0,73,1017.8,76,6.6,16.1,,
2011-04-13,28.5,20.2,23.0,27.4,19.5,22.4,0.0,64,1016.7,64,5.7,9.8,,
2011-04-14,29.6,21.0,24.1,27.9,20.0,23.3,0.0,75,1012.7,36,9.2,4.0,,
2011-04-15,29.4,22.0,24.4,27.5,20.8,23.7,0.0,77,1010.3,64,6.2,5.4,,
2011-04-16,28.2,22.7,25.1,28.8,22.1,24.7,0.0,82,1010.0,63,5.4,8.3,,
2011-04-17,28.1,22.9,24.8,28.2,22.5,24.5,26.7,91,1008.7,92,0.9,7.7,,
2011-04-18,27.0,21.7,23.6,27.1,21.9,23.6,0.0,77,1010.1,81,1.9,8.0,,
2011-04-19,27.5,21.3,23.6,27.4,20.8,23.1,0.0,64,1014.4,38,9.0,11.8,,
2011-04-20,24.6,20.5,21.8,23.8,19.7,21.2,0.0,77,1016.8,80,3.6,15.2,,
2011-04-21,27.1,21.0,23.1,26.2,20.3,22.4,0.0,81,1014.7,73,8.2,11.7,,
2011-04-22,28.2,21.7,24.1,27.7,21.0,23.8,0.2,79,1011.6,67,6.0,5.7,,
2011-04-23,23.2,19.7,20.9,22.9,19.4,20.6,2.3,85,1014.1,84,0.0,6.7,,
2011-04-24,28.4,19.7,23.1,27.8,18.8,22.9,0.0,50,1014.6,32,11.0,6.8,,
2011-04-25,28.9,20.9,24.1,28.3,19.6,23.4,0.0,65,1012.8,31,10.9,3.2,,
2011-04-26,28.0,21.7,24.2,27.4,21.0,23.8,0.0,68,1010.0,48,10.9,6.5,,
2011-04-27,29.1,23.4,25.9,28.9,22.8,25.5,0.0,77,1007.8,67,8.2,7.8,,
2011-04-28,27.6,23.6,25.1,27.7,23.0,24.7,0.4,87,1010.0,89,0.1,7.0,,
2011-04-29,23.9,22.5,23.1,23.2,22.2,22.7,6.3,93,1011.6,95,0.0,12.2,,
2011-04-30,27.1,23.2,24.9,27.1,22.7,24.6,0.1,86,1010.7,85,0.4,6.1,,
2011-05-01,28.4,24.1,25.9,28.1,23.7,25.6,0.0,86,1010.5,81,1.1,4.1,,
2011-05-02,29.8,25.1,26.8,30.7,24.5,26.7,0.0,83,1009.5,83,3.9,6.5,,
2011-05-03,30.7,25.9,27.3,30.1,25.4,27.0,0.0,78,1009.3,83,3.8,7.0,,
2011-05-04,26.7,23.1,24.7,27.3,22.7,24.7,0.7,85,1010.5,86,2.4,6.4,,
2011-05-05,24.8,22.5,23.6,25.1,21.7,23.1,0.0,90,1011.0,91,0.2,11.1,,
2011-05-06,30.2,23.8,26.5,30.6,23.2,26.3,0.0,84,1009.7,76,4.2,6.9,,
2011-05-07,31.3,25.4,27.6,31.2,24.8,27.2,0.0,80,1008.6,78,6.5,8.3,,
2011-05-08,29.5,25.5,26.9,30.2,25.0,26.6,0.0,83,1008.5,82,7.2,12.2,,
2011-05-09,30.5,25.3,27.3,30.8,25.0,27.2,0.0,83,1007.5,63,7.9,9.6,,
2011-05-10,32.9,26.2,28.5,31.9,25.8,28.2,0.0,76,1006.5,64,7.6,6.9,,
2011-05-11,33.0,27.5,29.3,32.9,26.9,29.1,0.0,79,1006.2,74,6.9,8.5,,
2011-05-12,32.5,27.7,29.5,32.1,27.2,29.2,0.2,79,1007.7,75,5.7,7.7,,
2011-05-13,28.8,24.8,26.9,28.4,24.2,26.8,33.5,88,1009.7,85,0.6,6.8,,
2011-05-14,28.1,23.4,25.0,28.2,22.9,24.5,14.5,91,1012.4,89,1.3,13.2,,
2011-05-15,25.1,23.6,24.4,24.9,23.1,23.9,2.9,92,1014.2,89,0.0,13.4,,
2011-05-16,28.7,23.5,25.5,30.0,23.6,25.3,7.5,91,1012.7,91,2.1,7.5,,
2011-05-17,24.7,22.4,23.4,24.8,21.8,23.0,0.3,86,1011.2,86,0.1,7.5,,
2011-05-18,28.9,22.1,24.7,27.8,21.8,24.5,0.0,70,1010.0,63,8.9,12.2,,
2011-05-19,29.6,23.6,25.8,28.4,23.0,25.6,0.0,79,1010.0,68,10.1,11.0,,
2011-05-20,30.6,24.6,27.0,30.2,24.0,26.6,0.0,82,1008.3,70,10.4,8.8,,
2011-05-21,29.6,24.6,26.1,29.7,24.0,25.7,42.8,89,1006.9,83,1.7,7.5,,
2011-05-22,26.8,23.2,25.2,26.1,23.0,24.9,69.8,94,1005.9,90,0.0,7.5,,
2011-05-23,26.4,23.2,24.2,26.7,23.1,24.3,9.3,86,1007.3,91,1.0,7.2,,
2011-05-24,24.7,19.8,22.5,24.9,18.9,22.2,4.9,84,1009.4,88,0.0,5.5,,
2011-05-25,24.7,21.0,23.0,24.8,20.4,22.8,0.3,83,1010.0,88,0.1,4.5,,
2011-05-26,29.6,22.7,25.5,29.0,22.5,25.4,0.0,67,1009.1,59,8.8,4.1,,
2011-05-27,30.0,24.2,26.7,30.0,23.8,26.4,0.0,70,1007.1,56,6.1,4.6,,
2011-05-28,30.2,24.5,27.4,30.4,24.0,27.3,0.0,65,1006.5,23,11.0,6.2,,
2011-05-29,29.4,25.3,26.9,29.0,24.6,26.4,0.0,79,1010.6,51,9.0,10.8,,
2011-05-30,29.7,23.7,25.8,27.9,23.2,25.2,0.0,70,1011.6,28,10.0,13.4,,
2011-05-31,32.5,23.3,26.7,32.0,22.6,26.4,0.0,67,1007.4,42,11.9,8.5,,
2011-06-01,31.3,25.6,27.9,31.3,25.3,27.5,0.0,73,1006.6,40,10.8,6.5,,
2011-06-02,31.5,26.1,28.1,31.0,25.4,27.7,0.0,80,1009.4,63,6.3,6.0,,
2011-06-03,31.0,26.7,28.1,30.8,26.0,27.7,0.0,75,1009.6,68,7.9,7.5,,
2011-06-04,31.6,27.1,28.8,31.5,26.2,28.4,0.0,79,1008.8,77,4.7,7.7,,
2011-06-05,32.6,27.8,29.4,31.7,27.5,29.1,0.0,78,1009.2,70,6.4,7.6,,
2011-06-06,31.3,28.2,29.5,31.3,27.7,29.2,0.0,77,1008.6,74,4.6,8.3,,
2011-06-07,31.8,28.5,29.6,31.9,27.7,29.3,0.0,76,1007.1,67,8.0,8.3,,
2011-06-08,32.2,28.2,29.7,32.4,27.7,29.3,0.0,78,1006.5,70,6.3,8.3,,
2011-06-09,34.5,26.1,30.0,33.2,26.3,29.1,2.8,76,1006.2,59,6.1,7.7,,
2011-06-10,33.4,27.1,29.6,32.5,26.3,29.1,0.0,74,1003.9,70,9.7,6.5,,
2011-06-11,32.2,27.0,29.0,32.2,26.4,28.7,11.6,80,1004.9,84,4.2,7.4,,
2011-06-12,29.5,24.9,27.6,29.7,24.6,27.2,28.4,85,1007.6,88,2.5,5.1,,
2011-06-13,31.7,26.7,28.7,31.2,26.7,28.6,5.9,82,1007.9,75,4.5,7.3,,
2011-06-14,31.7,28.4,29.5,30.9,27.9,29.2,2.4,79,1007.1,80,4.9,9.4,,
2011-06-15,32.2,27.7,29.5,31.2,27.1,29.0,2.4,77,1005.9,74,4.3,11.3,,
2011-06-16,28.4,24.9,26.6,27.6,23.9,26.2,75.2,94,1005.1,87,1.1,7.3,,
2011-06-17,29.9,26.1,27.3,29.4,25.6,27.1,77.5,94,1006.2,91,1.1,10.2,,
2011-06-18,32.5,27.1,29.0,32.1,26.7,28.7,1.2,82,1005.8,66,7.0,10.9,,
2011-06-19,32.4,27.5,29.2,32.1,27.1,29.1,0.0,82,1004.5,59,10.5,10.8,,
2011-06-20,33.5,27.6,29.9,33.0,27.1,29.8,0.0,75,1004.2,39,10.5,8.0,,
2011-06-21,33.2,26.4,29.1,33.5,26.1,29.0,8.3,81,1002.1,67,5.0,12.3,,
2011-06-22,28.6,25.4,26.6,28.3,25.0,26.5,41.4,93,997.8,89,0.6,23.2,,
2011-06-23,29.5,26.5,28.0,28.8,26.5,27.7,0.0,86,998.9,88,0.3,21.2,,
2011-06-24,31.1,26.9,28.4,30.6,26.9,28.3,0.6,84,999.8,72,5.2,11.9,,
2011-06-25,32.2,27.1,29.1,31.8,26.5,28.9,0.0,78,1000.3,64,10.7,9.2,,
2011-06-26,29.5,28.0,28.8,29.7,27.7,28.5,0.0,81,1002.8,85,0.6,8.0,,
2011-06-27,31.7,27.9,29.4,31.5,27.4,29.2,0.0,79,1003.8,85,4.7,7.3,,
2011-06-28,29.0,24.7,26.4,28.7,24.4,26.1,106.6,93,1004.5,94,0.1,7.2,,
2011-06-29,28.9,24.6,26.5,28.5,24.6,26.2,76.5,93,1005.7,94,0.0,12.2,,
2011-06-30,30.5,24.9,27.5,29.6,24.6,27.1,5.3,88,1007.6,86,0.9,9.1,,
2011-07-01,29.8,26.3,28.2,29.9,25.9,27.8,11.2,86,1008.9,74,2.2,8.2,,
2011-07-02,31.6,27.4,29.0,31.3,26.5,28.6,0.0,80,1008.2,53,9.3,7.1,,
2011-07-03,32.4,27.8,29.3,32.0,27.2,28.9,0.0,76,1007.9,46,9.4,7.7,,
2011-07-04,32.8,27.7,29.7,32.1,27.2,29.3,0.0,75,1009.1,33,10.5,8.5,,
2011-07-05,32.7,27.7,29.7,32.1,27.2,29.4,0.0,75,1007.7,26,12.0,9.6,,
2011-07-06,32.9,28.0,29.7,32.0,27.3,29.4,0.0,73,1004.7,39,11.7,9.2,,
2011-07-07,32.7,28.2,30.0,32.3,27.4,29.7,0.0,73,1004.1,42,11.2,9.0,,
2011-07-08,32.9,28.4,30.2,32.6,27.8,29.9,0.0,76,1004.5,59,10.9,10.0,,
2011-07-09,32.1,28.2,29.8,32.5,27.9,29.7,0.0,78,1003.6,67,8.1,9.7,,
2011-07-10,32.9,27.6,29.8,32.5,27.5,29.7,0.0,77,1002.0,72,7.2,8.7,,
2011-07-11,31.1,27.1,28.9,31.7,27.0,28.8,33.2,85,1001.3,88,1.3,5.5,,
2011-07-12,28.9,26.6,27.6,29.0,26.4,27.4,10.9,89,1001.6,88,0.1,6.3,,
2011-07-13,30.0,26.0,27.4,30.0,25.7,27.3,21.8,92,1002.1,80,3.5,10.8,,
2011-07-14,28.7,25.9,27.1,29.1,25.2,27.0,12.4,91,1002.2,87,1.5,7.0,,
2011-07-15,28.3,25.2,26.5,29.2,24.7,26.4,34.9,93,1002.2,87,0.3,5.7,,
2011-07-16,28.0,24.6,26.8,27.6,24.6,26.4,60.5,89,1001.9,88,0.0,10.5,,
2011-07-17,29.9,27.1,28.2,30.3,26.6,27.9,0.2,83,1000.1,82,2.7,7.6,,
2011-07-18,30.9,25.6,27.9,31.0,25.5,27.8,4.3,85,999.5,84,2.9,8.5,,
2011-07-19,30.0,25.6,27.4,30.2,25.4,27.2,5.6,86,1000.4,86,2.4,5.0,,
2011-07-20,28.6,25.9,27.3,28.4,25.7,26.9,15.2,87,1002.0,89,0.0,6.6,,
2011-07-21,31.2,26.7,28.6,31.2,26.3,28.2,0.0,79,1004.6,68,8.5,8.0,,
2011-07-22,32.9,26.5,29.5,32.2,26.0,29.0,4.2,81,1006.1,64,7.4,8.7,,
2011-07-23,32.5,27.8,29.6,31.8,27.1,29.1,0.0,76,1007.3,43,10.3,8.0,,
2011-07-24,32.2,27.3,29.5,32.0,26.9,29.3,0.0,78,1007.5,30,12.2,8.1,,
2011-07-25,33.4,28.3,30.3,32.9,27.8,29.9,0.0,78,1006.8,51,10.7,8.1,,
2011-07-26,33.1,27.8,29.8,32.4,27.1,29.2,0.0,76,1007.4,48,10.1,9.3,,
2011-07-27,33.9,28.2,30.2,33.0,27.6,29.8,0.0,76,1007.1,35,10.4,9.9,,
2011-07-28,33.7,27.5,30.1,32.8,27.6,29.8,0.0,72,1004.5,49,9.1,10.9,,
2011-07-29,30.1,25.9,28.2,30.8,25.5,27.9,12.4,87,1002.8,86,1.7,18.9,,
2011-07-30,31.7,26.6,28.3,31.2,26.0,27.9,0.0,85,1004.3,78,4.6,12.0,,
2011-07-31,32.5,27.1,29.2,32.1,26.5,28.8,0.0,80,1004.9,60,10.1,8.4,,
2011-08-01,33.7,26.8,29.5,32.7,26.4,29.1,0.0,76,1005.5,39,10.9,6.5,,
2011-08-02,32.9,27.3,29.5,32.2,26.6,29.1,0.0,73,1006.7,23,11.5,9.3,,
2011-08-03,32.6,27.2,29.5,32.6,26.5,29.2,0.0,73,1005.8,22,11.3,10.9,,
2011-08-04,34.2,27.3,29.9,33.4,26.7,29.4,0.0,75,1002.9,39,10.8,7.2,,
2011-08-05,33.5,27.8,30.1,32.5,27.4,29.5,0.0,74,1001.1,55,7.1,6.0,,
2011-08-06,33.2,28.0,30.2,33.0,27.4,29.8,0.0,74,1000.2,45,11.4,8.5,,
2011-08-07,35.0,28.6,30.9,34.3,28.1,30.5,0.0,75,1002.1,62,10.5,7.8,,
2011-08-08,31.1,25.6,29.2,31.5,25.5,29.0,22.1,79,1004.3,77,5.4,7.6,,
2011-08-09,31.5,26.0,28.0,30.0,25.5,27.5,9.9,86,1004.5,86,1.1,6.1,,
2011-08-10,28.3,25.2,26.8,28.1,24.9,26.3,60.5,92,1005.8,85,0.1,6.2,,
2011-08-11,32.2,26.0,28.7,32.2,25.6,28.5,17.9,83,1007.9,67,6.1,7.9,,
2011-08-12,32.0,27.6,29.4,32.0,26.8,29.0,0.0,78,1008.0,65,9.1,7.8,,
2011-08-13,32.9,27.9,29.6,32.0,27.3,29.1,0.0,75,1008.8,53,9.3,7.6,,
2011-08-14,32.8,28.0,29.6,32.1,27.4,29.0,0.0,74,1010.6,59,8.9,6.9,,
2011-08-15,31.9,27.9,29.7,32.1,27.6,29.4,0.0,76,1011.0,45,8.9,7.8,,
2011-08-16,32.3,28.1,29.3,32.3,27.6,29.3,8.5,78,1009.9,35,9.8,6.6,,
2011-08-17,30.5,27.2,28.7,31.7,26.6,28.4,10.1,81,1009.4,42,7.2,7.1,,
2011-08-18,32.5,27.1,29.2,31.9,26.5,28.8,0.0,80,1010.0,53,9.3,8.4,,
2011-08-19,33.0,27.8,29.6,32.4,27.2,29.2,0.0,79,1010.9,61,8.6,9.0,,
2011-08-20,33.0,25.6,29.2,32.5,24.7,29.0,3.7,80,1011.0,45,10.3,8.5,,
2011-08-21,32.5,28.1,29.5,32.7,27.5,29.2,0.0,80,1009.8,50,7.3,5.0,,
2011-08-22,30.4,28.1,29.0,31.1,27.4,28.6,1.4,83,1008.1,51,3.2,4.5,,
2011-08-23,32.4,28.2,29.8,32.1,27.3,29.6,0.0,76,1006.6,55,10.2,7.7,,
2011-08-24,32.4,27.1,29.8,32.2,26.9,29.6,3.9,76,1006.1,49,9.4,7.9,,
2011-08-25,30.9,26.4,28.6,30.8,26.8,28.4,13.7,81,1005.7,69,1.7,4.8,,
2011-08-26,31.8,27.0,29.1,31.8,26.7,29.0,0.0,76,1006.1,61,4.8,5.3,,
2011-08-27,32.9,27.5,29.2,32.8,27.5,29.5,5.2,75,1004.6,54,6.3,4.8,,
2011-08-28,32.0,28.0,30.2,32.9,28.4,30.5,0.0,69,1003.0,75,7.3,7.3,,
2011-08-29,33.7,27.7,30.6,34.6,27.1,30.8,0.2,67,1002.3,75,7.8,8.2,,
2011-08-30,33.3,28.8,30.9,33.9,28.5,30.7,0.0,69,1001.0,68,7.5,9.2,,
2011-08-31,33.4,28.7,30.6,34.0,28.1,30.6,0.5,64,999.3,58,8.9,9.3,,
2011-09-01,30.1,27.4,28.2,31.0,26.5,28.2,0.1,74,1000.5,82,2.6,7.6,,
2011-09-02,31.2,27.2,28.8,31.6,26.8,28.6,0.0,78,1002.6,85,0.9,6.9,,
2011-09-03,30.7,25.8,27.7,31.3,25.4,27.4,22.6,89,1006.5,77,3.1,8.1,,
2011-09-04,31.5,26.6,28.6,31.9,26.1,28.2,1.8,84,1008.0,64,8.0,4.0,,
2011-09-05,32.2,27.7,29.2,31.4,27.6,28.9,0.0,80,1007.4,62,5.7,5.0,,
2011-09-06,31.9,27.9,29.3,31.7,27.0,28.9,0.0,78,1007.4,56,7.5,8.6,,
2011-09-07,32.0,27.0,29.2,31.7,26.3,28.9,0.2,78,1006.6,58,8.8,10.7,,
2011-09-08,32.2,27.9,29.5,32.4,27.3,29.2,0.0,79,1007.5,52,9.2,10.6,,
2011-09-09,32.8,27.8,29.6,32.3,27.2,29.2,0.0,75,1010.0,53,7.4,13.1,,
2011-09-10,31.7,26.6,29.0,31.3,26.4,28.8,2.6,78,1010.9,51,10.9,14.4,,
2011-09-11,30.8,26.2,28.2,30.6,25.4,28.0,20.4,83,1010.6,77,6.5,14.1,,
2011-09-12,32.4,25.9,28.5,31.4,25.3,28.3,0.6,82,1010.6,81,8.4,13.2,,
2011-09-13,32.6,26.1,28.8,31.8,25.1,28.4,2.7,77,1009.3,49,10.5,10.8,,
2011-09-14,32.7,26.0,29.0,32.5,26.1,29.0,2.7,75,1007.4,46,10.7,9.6,,
2011-09-15,32.0,24.1,28.3,31.6,23.3,27.9,10.9,83,1006.9,66,7.6,11.3,,
2011-09-16,32.3,26.8,28.6,31.9,26.7,28.5,1.0,82,1005.5,63,6.0,10.4,,
2011-09-17,32.8,27.2,29.4,32.1,26.9,28.9,0.2,79,1004.5,61,8.4,11.5,,
2011-09-18,29.9,27.4,28.6,29.8,27.3,28.2,0.5,81,1007.2,72,2.6,12.5,,
2011-09-19,31.7,25.3,28.4,31.6,24.6,28.0,16.1,80,1009.7,77,6.5,11.9,,
2011-09-20,27.6,24.9,26.1,27.3,24.5,25.8,0.0,76,1011.3,87,0.3,9.8,,
2011-09-21,27.7,23.2,25.8,27.9,22.6,25.6,0.0,69,1010.7,56,5.5,9.3,,
2011-09-22,26.9,23.9,25.8,27.0,23.3,25.4,0.0,68,1010.3,80,0.6,11.3,,
2011-09-23,27.5,23.4,25.6,27.4,23.6,25.3,0.3,73,1009.7,86,0.9,9.2,,
2011-09-24,27.4,24.2,25.7,27.6,23.8,25.3,0.0,73,1009.0,88,0.2,12.7,,
2011-09-25,26.2,23.9,25.1,26.3,23.6,25.0,4.2,81,1008.6,88,0.0,12.0,,
2011-09-26,30.8,25.1,27.3,30.8,24.8,27.0,0.2,78,1008.9,81,5.3,13.5,,
2011-09-27,30.8,26.2,27.9,31.2,25.9,27.6,0.0,80,1006.5,63,7.8,8.3,,
2011-09-28,31.3,26.2,28.7,31.9,25.6,28.8,2.5,72,1003.0,71,4.7,15.3,,
2011-09-29,28.2,25.3,27.2,28.2,24.7,27.0,30.8,88,1002.9,88,0.2,26.3,,
2011-09-30,28.9,27.0,27.7,29.1,26.6,27.5,2.7,89,1009.4,79,1.7,15.6,,
2011-10-01,27.5,25.4,26.2,27.2,25.2,25.9,12.7,86,1010.7,83,0.5,17.7,,
2011-10-02,27.1,23.5,25.0,27.3,23.5,24.8,3.3,84,1009.2,82,1.8,10.0,,
2011-10-03,24.0,21.5,22.6,24.1,20.7,22.3,1.6,81,1009.1,88,0.0,14.5,,
2011-10-04,25.2,22.2,23.8,25.2,21.5,23.4,0.0,76,1011.5,88,0.3,13.7,,
2011-10-05,26.0,23.3,24.5,26.3,22.3,24.0,0.1,79,1013.6,85,1.2,9.9,,
2011-10-06,27.9,23.3,25.2,28.4,22.7,24.8,0.1,79,1014.3,88,2.3,10.3,,
2011-10-07,27.8,24.8,25.7,28.5,24.1,25.3,0.0,79,1014.8,81,2.6,12.3,,
2011-10-08,28.8,24.6,26.2,28.9,24.0,25.8,0.0,76,1014.7,68,8.0,11.6,,
2011-10-09,30.2,24.6,26.8,30.4,24.0,26.5,0.0,76,1012.8,76,7.2,9.6,,
2011-10-10,29.0,24.4,26.4,29.4,23.9,26.0,5.3,80,1011.8,86,0.8,13.3,,
2011-10-11,25.5,24.2,24.8,25.4,23.8,24.5,6.9,93,1013.0,88,0.0,14.7,,
2011-10-12,25.1,23.6,24.6,25.0,23.2,24.3,105.8,97,1012.2,90,0.0,11.6,,
2011-10-13,26.2,24.1,24.8,27.0,23.4,24.7,30.7,97,1010.6,86,1.5,10.0,,
2011-10-14,27.1,24.3,25.4,27.5,24.0,25.4,3.8,89,1010.0,83,0.4,5.7,,
2011-10-15,28.3,23.4,25.1,28.1,23.0,25.0,0.0,73,1012.2,54,5.9,9.1,,
2011-10-16,29.6,22.9,25.5,29.0,22.7,25.4,0.0,62,1013.7,30,9.5,7.1,,
2011-10-17,29.4,23.0,25.3,29.3,22.5,25.0,0.0,69,1015.7,14,10.5,7.6,,
2011-10-18,27.4,22.7,24.7,27.6,22.1,24.4,0.0,72,1016.9,23,10.0,9.9,,
2011-10-19,26.5,22.8,24.3,26.3,22.3,23.7,0.0,70,1016.0,36,9.1,12.6,,
2011-10-20,27.6,21.7,24.0,27.9,20.9,23.6,0.0,72,1015.3,27,9.6,6.3,,
2011-10-21,28.9,22.4,24.8,28.6,21.8,24.5,0.0,74,1014.3,23,9.8,7.0,,
2011-10-22,27.9,23.6,25.2,28.1,22.9,24.7,0.0,78,1014.0,42,8.1,10.7,,
2011-10-23,27.4,23.9,25.0,27.5,23.2,24.4,0.0,79,1014.3,62,6.0,12.4,,
2011-10-24,28.9,23.1,25.7,28.8,22.2,25.3,0.0,79,1013.8,25,10.3,5.5,,
2011-10-25,26.6,22.4,24.6,27.0,21.8,24.2,0.5,81,1015.8,57,2.9,8.3,,
2011-10-26,25.7,22.0,23.3,26.0,21.3,22.8,0.1,77,1017.5,79,6.4,10.3,,
2011-10-27,26.0,21.3,23.3,26.5,20.9,23.1,1.5,79,1017.8,52,7.3,10.4,,
2011-10-28,27.1,22.9,24.3,27.3,22.2,24.1,0.0,72,1017.7,60,4.4,8.8,,
2011-10-29,27.4,21.7,24.1,27.9,21.6,24.0,0.0,69,1016.2,62,6.1,6.6,,
2011-10-30,27.0,22.3,24.3,27.4,21.9,24.0,0.0,75,1015.6,57,8.7,8.6,,
2011-10-31,27.0,23.0,24.5,26.8,22.4,23.9,0.0,71,1016.4,42,9.9,13.7,,
2011-11-01,27.7,22.3,24.6,28.3,21.7,24.1,0.0,71,1015.9,54,9.2,10.8,,
2011-11-02,28.9,23.3,25.4,29.1,22.8,25.1,0.0,74,1014.0,70,5.8,8.5,,
2011-11-03,29.0,24.1,26.0,30.2,23.7,25.8,0.0,77,1013.6,80,5.8,10.8,,
2011-11-04,29.7,24.7,26.4,30.3,24.2,26.2,0.0,76,1013.8,63,8.5,9.6,,
2011-11-05,28.8,24.8,26.4,29.5,24.1,26.3,0.0,80,1013.3,61,8.5,8.9,,
2011-11-06,28.8,25.6,26.5,29.3,25.0,26.2,0.0,78,1012.8,80,2.7,12.2,,
2011-11-07,28.0,24.3,25.8,27.7,23.2,25.4,0.0,76,1011.1,82,2.8,11.8,,
2011-11-08,24.3,21.9,22.7,23.4,21.5,22.3,13.9,94,1009.4,89,0.0,9.0,,
2011-11-09,22.1,18.8,19.9,21.5,18.4,19.6,44.2,93,1008.7,94,0.0,13.5,,
2011-11-10,21.2,17.7,19.4,20.9,17.1,18.9,0.2,77,1012.0,88,0.2,11.7,,
2011-11-11,22.0,18.1,20.3,22.4,17.1,20.1,0.0,71,1014.7,88,0.0,5.4,,
2011-11-12,24.7,19.6,22.0,25.1,19.0,21.8,0.0,73,1016.8,54,7.4,4.0,,
2011-11-13,26.6,21.1,23.2,27.5,19.8,23.0,0.0,78,1017.1,45,8.6,4.8,,
2011-11-14,25.3,22.6,23.4,25.9,22.1,23.1,0.0,81,1017.9,80,4.5,9.5,,
2011-11-15,26.2,22.1,23.5,27.2,21.9,23.3,0.0,76,1018.2,55,9.1,11.0,,
2011-11-16,25.5,21.7,23.4,26.7,21.2,23.2,0.0,80,1015.7,77,5.1,10.8,,
2011-11-17,24.5,22.6,23.4,24.8,22.2,23.3,18.1,87,1012.2,83,0.0,11.3,,
2011-11-18,26.9,22.6,24.4,26.8,22.3,24.2,8.6,93,1009.2,88,1.4,5.8,,
2011-11-19,26.4,23.7,24.9,27.4,23.5,25.1,1.1,84,1012.0,77,2.4,7.1,,
2011-11-20,24.4,21.2,22.9,24.9,21.1,22.7,0.0,74,1019.3,67,2.9,12.3,,
2011-11-21,22.3,20.8,21.5,22.8,20.2,20.9,0.0,70,1021.6,84,0.9,12.9,,
2011-11-22,23.7,20.2,22.0,24.1,19.7,21.9,0.0,67,1020.8,85,1.0,8.5,,
2011-11-23,23.8,20.7,22.0,24.7,20.4,22.0,0.0,60,1020.4,77,3.8,9.5,,
2011-11-24,22.7,18.7,20.8,23.6,18.5,20.6,0.0,68,1021.1,73,7.3,9.5,,
2011-11-25,21.3,19.6,20.5,21.2,18.8,19.9,0.0,72,1020.4,88,0.1,12.1,,
2011-11-26,22.3,20.1,21.1,22.7,19.4,20.7,0.0,73,1018.5,86,0.2,9.3,,
2011-11-27,24.5,19.3,21.3,26.2,18.5,21.5,0.0,76,1016.0,11,9.8,8.0,,
2011-11-28,24.7,20.2,21.9,25.3,19.2,21.7,0.0,80,1014.4,32,9.8,9.3,,
2011-11-29,25.0,21.6,22.7,26.1,21.0,22.7,0.0,78,1015.2,43,9.2,11.4,,
2011-11-30,26.3,21.5,23.1,26.8,20.8,22.9,0.0,80,1014.6,41,7.2,7.1,,
2011-12-01,21.8,14.9,18.7,21.5,13.9,18.0,0.0,68,1017.2,59,1.7,11.4,,
2011-12-02,17.8,13.4,15.0,17.9,12.3,14.3,0.0,59,1017.0,35,8.1,11.1,,
2011-12-03,19.4,11.8,15.1,21.1,10.8,15.0,0.0,54,1017.5,3,9.8,7.4,,
2011-12-04,20.2,14.4,17.4,21.2,14.2,17.6,0.0,65,1019.0,29,9.5,8.8,,
2011-12-05,20.2,18.1,18.8,20.3,17.6,18.5,1.2,79,1018.4,88,0.0,10.6,,
2011-12-06,21.8,17.6,19.9,22.1,17.1,19.9,1.2,85,1018.2,84,0.2,7.4,,
2011-12-07,24.5,20.4,22.3,25.2,19.9,22.5,0.0,80,1016.7,83,3.3,4.6,,
2011-12-08,22.9,15.7,20.4,23.2,14.8,20.1,0.0,65,1017.6,66,6.7,12.0,,
2011-12-09,16.3,13.4,14.6,16.0,12.6,13.8,0.0,59,1022.5,87,1.6,14.8,,
2011-12-10,15.9,11.0,13.1,16.4,10.1,12.6,0.0,45,1023.8,30,9.6,14.9,,
2011-12-11,16.3,9.6,12.9,16.6,8.9,12.7,0.0,44,1022.7,13,9.6,11.2,,
2011-12-12,18.6,11.7,15.1,19.7,10.7,15.2,0.0,48,1020.5,19,9.6,6.4,,
2011-12-13,20.7,14.1,17.1,22.1,13.1,17.2,0.0,58,1019.5,52,9.3,3.0,,
2011-12-14,21.6,17.7,19.3,22.2,17.4,19.5,0.0,63,1018.8,85,0.4,3.6,,
2011-12-15,22.2,17.5,19.2,23.3,17.2,19.3,0.0,60,1019.7,39,9.4,6.8,,
2011-12-16,19.0,15.1,17.0,19.3,14.4,16.6,0.0,56,1023.3,49,8.4,10.8,,
2011-12-17,17.8,14.4,16.1,18.1,13.4,15.5,0.0,65,1024.6,63,7.1,9.9,,
2011-12-18,18.6,13.6,16.1,19.9,12.9,15.8,0.0,70,1023.8,33,9.3,8.2,,
2011-12-19,19.2,14.0,16.7,20.6,13.2,16.5,0.0,73,1021.4,43,9.3,9.8,,
2011-12-20,18.7,16.7,17.4,18.6,16.3,17.0,0.0,74,1019.6,88,0.0,7.6,,
2011-12-21,22.0,17.2,19.5,22.6,16.6,19.4,0.0,68,1018.3,79,1.6,5.0,,
2011-12-22,20.5,16.1,17.9,20.9,15.4,17.7,0.0,61,1019.2,41,9.0,8.8,,
2011-12-23,17.7,12.6,15.0,18.6,11.5,14.3,0.0,63,1021.2,32,8.4,9.3,,
2011-12-24,15.6,10.6,13.0,16.0,10.0,12.6,0.0,39,1023.8,9,9.3,15.3,,
2011-12-25,15.9,10.3,13.3,16.9,9.6,13.2,0.0,45,1025.2,19,9.4,9.5,,
2011-12-26,17.9,13.9,15.8,17.7,13.5,15.4,0.0,58,1025.1,84,0.6,7.3,,
2011-12-27,18.0,15.1,16.5,18.9,14.1,16.2,0.0,76,1023.7,55,8.6,14.1,,
2011-12-28,20.6,15.1,17.3,22.1,13.8,17.3,0.0,81,1022.2,7,9.4,6.8,,
2011-12-29,20.7,16.1,17.7,22.1,15.0,17.5,0.0,81,1020.6,37,7.5,11.3,,
2011-12-30,19.6,16.5,17.7,20.3,16.1,17.3,0.0,79,1023.0,82,3.2,8.4,,
2011-12-31,19.8,14.8,16.9,20.8,14.3,16.5,0.4,80,1023.4,68,4.0,4.8,,
2012-01-01,20.0,15.4,17.2,20.7,14.5,17.0,0.0,76,1022.3,44,9.3,5.0,,
2012-01-02,18.3,15.5,16.6,19.7,14.5,16.2,0.0,76,1021.2,61,7.0,11.3,,
2012-01-03,19.6,15.5,17.0,20.4,14.7,16.5,0.0,74,1020.4,77,3.0,10.8,,
2012-01-04,16.0,11.8,13.5,15.3,10.7,12.5,0.0,67,1024.2,83,0.5,11.6,,
2012-01-05,11.9,10.2,11.0,11.0,9.2,10.1,0.8,79,1023.4,90,0.0,7.3,,
2012-01-06,15.6,10.7,13.2,15.4,9.9,12.7,0.5,82,1022.8,88,0.1,4.0,,
2012-01-07,15.2,13.1,14.2,14.9,12.2,13.6,0.0,81,1025.4,88,0.0,4.3,,
2012-01-08,18.0,13.9,15.6,19.2,13.2,15.6,0.0,76,1024.7,72,6.3,5.7,,
2012-01-09,18.8,13.3,15.8,20.1,12.3,15.7,0.0,75,1022.9,67,9.2,3.9,,
2012-01-10,18.3,13.8,15.9,19.8,13.0,15.5,0.0,77,1022.4,62,5.1,5.1,,
2012-01-11,18.3,14.9,16.0,18.3,14.3,15.7,0.4,74,1023.7,85,0.4,8.0,,
2012-01-12,16.8,13.6,15.3,16.5,13.1,14.9,0.9,79,1022.6,89,0.0,7.3,,
2012-01-13,17.3,14.9,15.9,17.5,14.3,15.5,2.3,87,1019.6,88,0.0,5.4,,
2012-01-14,18.9,16.0,17.5,19.1,15.5,17.3,0.6,90,1015.1,88,0.0,7.5,,
2012-01-15,18.2,16.0,17.2,17.6,15.8,16.8,19.1,98,1011.5,95,0.0,4.6,,
2012-01-16,16.6,14.5,15.7,16.9,13.6,15.5,8.7,89,1012.7,84,0.1,6.4,,
2012-01-17,18.7,15.2,16.5,19.7,14.8,16.3,0.0,78,1014.8,58,8.0,10.2,,
2012-01-18,19.7,15.6,17.7,20.7,14.8,17.6,0.0,83,1014.1,71,6.0,12.7,,
2012-01-19,22.4,17.7,19.4,24.0,17.0,19.4,0.0,87,1014.3,65,8.3,6.6,,
2012-01-20,19.2,16.4,17.4,19.0,15.6,16.8,0.0,86,1015.5,86,1.2,13.3,,
2012-01-21,16.9,15.9,16.2,16.6,15.2,15.7,0.0,87,1014.8,88,0.0,14.2,,
2012-01-22,16.3,10.6,13.4,15.8,9.6,12.5,0.0,84,1017.5,96,0.0,9.8,,
2012-01-23,11.8,9.4,10.5,11.4,8.4,9.7,1.3,84,1020.1,96,0.0,9.5,,
2012-01-24,12.2,8.9,10.9,11.9,8.2,10.3,4.5,90,1018.6,99,0.0,10.3,,
2012-01-25,10.2,7.4,8.7,9.4,6.9,8.1,2.2,88,1021.1,89,0.0,5.7,,
2012-01-26,13.4,9.0,11.2,13.0,8.0,10.8,0.8,90,1019.7,94,0.0,10.3,,
2012-01-27,15.8,13.3,14.7,16.0,13.0,14.6,0.0,91,1016.6,97,0.0,9.9,,
2012-01-28,20.0,14.8,16.7,21.6,14.5,17.2,0.0,86,1016.1,44,8.0,8.2,,
2012-01-29,16.5,13.8,15.1,17.4,13.9,15.3,0.0,87,1018.6,81,0.0,3.3,,
2012-01-30,17.9,13.9,15.7,18.4,13.7,15.8,0.0,71,1020.5,70,5.0,6.6,,
2012-01-31,17.6,13.4,15.1,18.6,12.8,14.8,0.0,67,1021.3,47,8.5,6.0,,
2012-02-01,18.4,13.7,15.6,19.0,12.8,15.3,0.0,77,1020.0,45,9.9,8.8,,
2012-02-02,18.4,14.8,16.0,19.2,14.0,15.6,0.0,79,1021.5,82,2.9,10.1,,
2012-02-03,15.3,13.1,14.5,15.0,12.3,13.7,0.0,79,1022.5,88,0.1,8.1,,
2012-02-04,17.4,14.0,15.3,18.8,13.2,14.8,0.0,83,1019.8,83,2.1,10.5,,
2012-02-05,19.3,15.8,17.4,19.5,15.3,17.5,0.1,83,1016.2,78,3.9,10.5,,
2012-02-06,20.1,17.5,18.5,20.4,17.3,18.4,0.4,92,1011.3,88,0.4,9.8,,
2012-02-07,20.8,11.5,16.7,20.7,10.7,16.5,3.1,81,1015.0,78,2.0,10.1,,
2012-02-08,13.8,11.0,12.3,13.6,10.3,11.7,0.7,82,1021.2,88,0.0,9.5,,
2012-02-09,13.5,11.5,12.7,13.4,10.8,12.1,0.0,81,1019.7,90,0.1,13.5,,
2012-02-10,16.9,13.0,14.8,17.1,12.4,14.6,0.0,88,1019.0,88,0.0,7.6,,
2012-02-11,16.8,12.0,14.0,16.7,12.0,13.8,0.0,82,1021.4,88,0.5,4.5,,
2012-02-12,19.7,14.0,16.2,20.1,13.1,16.0,0.0,82,1020.2,80,3.0,8.1,,
2012-02-13,22.2,15.9,19.1,24.5,15.0,19.4,0.0,81,1017.6,86,1.9,6.5,,
2012-02-14,21.3,17.9,19.4,21.9,17.5,19.3,0.3,89,1014.9,90,0.0,8.9,,
2012-02-15,20.8,16.2,18.8,21.7,15.5,18.5,0.0,94,1013.0,89,0.0,10.7,,
2012-02-16,17.8,15.3,16.1,18.3,14.6,15.6,0.0,89,1016.4,88,0.0,8.8,,
2012-02-17,17.0,13.2,14.9,17.2,12.5,14.3,0.0,72,1020.2,85,1.0,7.8,,
2012-02-18,16.3,11.6,13.7,15.6,10.7,12.8,0.0,72,1022.6,77,2.4,10.6,,
2012-02-19,17.9,12.3,14.3,18.4,11.6,13.6,0.0,71,1022.1,59,7.4,11.1,,
2012-02-20,17.1,13.3,15.0,17.7,12.3,14.6,0.0,76,1018.5,81,0.1,9.8,,
2012-02-21,19.0,15.6,17.3,19.4,15.5,17.4,1.7,84,1014.1,88,0.2,10.5,,
2012-02-22,19.3,17.2,18.2,19.9,17.0,18.2,1.3,95,1010.8,89,0.1,12.8,,
2012-02-23,21.3,18.8,19.9,21.9,18.5,19.8,2.9,99,1008.9,91,0.0,6.2,,
2012-02-24,21.0,15.9,17.8,21.3,15.4,17.6,0.5,97,1010.0,84,0.0,15.5,,
2012-02-25,17.1,14.8,16.1,17.1,14.0,15.7,0.0,96,1011.6,88,0.0,11.4,,
2012-02-26,14.9,12.2,13.6,14.1,11.3,12.8,0.0,84,1016.3,94,0.0,9.8,,
2012-02-27,12.8,10.9,12.1,12.2,9.9,11.1,0.0,85,1016.4,88,0.0,9.0,,
2012-02-28,15.3,9.8,13.0,15.7,9.1,12.8,18.0,92,1013.2,88,0.1,7.3,,
2012-02-29,15.8,13.8,14.7,15.5,13.4,14.4,0.5,89,1014.2,89,0.0,16.5,,
2012-03-01,18.2,14.9,16.7,18.3,14.4,16.7,0.0,96,1014.1,94,0.0,10.8,,
2012-03-02,24.4,18.2,20.9,24.8,18.2,21.1,0.0,92,1012.5,77,7.1,8.2,,
2012-03-03,21.0,16.9,17.7,20.8,16.2,17.1,0.2,95,1013.8,91,0.0,15.1,,
2012-03-04,19.6,16.4,17.9,20.7,16.0,17.9,0.5,96,1012.8,89,0.4,14.1,,
2012-03-05,25.8,18.8,21.4,26.4,18.5,21.6,0.0,94,1009.0,88,1.8,7.5,,
2012-03-06,27.4,21.9,23.8,27.8,21.6,23.6,0.3,89,1008.5,86,1.2,6.1,,
2012-03-07,22.2,17.6,18.7,21.6,17.0,18.2,0.0,94,1009.0,88,0.0,17.9,,
2012-03-08,17.7,16.4,16.9,17.6,15.9,16.5,3.3,95,1010.7,90,0.0,16.9,,
2012-03-09,17.1,13.9,15.6,16.6,13.0,14.9,0.2,92,1014.3,98,0.0,7.9,,
2012-03-10,15.4,12.5,13.9,15.5,11.6,13.3,0.0,79,1017.7,96,0.0,7.5,,
2012-03-11,14.4,11.7,12.6,13.9,11.0,11.9,8.4,94,1020.0,95,0.0,7.5,,
2012-03-12,13.5,11.4,12.6,12.8,10.8,12.1,6.6,96,1021.7,96,0.0,5.7,,
2012-03-13,15.7,12.9,14.2,15.9,12.4,13.9,1.7,93,1021.0,99,0.0,3.5,,
2012-03-14,17.9,14.6,16.1,18.3,14.2,16.0,0.0,87,1018.5,88,0.4,11.0,,
2012-03-15,19.3,15.1,17.4,20.1,14.6,17.4,0.6,88,1016.5,88,0.1,13.8,,
2012-03-16,22.6,18.1,19.9,23.1,17.9,19.9,0.2,95,1013.5,83,4.3,8.2,,
2012-03-17,26.3,19.9,22.3,26.5,19.4,22.1,0.0,88,1012.5,58,5.9,2.8,,
2012-03-18,28.8,20.0,23.9,28.9,19.9,23.7,0.0,81,1012.9,35,8.3,3.4,,
2012-03-19,22.5,19.4,20.8,22.8,18.6,20.3,0.0,88,1014.1,63,3.8,10.5,,
2012-03-20,22.7,19.0,20.3,22.8,18.3,19.8,0.0,87,1014.1,83,3.4,12.5,,
2012-03-21,20.6,18.0,18.8,19.8,17.2,18.0,0.0,84,1015.7,86,2.5,15.9,,
2012-03-22,24.5,17.7,20.7,24.3,17.1,20.6,0.0,80,1014.2,83,5.6,12.2,,
2012-03-23,25.3,16.7,20.9,26.2,16.1,21.0,0.0,80,1014.3,87,1.3,6.5,,
2012-03-24,21.6,13.6,17.6,21.0,12.5,16.9,0.1,56,1019.2,52,9.8,11.1,,
2012-03-25,22.6,15.5,18.5,22.7,14.5,18.0,0.0,64,1020.1,16,9.5,9.0,,
2012-03-26,23.8,15.5,19.6,23.8,15.4,19.4,0.0,50,1020.6,24,9.9,12.2,,
2012-03-27,23.8,17.7,20.5,23.4,17.3,20.2,0.0,59,1021.1,28,10.3,11.7,,
2012-03-28,24.2,19.1,21.1,24.2,18.5,21.0,0.0,67,1019.9,49,9.3,11.6,,
2012-03-29,26.1,19.7,22.3,25.8,19.2,22.0,0.0,72,1017.7,66,8.3,11.9,,
2012-03-30,25.0,21.0,23.0,25.4,20.6,22.8,0.0,82,1015.5,87,1.5,8.2,,
2012-03-31,26.1,20.5,22.3,25.5,19.8,21.8,0.0,74,1018.5,83,1.8,10.1,,
2012-04-01,23.4,19.0,20.7,23.0,17.9,20.1,0.0,73,1019.2,82,5.1,11.4,,
2012-04-02,24.6,20.1,21.9,25.5,19.5,21.6,0.0,83,1015.9,85,2.6,9.6,,
2012-04-03,28.4,22.0,24.5,27.9,21.4,24.0,0.0,81,1016.9,80,6.1,3.5,,
2012-04-04,23.9,20.9,21.9,23.3,20.1,21.5,0.0,79,1016.6,86,2.5,13.2,,
2012-04-05,23.2,20.4,21.3,23.4,19.9,20.9,48.5,92,1013.7,94,0.0,7.7,,
2012-04-06,20.7,18.2,19.9,20.7,17.7,19.6,10.9,96,1015.3,95,0.0,11.1,,
2012-04-07,21.4,18.4,20.3,22.4,17.8,20.3,0.0,68,1017.1,91,0.2,13.8,,
2012-04-08,22.1,19.9,20.8,22.7,19.6,20.5,0.3,85,1015.7,89,0.2,12.4,,
2012-04-09,25.9,20.3,22.5,26.4,20.0,22.6,28.9,91,1014.3,83,4.5,7.9,,
2012-04-10,27.9,21.6,23.8,28.3,21.3,23.7,0.0,88,1013.8,70,7.9,7.2,,
2012-04-11,28.5,22.3,25.0,28.8,21.9,24.8,0.0,81,1011.3,54,9.8,4.8,,
2012-04-12,27.8,23.7,25.5,28.4,23.4,25.4,0.0,83,1010.0,66,5.3,5.5,,
2012-04-13,29.5,24.7,26.5,28.8,24.3,25.9,0.0,83,1010.8,81,1.5,6.0,,
2012-04-14,29.5,25.2,26.9,29.9,24.7,26.4,0.0,85,1011.2,74,2.6,5.9,,
2012-04-15,29.6,25.5,27.1,29.7,25.1,27.0,0.0,80,1009.6,65,5.6,7.7,,
2012-04-16,28.8,22.5,26.0,29.7,22.4,25.8,11.8,86,1008.5,85,2.0,8.5,,
2012-04-17,23.9,20.0,21.3,23.8,19.4,20.8,16.6,93,1009.6,93,0.0,15.1,,
2012-04-18,22.9,21.1,22.0,23.5,20.5,21.6,0.0,88,1009.4,88,0.5,14.9,,
2012-04-19,22.9,21.7,22.2,22.8,21.4,22.0,28.2,96,1009.6,80,0.0,11.1,,
2012-04-20,23.1,20.8,22.0,23.1,20.6,21.7,66.2,96,1008.7,82,0.1,6.8,,
2012-04-21,25.8,21.1,23.3,25.9,20.7,23.1,0.0,82,1008.8,77,2.6,5.2,,
2012-04-22,28.5,21.9,24.3,28.7,21.1,24.4,0.0,79,1009.9,50,11.0,8.1,,
2012-04-23,28.0,23.5,25.4,27.3,23.0,25.1,0.3,86,1008.7,85,0.4,13.2,,
2012-04-24,28.4,25.6,27.1,28.8,25.3,26.9,0.0,82,1006.6,85,2.2,14.3,,
2012-04-25,29.0,23.6,27.5,28.9,23.5,27.2,4.8,83,1006.7,88,0.8,11.7,,
2012-04-26,28.8,22.0,24.4,29.1,21.0,24.3,0.0,83,1009.9,72,6.0,10.6,,
2012-04-27,23.6,21.5,22.3,23.3,20.9,21.8,34.5,92,1009.5,88,0.2,13.7,,
2012-04-28,25.9,21.3,23.5,25.9,21.0,23.5,22.2,95,1008.9,88,1.8,13.5,,
2012-04-29,30.2,23.9,27.2,29.9,23.6,27.0,21.2,89,1007.3,81,2.1,9.8,,
2012-04-30,30.1,26.6,28.5,30.6,26.5,28.2,0.5,82,1005.8,77,4.5,14.2,,
2012-05-01,30.5,27.8,28.7,30.8,27.6,28.5,0.0,83,1006.3,86,2.5,13.4,,
2012-05-02,31.9,27.8,29.2,31.7,27.2,29.0,0.4,81,1006.6,74,8.2,11.0,,
2012-05-03,30.8,28.0,29.0,30.5,27.5,28.7,0.0,82,1005.5,86,2.4,9.7,,
2012-05-04,31.2,24.4,28.0,31.7,24.1,27.9,35.7,89,1006.1,84,3.0,7.0,,
2012-05-05,26.2,24.1,24.9,26.1,23.8,24.6,3.4,93,1009.4,86,0.6,10.6,,
2012-05-06,28.2,24.4,25.9,29.0,23.8,25.8,0.0,84,1010.5,79,6.5,10.6,,
2012-05-07,28.9,24.6,26.5,30.2,24.1,26.6,0.0,83,1010.0,61,9.2,8.8,,
2012-05-08,31.9,26.1,28.6,31.5,25.6,28.2,0.0,78,1008.8,59,9.7,8.0,,
2012-05-09,32.5,27.0,29.2,32.4,26.4,29.0,0.0,79,1008.9,33,11.3,9.0,,
2012-05-10,32.5,26.9,29.1,32.0,26.2,28.9,6.1,81,1008.8,57,10.1,8.8,,
2012-05-11,27.9,24.7,26.0,27.9,24.1,25.5,1.4,91,1008.4,88,0.6,12.9,,
2012-05-12,28.7,24.5,26.4,28.8,23.9,26.1,0.1,88,1007.0,80,5.2,12.3,,
2012-05-13,29.6,26.0,27.9,30.6,25.8,27.7,4.6,82,1005.3,76,3.4,6.0,,
2012-05-14,32.2,25.7,28.8,31.9,25.9,28.7,1.9,82,1006.9,67,6.5,5.8,,
2012-05-15,30.3,26.4,28.0,30.5,26.3,27.9,22.1,89,1007.6,71,4.8,7.0,,
2012-05-16,29.2,25.7,26.6,29.4,25.4,26.7,14.4,93,1006.1,81,3.1,7.5,,
2012-05-17,28.9,25.5,27.0,29.6,25.3,27.2,2.0,90,1006.5,83,1.5,7.8,,
2012-05-18,27.2,24.8,25.4,27.0,24.5,25.2,83.8,98,1008.1,89,0.0,8.3,,
2012-05-19,30.0,24.5,26.5,30.8,24.3,26.7,7.4,92,1007.1,79,4.8,6.4,,
2012-05-20,30.7,25.1,27.0,31.5,24.9,27.0,49.6,91,1005.6,78,5.3,5.6,,
2012-05-21,28.1,24.9,25.9,27.6,24.5,25.8,0.0,81,1007.6,87,4.2,15.8,,
2012-05-22,27.6,24.3,25.6,27.1,23.7,25.2,0.0,74,1008.5,66,9.4,17.3,,
2012-05-23,28.5,24.5,25.7,27.6,23.8,25.3,0.0,78,1007.6,72,5.4,15.7,,
2012-05-24,27.5,25.1,26.1,27.9,24.6,25.9,0.0,83,1006.7,90,0.8,11.8,,
2012-05-25,30.9,26.1,27.9,30.8,25.8,27.7,0.0,83,1006.3,78,5.0,11.9,,
2012-05-26,28.2,25.8,26.9,28.4,25.5,26.7,28.4,90,1006.6,88,2.5,11.4,,
2012-05-27,29.5,25.7,26.9,29.9,25.5,26.7,5.8,90,1007.4,90,2.2,11.7,,
2012-05-28,26.2,25.0,25.5,26.3,24.5,25.3,10.5,95,1008.6,88,0.0,11.7,,
2012-05-29,26.2,24.9,25.5,26.3,24.3,25.3,0.1,87,1009.8,88,0.1,13.7,,
2012-05-30,29.5,25.3,26.7,30.1,25.0,26.6,0.0,85,1007.8,83,4.8,9.0,,
2012-05-31,29.4,25.7,27.0,29.9,25.1,26.9,0.0,83,1007.8,83,3.0,10.2,,
2012-06-01,28.3,24.9,26.1,28.2,24.4,25.9,0.0,75,1008.0,74,8.1,15.5,,
2012-06-02,30.2,24.8,26.6,29.7,24.3,26.3,8.6,82,1006.3,83,5.3,9.7,,
2012-06-03,28.4,24.9,26.0,28.2,24.5,25.7,0.0,88,1005.3,86,1.6,10.5,,
2012-06-04,29.7,25.8,27.0,29.4,25.4,26.8,0.0,82,1004.8,70,6.7,10.3,,
2012-06-05,31.6,25.8,28.2,31.6,25.1,28.0,0.0,79,1004.2,52,11.5,5.5,,
2012-06-06,31.2,26.5,28.3,31.4,26.0,28.2,0.0,82,1004.0,58,11.2,9.5,,
2012-06-07,31.2,26.8,28.5,32.1,26.5,28.3,0.0,82,1004.2,63,10.3,10.3,,
2012-06-08,32.9,27.7,29.5,32.2,27.2,29.3,0.0,81,1004.5,76,5.5,7.0,,
2012-06-09,31.9,26.7,29.1,31.5,26.2,28.9,1.5,82,1003.5,85,5.6,7.8,,
2012-06-10,30.4,25.9,29.0,30.2,26.0,28.6,26.8,87,1001.1,88,0.7,10.3,,
2012-06-11,30.4,28.1,29.4,30.0,27.9,29.0,0.2,84,999.4,86,0.8,10.9,,
2012-06-12,31.7,26.6,28.9,31.8,26.4,28.8,2.8,83,999.7,87,3.7,8.6,,
2012-06-13,28.1,25.0,26.3,28.9,24.7,26.1,22.5,93,1001.0,87,0.2,6.3,,
2012-06-14,30.3,25.2,27.4,30.7,24.8,27.5,0.0,80,1001.2,77,7.2,8.5,,
2012-06-15,29.8,26.9,28.0,29.9,26.5,27.8,0.0,83,1000.5,86,3.4,11.3,,
2012-06-16,27.9,24.7,26.1,27.5,24.3,25.9,60.3,93,1000.3,88,0.0,11.0,,
2012-06-17,28.2,25.5,26.7,29.3,25.3,27.0,24.6,93,1001.3,87,1.8,14.3,,
2012-06-18,30.0,25.5,27.3,29.5,25.1,27.1,17.7,91,998.6,87,2.8,13.2,,
2012-06-19,32.1,26.1,28.2,31.3,25.7,28.3,1.4,85,995.0,83,4.0,9.8,,
2012-06-20,33.0,28.0,29.9,33.5,27.9,29.9,0.0,77,997.8,76,6.6,7.6,,
2012-06-21,29.6,26.1,28.3,29.1,26.1,27.9,31.2,89,1003.1,86,0.4,6.6,,
2012-06-22,30.5,26.4,28.5,29.7,25.8,28.0,16.0,83,1004.2,86,0.7,11.7,,
2012-06-23,30.3,28.1,28.8,30.6,27.4,28.5,0.0,79,1003.5,88,2.5,15.1,,
2012-06-24,30.4,27.4,28.8,30.2,27.1,28.3,4.9,81,1003.7,85,1.4,13.5,,
2012-06-25,30.7,28.0,28.9,30.1,27.5,28.4,0.2,79,1003.7,86,2.0,13.0,,
2012-06-26,30.0,28.1,28.8,29.7,27.6,28.4,0.8,81,1003.6,78,2.2,11.0,,
2012-06-27,31.5,28.0,29.4,31.7,27.4,28.9,0.0,79,1005.1,74,4.0,9.8,,
2012-06-28,32.8,27.6,29.4,32.2,26.8,29.1,0.0,79,1005.0,46,7.8,7.8,,
2012-06-29,33.3,26.5,29.4,33.5,25.8,29.4,3.9,79,1000.4,65,5.6,14.0,,
2012-06-30,29.9,25.7,26.6,28.6,25.2,26.3,38.1,92,1004.6,73,2.4,13.3,,
2012-07-01,31.0,25.7,27.8,30.3,25.5,27.8,4.3,86,1008.5,63,5.9,13.0,,
2012-07-02,31.4,26.6,28.3,30.6,26.7,28.1,0.0,83,1007.9,58,6.3,12.3,,
2012-07-03,33.2,26.8,29.1,32.0,26.3,28.8,0.0,79,1005.3,38,10.4,8.3,,
2012-07-04,33.8,27.2,29.6,31.8,26.6,29.0,0.0,78,1004.8,39,11.2,10.5,,
2012-07-05,28.8,26.0,27.8,29.2,24.7,27.4,22.0,92,1005.0,84,0.3,9.7,,
2012-07-06,31.5,26.6,28.5,31.2,25.9,28.0,0.8,84,1006.1,74,5.7,9.5,,
2012-07-07,32.6,26.9,29.1,31.7,26.1,28.6,2.7,81,1005.9,63,7.9,9.0,,
2012-07-08,32.3,27.8,29.3,32.3,27.2,28.9,0.4,78,1006.7,70,7.3,8.1,,
2012-07-09,32.9,27.8,29.8,32.3,27.2,29.4,0.0,76,1007.8,68,10.1,8.6,,
2012-07-10,32.3,28.4,29.9,32.4,27.6,29.6,0.0,74,1007.2,58,10.8,9.7,,
2012-07-11,32.6,28.6,30.0,32.3,28.1,29.7,0.0,75,1006.8,76,9.6,8.7,,
2012-07-12,32.6,27.8,30.0,32.3,27.3,29.6,1.3,73,1006.9,55,10.3,8.5,,
2012-07-13,31.7,27.1,29.2,31.8,26.8,29.0,9.0,79,1006.0,69,6.7,9.7,,
2012-07-14,32.3,26.8,29.6,32.3,27.1,29.6,7.0,80,1004.7,75,7.0,9.5,,
2012-07-15,33.0,28.7,30.2,32.9,28.5,30.0,2.1,77,1005.6,78,8.5,8.9,,
2012-07-16,31.9,27.5,29.8,32.2,27.1,29.6,18.4,80,1006.1,85,4.0,8.7,,
2012-07-17,32.1,28.7,30.0,32.1,28.3,29.6,1.0,78,1006.0,83,4.0,9.7,,
2012-07-18,32.4,25.4,29.1,32.1,24.6,28.7,34.3,84,1006.6,79,5.4,6.6,,
2012-07-19,33.6,27.6,30.2,32.7,27.5,29.8,0.0,75,1006.8,62,10.6,7.3,,
2012-07-20,33.0,28.4,30.3,32.9,27.8,30.0,4.2,75,1005.4,74,6.6,6.1,,
2012-07-21,33.7,26.8,30.1,34.3,25.7,30.1,2.2,76,1002.2,78,8.3,8.0,,
2012-07-22,32.4,26.5,28.9,32.0,26.1,28.5,1.0,79,998.7,83,3.5,13.0,,
2012-07-23,27.9,25.3,26.4,28.0,24.6,26.1,112.0,90,992.2,85,0.5,22.7,,
2012-07-24,29.2,25.6,26.9,28.8,25.0,26.4,99.5,91,996.5,88,0.3,22.9,,
2012-07-25,28.3,24.4,25.7,27.9,23.8,25.2,82.3,95,1005.4,91,0.2,10.7,,
2012-07-26,26.2,25.0,25.5,26.2,24.6,25.0,28.1,97,1006.6,85,0.0,8.8,,
2012-07-27,27.0,25.1,25.8,27.1,24.5,25.6,25.7,96,1005.0,88,0.1,7.8,,
2012-07-28,32.1,25.6,27.7,30.7,25.0,27.4,0.0,86,1005.2,72,5.8,2.4,,
2012-07-29,33.4,26.4,28.9,32.2,25.7,28.7,0.0,78,1004.4,48,10.2,2.0,,
2012-07-30,32.9,26.8,29.4,32.8,26.1,29.0,0.0,74,1001.2,38,11.5,4.5,,
2012-07-31,32.5,26.3,29.2,32.5,25.7,29.0,9.5,78,999.1,66,8.6,4.9,,
2012-08-01,33.6,27.4,30.6,34.1,27.1,30.5,0.2,73,997.2,81,7.4,7.5,,
2012-08-02,34.1,29.3,31.8,34.5,28.9,31.7,0.0,66,997.1,55,10.7,6.8,,
2012-08-03,33.0,29.6,31.0,33.4,29.3,30.7,0.0,68,998.4,78,3.4,5.0,,
2012-08-04,30.5,29.3,29.8,30.2,28.7,29.2,0.4,80,998.7,79,0.0,6.8,,
2012-08-05,31.3,28.1,29.5,31.4,27.7,29.1,6.8,83,1000.6,86,1.0,6.8,,
2012-08-06,32.5,25.3,29.0,31.8,24.5,28.7,2.8,84,1002.2,74,6.9,8.4,,
2012-08-07,32.9,27.4,30.0,32.9,27.1,29.7,0.0,78,1000.9,55,8.9,6.1,,
2012-08-08,33.4,28.6,30.5,33.5,28.2,30.3,0.0,77,999.9,65,9.7,9.0,,
2012-08-09,34.3,28.5,30.5,33.6,27.9,30.0,0.0,74,1000.9,36,10.5,9.6,,
2012-08-10,32.0,27.0,29.6,31.7,26.7,29.1,7.7,77,1003.0,72,4.0,7.9,,
2012-08-11,29.5,25.5,27.6,28.8,25.2,27.1,64.7,86,1004.2,84,1.0,4.3,,
2012-08-12,29.6,25.1,27.7,29.6,24.8,27.4,12.4,87,1003.3,87,1.3,3.2,,
2012-08-13,30.1,26.4,27.8,30.2,26.2,27.6,9.5,88,1003.3,86,1.5,2.5,,
2012-08-14,31.9,26.7,28.4,31.2,26.0,28.1,1.9,85,1004.8,54,7.9,2.4,,
2012-08-15,33.7,27.2,30.0,32.9,26.8,29.7,0.0,77,1003.9,43,8.3,4.2,,
2012-08-16,32.6,25.8,28.6,31.8,25.0,28.6,15.4,84,1001.5,86,4.9,13.0,,
2012-08-17,29.7,26.8,28.2,29.5,26.5,27.8,0.0,85,1004.7,88,1.2,18.5,,
2012-08-18,32.6,28.0,29.4,32.6,27.3,28.9,0.1,81,1008.6,88,4.4,7.9,,
2012-08-19,32.0,27.6,29.2,31.8,26.9,28.7,0.0,78,1008.1,67,8.4,5.8,,
2012-08-20,32.9,27.5,29.5,32.2,27.0,29.0,0.0,76,1006.3,51,10.3,8.5,,
2012-08-21,31.6,27.8,29.1,31.1,27.3,28.7,0.0,79,1006.4,63,5.9,7.8,,
2012-08-22,28.9,26.6,28.0,28.7,26.5,27.7,5.1,81,1006.3,80,0.3,6.8,,
2012-08-23,31.8,26.6,28.9,31.7,26.0,28.6,0.0,75,1006.0,53,9.4,6.0,,
2012-08-24,32.8,27.3,29.9,32.8,27.2,30.0,0.0,70,1005.0,59,10.0,8.9,,
2012-08-25,33.4,27.8,30.1,33.1,27.3,30.0,0.0,64,1003.6,84,4.4,8.0,,
2012-08-26,32.8,28.9,30.5,31.9,28.8,30.2,0.0,60,1001.3,87,2.2,12.4,,
2012-08-27,33.4,28.6,30.8,33.5,28.7,30.6,0.0,59,1001.4,76,9.7,,,
2012-08-28,34.5,28.9,31.0,34.2,28.4,30.4,0.0,74,1004.3,50,10.0,7.5,,
2012-08-29,31.8,26.7,29.4,32.1,26.4,29.2,2.4,76,1007.2,74,7.1,7.6,,
2012-08-30,33.3,28.6,30.1,32.3,28.0,29.5,0.0,77,1007.2,77,6.1,7.2,,
2012-08-31,30.9,26.0,28.5,30.7,24.8,28.2,20.4,85,1007.6,80,6.4,3.0,,
2012-09-01,31.4,26.4,27.5,30.6,25.9,27.5,11.1,90,1007.9,78,4.9,8.5,,
2012-09-02,32.0,25.8,28.4,31.4,25.4,28.2,6.7,82,1008.3,57,9.2,5.8,,
2012-09-03,32.8,27.4,29.4,31.6,26.7,28.6,0.0,76,1008.4,68,8.6,4.7,,
2012-09-04,31.9,25.7,27.9,30.1,24.8,27.2,7.6,85,1010.3,79,4.3,7.3,,
2012-09-05,31.6,25.5,28.2,30.8,24.7,27.8,0.5,82,1012.6,65,6.3,4.3,,
2012-09-06,32.2,26.7,29.0,31.6,26.6,28.8,2.3,82,1013.1,84,5.9,7.8,,
2012-09-07,30.4,27.5,28.6,30.7,27.0,28.3,4.7,86,1013.3,76,2.3,,,
2012-09-08,31.2,27.2,28.8,31.5,26.4,28.4,8.0,81,1012.1,60,5.7,,,
2012-09-09,32.7,27.7,29.5,32.1,27.0,29.0,0.0,78,1010.9,44,10.4,,,
2012-09-10,31.8,27.7,29.3,31.5,26.8,28.6,0.0,77,1010.3,59,5.0,6.2,,
2012-09-11,33.6,27.8,29.9,32.4,27.1,29.2,0.0,75,1009.9,54,10.8,9.7,,
2012-09-12,33.2,27.9,29.8,32.2,27.0,29.1,0.0,77,1009.1,53,10.1,9.5,,
2012-09-13,32.8,27.2,29.0,31.9,26.5,28.5,0.7,75,1008.5,60,7.1,,,
2012-09-14,30.5,24.8,26.9,29.6,24.2,26.2,0.0,65,1009.3,61,7.0,11.2,,
2012-09-15,28.9,24.2,26.5,28.8,23.4,26.0,0.0,65,1010.3,85,2.1,5.5,,
2012-09-16,29.5,24.3,27.0,29.8,23.5,26.8,0.0,63,1010.8,23,11.1,,,
2012-09-17,30.8,23.6,27.0,30.8,23.2,26.5,0.0,54,1011.3,4,11.3,,,
2012-09-18,30.4,25.3,27.4,30.2,24.9,26.9,0.0,59,1010.1,68,5.0,,,
2012-09-19,27.7,26.0,26.9,27.3,25.3,26.2,0.0,73,1011.0,85,0.0,,,
2012-09-20,29.4,25.5,27.2,28.9,25.0,26.9,1.8,80,1011.6,88,2.2,11.8,,
2012-09-21,29.4,26.3,27.7,29.7,26.0,27.2,1.2,81,1010.7,88,3.7,11.9,,
2012-09-22,30.5,26.0,28.0,30.8,25.4,27.3,23.0,88,1009.1,79,7.4,8.7,,
2012-09-23,30.5,27.0,28.5,31.4,26.3,28.1,0.9,84,1007.3,72,3.6,3.8,,
2012-09-24,32.0,24.8,27.7,32.0,24.1,27.3,121.5,88,1007.4,82,3.6,2.7,,
2012-09-25,29.4,24.9,26.8,29.0,24.1,26.6,22.6,84,1009.9,88,4.0,,,
2012-09-26,29.4,25.5,27.0,29.4,25.4,26.8,0.4,81,1010.7,86,2.0,,,
2012-09-27,31.8,25.2,28.2,31.5,25.2,27.9,0.0,64,1009.6,45,10.8,6.6,,
2012-09-28,31.4,26.1,28.2,30.9,26.2,28.2,0.0,58,1009.3,58,9.7,15.9,,
2012-09-29,31.2,24.9,27.5,30.8,24.4,27.2,0.0,60,1011.3,23,9.1,9.0,,
2012-09-30,27.7,24.3,26.0,27.6,23.9,25.6,0.0,65,1013.4,64,4.2,8.3,,
2012-10-01,27.2,24.9,26.0,27.2,24.3,25.5,0.0,73,1013.8,86,1.0,11.2,,
2012-10-02,29.3,24.3,26.2,28.6,23.7,25.6,0.0,72,1013.3,64,9.3,10.4,,
2012-10-03,29.5,24.2,26.1,28.7,23.3,25.3,0.0,74,1010.8,44,9.3,9.3,,
2012-10-04,29.3,24.0,26.0,28.8,23.1,25.3,0.0,76,1010.4,51,8.7,9.6,,
2012-10-05,30.0,24.9,26.6,29.6,24.2,25.9,0.1,69,1013.4,41,9.5,12.2,,
2012-10-06,30.1,24.9,26.9,29.6,24.1,26.2,0.0,73,1015.3,54,8.1,11.6,,
2012-10-07,29.4,25.1,26.6,29.2,24.6,26.1,0.0,69,1015.6,63,8.8,12.1,,
2012-10-08,29.0,25.2,26.5,29.5,24.4,25.9,0.0,72,1014.1,78,6.0,10.9,,
2012-10-09,29.2,24.2,26.2,29.0,23.6,25.8,0.0,73,1013.0,60,7.6,5.4,,
2012-10-10,29.6,24.0,26.3,29.2,23.9,26.0,0.0,63,1012.8,23,10.2,8.2,,
2012-10-11,29.0,23.3,25.8,28.4,23.3,25.2,0.0,64,1012.9,55,10.0,8.4,,
2012-10-12,28.2,23.6,25.3,28.1,22.7,24.7,0.0,71,1012.9,44,8.5,7.0,,
2012-10-13,27.8,23.1,25.3,27.7,22.1,24.7,0.0,74,1012.5,67,5.5,5.2,,
2012-10-14,28.5,23.8,25.7,29.1,23.3,25.4,0.0,77,1013.6,71,5.5,5.3,,
2012-10-15,29.1,24.9,26.3,29.0,24.3,25.7,0.0,74,1015.1,58,7.1,9.6,,
2012-10-16,28.9,24.9,26.2,28.6,24.2,25.7,0.0,74,1014.7,61,4.0,7.5,,
2012-10-17,29.5,24.4,26.5,29.1,23.8,26.1,0.0,69,1014.1,51,6.1,9.8,,
2012-10-18,26.4,23.2,24.6,25.7,22.7,23.8,0.0,69,1016.4,84,0.6,12.2,,
2012-10-19,26.7,23.4,24.6,26.1,22.6,23.9,0.0,73,1017.5,66,7.0,14.3,,
2012-10-20,27.5,23.5,24.9,27.0,22.6,24.2,0.0,75,1017.3,53,9.3,11.3,,
2012-10-21,28.7,22.4,25.0,28.1,21.5,24.3,0.0,72,1017.4,32,8.4,8.7,,
2012-10-22,29.8,22.9,25.7,29.7,21.8,25.1,0.0,73,1015.9,20,9.7,5.1,,
2012-10-23,30.7,23.7,26.3,30.7,22.6,25.7,0.0,73,1014.6,33,10.0,8.1,,
2012-10-24,28.7,24.0,25.6,28.1,23.2,24.8,0.0,74,1015.0,50,9.2,12.3,,
2012-10-25,28.8,24.2,25.8,28.6,23.2,25.1,0.0,75,1014.7,44,9.3,11.7,,
2012-10-26,26.7,23.8,25.1,26.7,22.8,24.5,0.7,77,1014.1,85,1.2,10.3,,
2012-10-27,27.8,24.0,26.1,28.5,23.4,25.8,0.8,78,1014.7,82,0.8,11.9,,
2012-10-28,28.3,24.9,26.2,28.4,24.1,25.8,0.0,77,1015.9,79,6.2,14.2,,
2012-10-29,25.7,24.6,25.3,25.3,24.0,24.7,0.4,81,1014.2,88,0.0,15.8,,
2012-10-30,24.8,19.9,23.2,24.5,19.7,22.9,33.3,95,1012.5,90,0.0,10.6,,
2012-10-31,22.8,17.7,19.8,22.9,17.4,19.9,11.1,79,1015.9,67,2.9,12.4,,
2012-11-01,24.5,18.1,21.1,24.8,17.6,21.0,0.0,62,1016.9,44,9.7,8.1,,
2012-11-02,25.6,20.2,22.6,26.5,19.8,22.4,0.0,72,1015.8,58,9.3,8.8,,
2012-11-03,25.6,22.3,23.6,26.4,21.5,23.2,0.0,77,1015.3,60,8.3,11.5,,
2012-11-04,27.8,21.8,24.2,28.1,21.3,24.1,0.0,66,1014.6,49,9.5,6.8,,
2012-11-05,26.7,22.4,24.1,27.2,21.7,23.8,0.0,70,1015.5,51,8.5,8.6,,
2012-11-06,26.5,21.7,23.7,27.3,21.5,23.5,0.0,67,1016.7,40,9.9,10.3,,
2012-11-07,24.3,22.5,23.2,24.4,21.8,22.7,0.0,76,1015.6,80,4.4,14.7,,
2012-11-08,25.1,22.7,23.7,25.7,22.1,23.3,1.9,84,1013.3,83,2.5,12.7,,
2012-11-09,26.7,23.6,24.9,27.1,23.4,24.7,0.0,88,1012.8,65,2.4,11.5,,
2012-11-10,27.7,24.3,25.5,28.8,23.6,25.5,0.0,88,1013.2,54,5.4,6.4,,
2012-11-11,25.2,20.8,22.5,24.7,20.0,21.9,0.3,71,1016.9,84,4.0,9.2,,
2012-11-12,23.9,20.7,22.2,24.0,19.9,21.7,0.0,74,1018.1,84,1.7,6.6,,
2012-11-13,25.8,20.7,23.1,26.9,20.1,22.9,0.0,76,1016.3,40,9.3,4.8,,
2012-11-14,25.6,22.2,23.4,26.1,21.3,23.0,0.0,77,1015.9,77,5.9,9.7,,
2012-11-15,23.5,22.5,23.1,23.1,21.9,22.5,0.0,80,1017.5,85,0.2,16.1,,
2012-11-16,24.0,22.4,23.1,23.8,21.9,22.7,0.0,81,1017.0,88,0.0,13.0,,
2012-11-17,23.7,18.6,20.4,23.4,18.0,20.0,3.0,79,1016.2,89,0.3,8.2,,
2012-11-18,21.2,18.8,20.1,21.1,17.8,19.4,0.1,85,1016.7,88,0.1,7.4,,
2012-11-19,23.6,20.7,22.0,24.4,20.1,21.6,0.0,77,1016.8,63,5.6,10.3,,
2012-11-20,23.0,21.2,22.1,22.7,20.3,21.5,0.3,80,1016.2,88,0.1,13.5,,
2012-11-21,23.5,21.8,22.6,23.1,21.1,22.0,3.0,93,1013.1,90,0.0,11.7,,
2012-11-22,27.2,22.6,25.1,28.1,22.0,24.9,0.4,88,1011.1,79,3.0,5.9,,
2012-11-23,26.4,19.4,22.4,25.9,18.7,22.0,17.7,83,1013.5,86,0.2,9.6,,
2012-11-24,20.7,17.6,19.5,20.2,16.5,18.7,0.0,82,1017.4,91,0.3,11.2,,
2012-11-25,22.2,20.0,21.1,22.9,19.2,20.7,11.5,97,1015.5,96,0.0,9.6,,
2012-11-26,23.3,16.0,19.3,24.1,14.8,18.8,0.6,89,1015.8,82,0.7,7.3,,
2012-11-27,18.3,14.6,16.5,17.8,13.6,15.8,19.5,95,1017.7,91,0.0,8.9,,
2012-11-28,20.5,17.6,19.3,20.1,17.1,18.9,1.1,94,1014.8,94,0.0,9.8,,
2012-11-29,21.3,19.5,20.3,21.6,19.3,20.0,2.6,94,1014.5,98,0.0,5.6,,
2012-11-30,22.3,20.2,20.9,21.4,19.7,20.3,1.9,95,1013.3,100,0.1,10.8,,
2012-12-01,21.4,20.1,20.8,21.7,19.6,20.4,0.3,92,1015.0,97,0.0,12.0,,
2012-12-02,20.9,16.8,18.1,20.3,16.4,17.8,3.2,87,1015.6,90,0.1,4.6,,
2012-12-03,18.3,16.6,17.1,17.6,15.9,16.6,10.9,91,1017.3,90,0.0,4.0,,
2012-12-04,17.9,16.5,17.3,17.4,15.7,16.7,8.7,88,1016.3,88,0.0,8.7,,
2012-12-05,17.8,14.9,16.2,17.5,14.7,15.9,6.5,86,1017.6,89,0.0,9.5,,
2012-12-06,18.3,14.6,16.9,18.0,14.1,16.7,0.0,72,1018.2,74,1.5,9.9,,
2012-12-07,20.3,16.2,18.4,20.6,15.5,18.1,0.0,78,1017.8,80,2.3,6.2,,
2012-12-08,19.8,17.0,18.8,20.2,16.5,18.5,0.9,79,1016.3,86,1.0,6.7,,
2012-12-09,21.1,17.3,19.0,21.9,16.6,18.9,0.0,77,1016.1,47,8.9,9.1,,
2012-12-10,19.5,17.6,18.3,20.2,16.9,17.9,0.0,74,1016.8,71,3.8,13.0,,
2012-12-11,20.9,17.4,18.7,21.6,16.5,18.1,0.0,75,1018.2,73,3.6,8.5,,
2012-12-12,19.9,16.6,17.9,20.2,15.7,17.5,0.0,74,1020.7,69,7.7,10.2,,
2012-12-13,20.6,16.7,18.9,21.5,16.2,18.8,0.0,77,1020.0,49,8.6,12.2,,
2012-12-14,23.1,19.0,21.0,24.5,18.4,21.0,0.0,81,1018.6,69,4.1,7.6,,
2012-12-15,24.2,20.6,22.3,25.9,20.1,22.3,0.0,88,1015.4,73,3.6,4.9,,
2012-12-16,26.2,22.1,23.5,26.9,21.6,23.4,0.0,87,1015.2,70,7.1,3.5,,
2012-12-17,22.8,20.7,21.7,22.5,19.9,21.1,0.0,85,1016.5,84,1.0,12.5,,
2012-12-18,20.8,13.7,17.1,20.1,12.6,16.3,2.3,79,1020.3,79,0.0,11.4,,
2012-12-19,17.3,13.0,15.1,16.6,12.1,14.2,1.1,79,1020.0,88,0.0,11.8,,
2012-12-20,19.1,16.1,17.8,18.5,15.5,17.3,0.0,86,1017.4,88,0.0,15.2,,
2012-12-21,22.8,18.9,20.7,23.7,18.4,20.6,0.0,89,1016.2,76,1.9,7.4,,
2012-12-22,21.2,14.6,18.4,21.5,13.6,18.0,0.0,74,1019.0,64,8.8,9.4,,
2012-12-23,16.0,10.3,13.3,16.5,9.1,12.5,0.0,54,1025.0,40,7.6,14.2,,
2012-12-24,15.4,10.1,13.3,16.2,9.0,12.7,0.0,68,1023.6,47,7.6,8.5,,
2012-12-25,18.7,14.8,17.0,18.9,14.2,16.8,0.0,73,1020.3,88,0.0,2.8,,
2012-12-26,20.2,17.5,18.7,20.6,17.1,18.5,0.0,75,1018.8,88,1.3,10.0,,
2012-12-27,19.3,18.0,18.6,18.9,17.4,18.2,0.0,79,1017.0,83,0.1,7.0,,
2012-12-28,22.0,18.0,19.7,23.8,17.6,19.8,0.0,75,1015.9,64,8.3,6.5,,
2012-12-29,19.7,12.6,18.0,19.4,11.6,17.6,22.1,84,1016.3,90,0.5,12.4,,
2012-12-30,12.6,9.0,10.4,11.7,8.1,9.6,0.0,57,1022.0,85,2.3,14.7,,
2012-12-31,13.2,7.1,10.2,14.2,6.1,9.9,0.0,47,1022.6,28,9.3,8.9,,
2013-01-01,17.4,10.8,13.9,18.7,9.9,13.8,0.0,54,1020.6,67,5.7,4.3,,
2013-01-02,19.3,14.9,16.8,21.3,14.4,16.8,0.0,64,1019.4,57,4.7,7.0,,
2013-01-03,19.1,14.5,16.8,19.8,13.3,16.4,0.0,72,1022.9,84,4.0,7.3,,
2013-01-04,14.6,11.3,12.9,14.0,10.3,12.0,0.0,72,1021.0,88,0.0,6.3,,
2013-01-05,17.0,11.9,14.3,18.7,11.1,14.2,0.0,72,1018.5,58,7.9,3.1,,
2013-01-06,17.1,13.9,15.1,18.2,12.8,14.9,0.0,71,1019.1,36,8.1,4.4,,
2013-01-07,17.5,12.7,15.2,19.3,11.9,15.2,0.0,71,1018.3,44,7.5,5.1,,
2013-01-08,20.3,16.0,17.5,21.6,15.4,17.4,0.0,65,1017.5,67,6.9,3.0,,
2013-01-09,18.3,14.6,16.2,19.0,13.9,15.9,0.0,63,1019.5,57,6.4,7.6,,
2013-01-10,16.3,13.1,14.7,16.1,12.1,14.0,0.0,65,1021.0,83,1.4,7.4,,
2013-01-11,18.8,14.6,16.3,19.3,13.8,16.0,0.0,73,1020.7,43,8.4,6.4,,
2013-01-12,18.7,14.1,16.4,19.0,13.5,16.1,0.0,69,1018.7,72,2.1,3.7,,
2013-01-13,19.2,14.1,16.8,20.1,13.5,16.7,0.0,69,1015.5,24,9.4,6.0,,
2013-01-14,18.7,12.8,15.7,19.4,12.1,15.5,0.0,66,1019.1,9,9.8,6.6,,
2013-01-15,17.1,14.1,15.9,16.9,13.1,15.3,0.0,74,1021.3,77,0.6,8.2,,
2013-01-16,21.4,14.9,17.4,22.6,13.5,17.2,0.0,71,1021.2,4,9.6,6.1,,
2013-01-17,19.6,15.2,16.9,20.6,14.3,16.7,0.0,67,1024.4,26,9.5,11.0,,
2013-01-18,16.6,13.3,14.6,16.6,12.5,13.9,0.0,69,1026.8,70,4.1,9.6,,
2013-01-19,17.4,12.9,15.0,18.1,11.6,14.5,0.0,70,1023.4,60,8.0,9.7,,
2013-01-20,19.1,15.8,17.8,19.1,15.2,17.6,0.0,75,1020.6,85,0.0,9.2,,
2013-01-21,22.8,18.9,20.4,23.9,18.7,20.4,0.0,76,1019.6,78,3.9,9.0,,
2013-01-22,25.6,18.9,21.4,25.6,18.4,21.1,0.0,78,1019.1,59,7.9,4.3,,
2013-01-23,20.0,16.8,18.1,20.9,16.0,17.6,0.0,86,1019.3,81,2.3,8.0,,
2013-01-24,21.5,16.6,18.9,21.8,15.5,18.6,0.0,78,1018.4,44,7.5,5.5,,
2013-01-25,20.8,15.9,18.1,21.7,15.3,17.7,0.0,74,1019.2,40,7.7,7.2,,
2013-01-26,19.8,16.3,17.7,20.6,15.5,17.2,2.8,80,1018.9,74,7.1,9.3,,
2013-01-27,17.7,15.5,16.4,17.5,15.1,15.9,0.6,85,1022.0,86,0.1,6.5,,
2013-01-28,18.6,14.2,16.2,19.0,13.7,15.8,0.0,66,1022.4,49,8.2,12.3,,
2013-01-29,21.2,16.0,17.8,22.4,15.2,17.5,0.0,68,1021.9,56,6.9,10.5,,
2013-01-30,20.4,16.6,18.1,21.2,15.8,17.7,0.0,74,1022.6,56,9.4,9.7,,
2013-01-31,20.9,16.9,18.6,21.4,16.5,18.3,0.0,66,1021.7,55,8.9,12.3,,
2013-02-01,24.9,17.4,20.7,26.6,16.7,20.5,0.0,73,1020.1,32,8.5,3.2,,
2013-02-02,26.0,18.9,21.1,27.2,18.2,20.8,0.0,74,1019.8,63,6.4,8.3,,
2013-02-03,19.7,18.2,18.9,19.8,17.4,18.4,0.0,82,1018.9,85,0.2,14.9,,
2013-02-04,23.3,19.1,21.2,23.5,18.7,20.9,0.0,85,1018.5,88,0.3,4.3,,
2013-02-05,25.2,20.3,22.1,26.4,19.7,22.0,0.0,88,1017.5,82,4.8,7.1,,
2013-02-06,24.6,19.3,21.3,25.1,18.3,21.0,0.0,87,1015.9,81,4.2,7.1,,
2013-02-07,20.6,18.1,19.1,21.4,17.3,18.7,0.0,87,1014.3,88,1.5,13.0,,
2013-02-08,18.7,14.4,16.4,17.9,13.2,15.4,0.2,86,1019.3,88,0.0,14.4,,
2013-02-09,15.8,11.9,14.1,15.0,10.9,13.1,0.0,73,1022.6,88,0.1,7.7,,
2013-02-10,18.3,14.0,15.9,18.2,13.0,15.3,0.0,79,1020.6,87,0.1,5.2,,
2013-02-11,19.6,16.0,17.2,19.8,15.3,16.8,0.0,80,1020.0,70,6.8,11.1,,
2013-02-12,22.8,16.3,19.0,23.1,15.6,18.6,0.0,73,1020.0,57,7.5,4.8,,
2013-02-13,20.8,15.6,17.4,21.4,14.7,16.7,0.0,71,1020.0,60,6.5,7.6,,
2013-02-14,21.2,16.7,18.5,21.3,15.9,18.0,0.0,77,1017.3,84,2.1,9.6,,
2013-02-15,24.4,18.0,20.8,24.8,17.2,20.5,0.5,77,1016.9,85,5.3,5.3,,
2013-02-16,19.4,16.2,17.3,18.6,15.2,16.5,0.1,82,1019.1,82,4.3,13.4,,
2013-02-17,21.0,16.5,18.2,21.1,15.7,17.9,0.0,79,1015.6,71,2.0,9.4,,
2013-02-18,25.4,18.5,21.1,25.1,17.9,20.6,0.0,84,1013.1,79,3.8,3.5,,
2013-02-19,26.2,17.8,20.9,25.7,16.7,20.1,0.0,86,1014.5,67,6.9,6.1,,
2013-02-20,19.0,16.0,17.3,18.9,15.2,16.4,0.0,78,1019.9,88,0.2,9.3,,
2013-02-21,21.4,16.4,17.7,21.3,15.5,17.0,0.0,79,1020.4,58,4.7,7.8,,
2013-02-22,22.4,16.2,19.1,22.5,15.1,18.7,0.0,73,1021.5,62,5.8,6.7,,
2013-02-23,21.8,16.2,18.0,22.5,15.2,17.3,0.0,72,1023.1,54,7.9,9.0,,
2013-02-24,20.8,16.3,18.0,21.2,15.2,17.6,0.0,73,1020.9,84,0.4,8.9,,
2013-02-25,23.1,17.3,19.6,23.3,16.6,19.5,0.0,71,1018.9,79,2.5,11.3,,
2013-02-26,23.8,19.1,21.3,24.9,19.0,21.2,0.2,82,1016.2,88,0.5,8.2,,
2013-02-27,25.4,21.0,22.7,25.7,20.5,22.2,0.0,83,1014.0,72,5.4,3.5,,
2013-02-28,21.9,18.3,19.0,21.3,17.4,18.2,0.5,91,1013.8,88,0.0,12.6,,
2013-03-01,22.0,18.2,20.1,22.5,17.6,19.8,0.1,91,1014.2,88,0.3,10.6,,
2013-03-02,21.4,15.1,17.9,21.0,14.2,17.0,0.8,88,1020.4,88,0.0,10.6,,
2013-03-03,17.4,13.6,15.3,16.8,12.5,14.5,0.0,65,1023.7,86,0.1,8.2,,
2013-03-04,21.7,13.2,16.7,21.5,12.5,16.3,0.0,54,1023.4,55,9.3,7.5,,
2013-03-05,22.3,15.6,18.5,22.0,14.6,18.0,0.0,48,1023.2,29,10.0,11.9,,
2013-03-06,23.6,16.3,19.3,23.0,15.3,18.5,0.0,61,1021.2,7,10.5,10.8,,
2013-03-07,24.9,17.2,20.4,24.6,15.6,19.6,0.0,63,1019.8,2,10.6,3.6,,
2013-03-08,26.4,17.6,21.5,26.1,16.4,21.0,0.0,49,1016.8,0,10.6,3.8,,
2013-03-09,26.1,18.1,21.5,24.9,16.5,20.6,0.0,65,1014.9,11,10.2,4.0,,
2013-03-10,26.4,18.5,21.5,25.5,16.7,20.6,0.0,69,1014.7,3,10.8,3.5,,
2013-03-11,23.2,18.7,20.3,22.4,17.8,19.4,0.0,78,1016.7,54,6.4,11.0,,
2013-03-12,23.5,18.1,20.4,23.4,17.2,19.8,0.2,79,1015.8,71,8.5,11.0,,
2013-03-13,26.6,20.3,22.8,26.8,19.5,22.5,0.0,80,1014.5,68,5.0,4.8,,
2013-03-14,22.1,18.4,19.9,21.6,17.5,19.0,0.0,82,1019.2,78,0.1,11.4,,
2013-03-15,22.3,17.7,19.2,22.0,16.5,18.3,0.0,76,1021.3,69,6.1,11.0,,
2013-03-16,23.2,18.5,20.0,22.7,17.4,19.1,0.0,78,1019.4,51,5.8,9.0,,
2013-03-17,23.4,19.0,21.2,24.4,17.8,20.8,0.0,86,1013.7,82,2.1,6.4,,
2013-03-18,26.3,21.2,23.6,26.3,20.8,23.2,0.0,84,1010.6,81,3.5,3.2,,
2013-03-19,27.6,22.4,24.3,27.6,22.1,23.9,18.2,88,1010.8,86,0.4,5.3,,
2013-03-20,28.3,23.5,25.1,28.4,23.0,24.8,0.0,81,1012.1,70,4.2,6.3,,
2013-03-21,23.8,19.0,20.8,23.4,18.4,20.4,0.8,90,1013.8,85,0.0,11.5,,
2013-03-22,26.0,18.9,21.5,25.8,18.4,21.1,0.0,86,1013.3,74,6.8,10.2,,
2013-03-23,26.2,21.3,23.3,26.3,20.6,23.1,0.0,83,1011.5,78,3.1,3.0,,
2013-03-24,25.7,21.4,23.4,25.9,21.2,23.3,1.1,88,1010.4,79,1.7,1.6,,
2013-03-25,23.1,19.5,21.2,23.2,18.8,20.8,0.9,91,1012.0,88,0.0,14.1,,
2013-03-26,19.8,18.4,19.0,19.7,17.9,18.7,13.6,97,1011.4,90,0.0,15.2,,
2013-03-27,21.7,18.6,20.0,21.5,18.7,19.9,1.5,90,1013.1,84,0.4,4.0,,
2013-03-28,20.4,18.8,19.7,20.6,18.5,19.6,31.4,94,1012.5,89,0.3,10.8,,
2013-03-29,22.4,18.7,20.3,22.9,18.5,20.3,2.7,92,1013.2,89,0.4,6.9,,
2013-03-30,19.6,17.8,18.7,19.1,17.5,18.3,58.2,95,1013.1,94,0.0,14.4,,
2013-03-31,21.0,19.0,19.7,21.6,18.8,19.8,1.0,94,1014.5,88,0.2,9.4,,
2013-04-01,22.4,18.6,20.1,22.4,18.5,20.0,0.1,84,1015.4,85,1.0,11.8,,
2013-04-02,22.5,20.0,21.1,23.2,19.6,21.0,13.3,93,1014.0,86,0.1,6.4,,
2013-04-03,20.0,18.2,19.1,19.8,17.9,18.8,9.2,91,1012.0,90,0.3,15.1,,
2013-04-04,20.2,18.5,19.3,19.9,18.1,19.1,0.5,96,1007.8,88,0.0,15.5,,
2013-04-05,26.2,19.7,23.3,25.6,19.6,23.0,34.7,95,1003.0,88,0.0,10.4,,
2013-04-06,25.0,17.1,20.4,24.8,16.7,20.3,36.8,77,1008.0,79,2.7,11.3,,
2013-04-07,19.0,15.2,17.4,19.1,14.4,17.0,0.0,66,1013.0,77,0.0,9.1,,
2013-04-08,19.5,18.0,18.8,19.7,17.6,18.5,0.0,77,1013.0,87,0.0,11.5,,
2013-04-09,21.2,18.4,19.4,21.7,18.1,19.3,25.1,95,1014.3,88,0.5,5.8,,
2013-04-10,19.8,17.7,18.4,19.9,17.5,18.4,14.1,93,1017.2,89,0.0,6.3,,
2013-04-11,18.4,16.0,17.3,19.1,15.8,17.2,13.8,89,1017.7,88,0.0,6.4,,
2013-04-12,19.0,15.7,17.2,19.0,15.5,17.2,2.1,87,1019.4,82,0.4,6.7,,
2013-04-13,23.1,17.5,19.9,23.6,17.6,20.0,0.0,64,1017.0,78,5.1,7.2,,
2013-04-14,24.3,19.7,21.6,24.6,19.4,21.4,0.0,69,1013.6,61,5.3,4.3,,
2013-04-15,27.1,19.5,22.9,27.2,19.1,22.6,0.0,79,1010.9,30,10.8,6.0,,
2013-04-16,25.2,21.0,22.8,25.1,20.5,22.6,0.4,89,1008.9,73,0.0,4.0,,
2013-04-17,26.1,23.0,24.8,26.2,22.9,24.6,15.6,94,1008.1,88,0.0,3.4,,
2013-04-18,27.8,24.2,25.5,27.5,24.1,25.2,8.2,91,1008.5,85,0.9,3.8,,
2013-04-19,28.1,21.7,25.2,28.4,21.0,25.1,8.9,93,1009.0,86,0.8,7.7,,
2013-04-20,25.4,20.8,22.7,26.0,20.4,22.7,12.2,92,1011.0,82,3.8,12.3,,
2013-04-21,23.9,20.4,22.0,24.9,19.9,21.6,0.3,88,1014.1,87,0.3,12.2,,
2013-04-22,20.5,18.9,19.8,20.0,18.3,19.2,1.0,89,1015.5,88,0.0,15.8,,
2013-04-23,26.4,19.4,22.1,26.0,18.8,21.9,0.5,89,1014.5,76,4.9,9.8,,
2013-04-24,29.8,22.0,25.0,28.8,21.6,24.7,0.0,83,1012.7,59,6.4,3.1,,
2013-04-25,30.6,23.1,26.0,29.9,22.7,25.8,30.3,85,1011.1,74,6.9,5.9,,
2013-04-26,23.5,21.1,22.1,23.0,21.2,21.9,2.9,84,1013.0,87,0.1,11.9,,
2013-04-27,24.2,20.5,21.5,23.5,20.1,21.2,0.0,77,1012.8,88,0.6,14.1,,
2013-04-28,23.4,20.7,22.1,23.5,20.1,21.8,0.0,89,1012.8,88,0.0,12.0,,
2013-04-29,25.6,22.1,23.7,25.8,21.7,23.6,0.0,93,1012.0,86,0.3,10.7,,
2013-04-30,29.3,21.1,24.4,29.7,21.1,24.2,23.8,89,1009.0,83,2.4,9.1,,
2013-05-01,25.1,20.1,21.8,25.4,19.5,21.7,1.2,86,1009.5,76,2.7,10.9,,
2013-05-02,21.9,16.6,19.3,22.2,15.8,19.0,0.9,73,1010.6,87,0.7,13.8,,
2013-05-03,22.1,18.7,19.7,22.5,18.3,19.5,33.8,85,1011.1,88,0.1,9.0,,
2013-05-04,22.5,18.4,20.8,23.3,18.4,21.0,0.0,83,1013.7,87,0.0,7.2,,
2013-05-05,24.1,20.8,22.1,24.8,20.5,22.1,0.0,87,1014.5,86,0.2,8.1,,
2013-05-06,23.7,21.3,22.4,24.6,20.9,22.3,0.0,91,1013.2,87,0.0,10.5,,
2013-05-07,25.6,22.3,23.3,26.2,22.0,23.2,0.0,89,1012.1,88,1.5,10.8,,
2013-05-08,23.2,22.3,22.9,23.2,22.1,22.6,29.7,93,1011.1,90,0.0,12.2,,
2013-05-09,29.2,22.8,25.2,30.0,22.6,25.3,31.3,91,1010.0,78,5.2,6.3,,
2013-05-10,28.6,23.4,25.0,28.7,22.9,24.9,23.4,91,1008.2,77,1.4,3.1,,
2013-05-11,28.9,23.0,25.6,28.7,22.7,25.5,0.1,84,1006.6,69,6.9,3.8,,
2013-05-12,26.5,24.1,24.7,26.2,23.7,24.6,1.4,92,1007.8,86,1.8,7.7,,
2013-05-13,29.9,23.9,26.0,29.8,23.5,26.0,0.2,88,1007.6,73,7.6,6.8,,
2013-05-14,28.8,25.0,26.2,29.0,24.7,26.2,0.0,91,1006.5,72,3.9,11.0,,
2013-05-15,31.0,25.9,28.4,31.1,25.6,28.2,0.0,85,1005.2,81,1.3,10.0,,
2013-05-16,30.0,24.7,27.6,30.2,24.6,27.4,5.4,86,1005.5,83,0.0,9.7,,
2013-05-17,27.5,24.8,25.9,28.4,24.7,26.0,13.9,94,1007.7,86,1.7,3.0,,
2013-05-18,30.8,25.8,28.3,31.0,25.8,28.4,21.0,88,1006.8,85,4.9,6.9,,
2013-05-19,30.9,28.2,29.2,32.0,27.9,29.1,0.1,84,1005.4,88,4.7,8.9,,
2013-05-20,31.6,25.7,29.0,31.9,25.0,28.9,26.0,82,1004.8,82,3.9,9.9,,
2013-05-21,29.0,23.5,25.7,29.5,22.7,25.8,26.3,91,1005.5,86,1.6,4.3,,
2013-05-22,26.2,23.4,24.8,26.7,22.7,24.1,230.8,95,1006.1,90,0.0,4.3,,
2013-05-23,29.4,24.2,26.5,30.0,24.0,26.6,0.0,87,1009.0,84,3.1,4.1,,
2013-05-24,31.3,25.6,27.8,30.6,25.2,27.6,0.0,81,1009.6,71,8.3,4.8,,
2013-05-25,26.9,24.6,25.7,26.5,24.1,25.4,52.0,96,1009.7,89,0.0,8.6,,
2013-05-26,29.7,25.5,27.8,30.3,24.9,27.5,11.3,87,1007.6,85,1.4,10.3,,
2013-05-27,29.8,27.9,28.8,29.9,27.1,28.5,0.1,82,1006.9,86,0.8,11.0,,
2013-05-28,31.1,27.7,29.2,31.6,27.1,29.1,0.0,83,1008.9,72,5.8,8.1,,
2013-05-29,31.9,27.8,29.1,31.6,27.5,28.9,0.4,81,1010.9,76,3.6,6.3,,
2013-05-30,32.5,27.2,29.3,32.0,26.8,29.0,0.0,78,1010.7,54,8.7,7.0,,
2013-05-31,33.0,27.2,29.5,32.1,26.9,29.3,0.0,75,1009.4,28,8.9,6.9,,
2013-06-01,32.4,27.7,29.6,32.1,27.3,29.4,0.0,76,1007.7,27,12.2,9.8,,
2013-06-02,32.6,27.8,29.8,32.4,27.4,29.8,0.0,75,1006.4,52,11.3,9.9,,
2013-06-03,33.7,27.8,29.8,32.5,27.3,29.6,0.0,77,1007.0,63,8.6,8.0,,
2013-06-04,32.1,25.2,28.0,31.6,24.4,27.9,20.2,87,1010.0,80,6.0,6.4,,
2013-06-05,28.8,25.6,26.8,29.1,25.1,26.7,2.4,89,1011.1,80,1.1,6.1,,
2013-06-06,29.7,25.1,27.1,30.3,24.8,27.0,13.6,90,1010.0,79,2.4,6.4,,
2013-06-07,32.3,27.1,29.2,32.3,26.6,29.1,0.2,78,1006.8,65,9.6,7.9,,
2013-06-08,31.7,27.5,29.3,32.5,27.0,29.3,10.6,80,1003.6,80,5.9,8.0,,
2013-06-09,31.3,27.1,29.1,32.2,26.9,28.8,15.7,86,1002.2,80,3.2,6.6,,
2013-06-10,31.2,26.4,28.6,31.4,26.4,28.6,12.6,84,1002.3,86,2.0,5.7,,
2013-06-11,28.1,22.4,24.0,27.8,22.3,23.5,168.9,95,1004.1,89,0.0,6.5,,
2013-06-12,26.5,22.8,24.4,27.2,23.0,24.8,1.1,82,1005.5,86,0.4,7.7,,
2013-06-13,26.9,23.6,25.0,27.3,23.0,24.9,1.4,86,1004.8,88,0.3,8.2,,
2013-06-14,26.2,23.8,24.9,27.0,23.6,25.1,30.8,94,1003.5,91,0.0,12.6,,
2013-06-15,26.2,25.1,25.6,26.6,24.8,25.8,62.0,98,1004.7,91,0.0,11.1,,
2013-06-16,27.8,25.8,26.8,28.8,25.9,27.3,5.4,96,1006.0,88,0.7,12.2,,
2013-06-17,29.9,26.4,27.5,30.3,26.5,27.9,6.5,94,1004.2,82,2.9,11.6,,
2013-06-18,32.5,26.8,28.8,31.5,26.7,28.7,0.0,85,1002.1,59,6.0,7.6,,
2013-06-19,33.0,27.3,29.7,32.7,27.0,29.6,0.0,76,1001.6,27,11.6,5.6,,
2013-06-20,34.2,28.1,30.1,33.6,27.6,30.0,0.0,76,1002.5,47,9.7,7.3,,
2013-06-21,33.7,27.7,29.6,33.0,27.3,29.6,0.8,80,1002.9,69,8.7,12.7,,
2013-06-22,29.3,25.7,27.5,29.5,25.1,27.5,15.2,90,1003.1,84,2.0,15.3,,
2013-06-23,30.8,25.4,27.6,30.0,25.1,27.4,12.1,88,1004.3,82,1.9,9.3,,
2013-06-24,29.5,24.9,27.4,29.8,24.7,27.1,57.0,88,1006.1,89,0.5,8.8,,
2013-06-25,30.7,28.0,29.3,30.6,27.9,29.1,0.7,81,1006.6,86,2.1,14.2,,
2013-06-26,31.9,28.6,29.7,31.7,28.1,29.5,0.0,78,1006.8,74,6.5,11.1,,
2013-06-27,32.3,28.5,29.8,32.0,28.5,29.6,1.2,77,1006.3,74,8.0,11.9,,
2013-06-28,32.4,28.7,29.8,31.9,28.3,29.5,0.2,76,1005.8,72,5.9,11.3,,
2013-06-29,31.6,28.8,29.8,31.9,28.4,29.6,0.0,79,1007.5,69,4.9,9.2,,
2013-06-30,33.0,27.9,29.8,32.3,27.2,29.6,0.0,77,1008.2,32,11.7,10.1,,
2013-07-01,31.4,25.9,28.2,31.7,25.1,28.3,29.5,86,1005.7,81,4.6,15.1,,
2013-07-02,32.9,27.4,29.4,32.4,27.2,29.0,0.0,77,1007.9,71,5.6,11.8,,
2013-07-03,33.2,27.6,29.7,32.5,26.9,29.4,0.0,78,1009.4,48,9.6,7.9,,
2013-07-04,32.7,27.8,29.5,32.2,27.1,29.0,0.0,76,1008.0,36,8.0,7.4,,
2013-07-05,33.0,27.6,29.8,32.6,26.9,29.4,0.0,71,1007.5,42,11.2,7.5,,
2013-07-06,30.4,27.3,28.5,30.3,27.1,28.2,4.6,81,1008.4,70,3.7,7.2,,
2013-07-07,31.2,25.0,27.3,31.3,24.5,27.1,40.7,85,1010.0,82,3.1,6.5,,
2013-07-08,32.0,26.3,28.8,32.0,26.3,28.7,0.3,77,1010.8,79,9.4,7.3,,
2013-07-09,33.2,27.0,29.0,32.6,26.5,28.6,0.0,78,1009.0,70,5.5,5.5,,
2013-07-10,30.7,25.8,27.5,29.9,25.3,27.6,14.2,85,1007.8,78,3.9,5.0,,
2013-07-11,32.4,26.2,28.8,31.8,26.1,28.7,0.3,80,1008.3,49,8.0,4.9,,
2013-07-12,32.6,27.5,29.7,33.1,27.3,29.6,0.0,76,1005.2,26,10.6,8.6,,
2013-07-13,33.5,28.4,30.1,33.5,28.0,30.1,0.0,78,1001.0,63,10.3,8.8,,
2013-07-14,32.1,25.0,29.3,32.3,24.3,29.1,41.4,81,1005.1,89,5.4,8.9,,
2013-07-15,28.1,24.8,26.0,28.5,24.2,25.9,44.9,96,1008.5,86,0.3,5.1,,
2013-07-16,27.4,25.3,25.9,27.9,25.2,25.9,7.0,94,1008.4,83,0.2,5.8,,
2013-07-17,29.9,24.6,26.2,30.9,24.1,26.3,29.5,94,1006.9,88,3.5,9.7,,
2013-07-18,30.4,24.6,27.3,30.9,24.3,27.7,0.5,84,1004.8,80,5.7,7.4,,
2013-07-19,29.4,25.5,26.8,29.3,25.2,26.9,23.0,92,1005.9,85,2.3,10.4,,
2013-07-20,29.7,26.2,27.3,30.2,26.3,27.5,3.5,92,1007.4,88,1.6,11.1,,
2013-07-21,29.9,26.3,27.4,30.5,26.1,27.5,0.4,89,1007.3,84,2.2,11.3,,
2013-07-22,30.4,26.5,27.8,31.2,26.4,28.0,8.2,90,1008.1,84,5.5,11.6,,
2013-07-23,30.3,26.2,27.4,31.0,25.4,27.6,12.3,92,1008.5,82,2.9,10.1,,
2013-07-24,27.4,25.0,26.0,28.1,24.8,26.0,26.8,95,1006.9,86,0.2,9.4,,
2013-07-25,26.9,24.6,25.7,27.5,24.3,25.5,57.7,97,1004.3,88,0.0,7.7,,
2013-07-26,27.9,24.9,26.2,27.5,24.8,25.9,65.4,92,1004.8,86,0.4,9.0,,
2013-07-27,31.1,24.9,27.0,31.0,24.6,26.8,14.8,89,1006.4,83,2.1,8.3,,
2013-07-28,31.8,25.3,27.7,31.7,24.8,27.8,10.8,87,1008.4,75,6.0,7.7,,
2013-07-29,31.7,25.4,28.0,32.0,25.1,28.2,0.0,86,1008.5,47,7.5,6.8,,
2013-07-30,33.1,26.6,29.1,32.6,26.1,29.0,0.0,78,1006.3,44,10.9,6.0,,
2013-07-31,32.4,27.7,29.4,31.8,27.4,29.2,0.5,81,1004.7,77,6.7,13.8,,
2013-08-01,30.7,25.4,28.3,30.9,25.6,28.2,4.5,84,1003.8,79,3.4,14.2,,
2013-08-02,27.9,24.5,26.5,29.0,24.2,26.6,72.4,93,1004.5,85,0.5,13.0,,
2013-08-03,31.5,25.6,28.2,31.0,25.8,27.9,13.3,88,1009.9,84,2.5,11.9,,
2013-08-04,32.9,27.1,29.2,31.7,26.6,28.7,0.0,79,1011.7,49,6.5,4.3,,
2013-08-05,32.9,27.0,29.4,32.2,26.5,29.0,0.0,73,1009.4,18,11.5,4.9,,
2013-08-06,33.1,27.4,29.5,32.3,26.6,29.1,0.0,78,1009.0,39,10.7,8.3,,
2013-08-07,31.7,27.7,29.2,31.5,27.4,28.8,0.5,82,1010.3,71,6.6,9.9,,
2013-08-08,32.7,26.7,29.4,32.1,26.3,29.1,1.3,78,1010.8,58,8.7,7.7,,
2013-08-09,32.5,27.3,29.6,32.7,27.0,29.5,0.0,76,1008.9,25,10.8,9.4,,
2013-08-10,33.2,28.2,30.0,32.0,27.6,29.5,0.0,80,1008.4,53,6.3,7.1,,
2013-08-11,33.1,27.7,29.8,33.1,27.1,29.6,0.0,77,1008.8,51,11.4,8.8,,
2013-08-12,34.9,27.7,30.6,34.1,27.5,30.5,0.0,71,1006.5,53,11.3,7.8,,
2013-08-13,29.9,25.4,27.5,30.2,25.3,27.6,48.4,86,1002.2,85,0.3,16.8,,
2013-08-14,27.6,25.2,26.6,27.8,24.8,26.5,59.4,92,999.3,88,0.4,21.8,,
2013-08-15,28.9,26.5,28.2,28.8,26.3,27.8,0.7,83,1002.9,88,0.6,17.2,,
2013-08-16,28.7,26.8,28.0,28.3,26.4,27.6,5.3,87,1000.7,88,0.0,13.0,,
2013-08-17,29.6,26.3,28.2,29.6,26.1,27.8,35.6,86,999.6,89,1.2,10.9,,
2013-08-18,30.2,26.9,28.4,29.9,26.7,28.1,3.7,86,1001.4,86,0.9,8.7,,
2013-08-19,29.8,26.3,27.5,30.1,25.9,27.4,30.6,92,1001.6,83,2.6,4.4,,
2013-08-20,31.6,26.8,28.9,31.6,26.5,28.9,0.0,82,1000.7,73,8.2,4.9,,
2013-08-21,31.0,27.4,29.2,31.5,27.3,29.2,0.2,81,998.4,82,3.5,6.4,,
2013-08-22,31.0,26.4,29.2,31.3,26.6,29.0,20.1,82,996.2,86,1.0,9.6,,
2013-08-23,29.5,26.6,28.6,29.0,26.2,28.1,26.0,84,999.4,88,0.0,12.5,,
2013-08-24,29.8,25.7,28.0,29.5,25.4,27.5,51.6,87,1003.8,88,0.9,10.0,,
2013-08-25,30.2,26.1,27.7,30.4,26.0,27.8,7.3,91,1007.1,73,4.1,8.0,,
2013-08-26,32.8,26.6,28.8,33.0,26.4,28.8,0.0,82,1006.8,31,8.5,6.4,,
2013-08-27,32.9,27.0,29.3,32.2,26.7,29.1,0.0,79,1006.2,25,8.2,4.3,,
2013-08-28,33.3,27.3,29.7,32.9,27.0,29.5,0.0,75,1005.2,46,11.3,6.2,,
2013-08-29,32.0,27.8,29.6,32.7,27.6,29.5,0.0,77,1004.1,80,6.0,5.6,,
2013-08-30,29.7,24.4,27.3,29.3,24.2,27.1,29.5,87,1005.9,88,0.1,8.0,,
2013-08-31,29.5,24.6,26.4,30.1,23.9,26.3,35.0,90,1008.4,88,0.1,4.3,,
2013-09-01,29.8,25.1,27.2,30.1,25.1,27.2,1.0,81,1010.1,77,6.9,4.8,,
2013-09-02,30.4,25.1,27.5,31.9,24.6,27.4,40.6,84,1010.4,61,6.8,4.6,,
2013-09-03,28.0,25.0,26.0,28.5,24.9,26.0,5.0,93,1008.8,83,0.3,3.8,,
2013-09-04,26.4,23.9,25.0,26.3,23.7,24.8,88.9,96,1009.2,88,0.0,7.6,,
2013-09-05,25.1,23.6,24.1,25.7,23.1,24.0,197.7,98,1011.1,89,0.0,7.0,,
2013-09-06,29.5,24.1,26.3,29.4,24.2,26.6,0.3,86,1013.2,65,9.2,10.0,,
2013-09-07,30.7,25.4,27.5,31.1,25.1,27.6,0.0,80,1013.6,35,10.4,8.5,,
2013-09-08,31.1,25.8,28.0,31.1,25.7,28.0,0.0,78,1013.9,34,10.9,10.1,,
2013-09-09,31.1,26.3,28.2,31.0,26.1,28.0,0.0,78,1012.6,54,10.1,10.9,,
2013-09-10,31.8,26.6,28.6,32.0,26.3,28.5,0.0,81,1010.6,68,9.9,8.9,,
2013-09-11,30.9,27.1,28.4,30.9,26.7,28.2,0.0,83,1011.1,66,8.4,10.2,,
2013-09-12,31.7,27.2,28.5,31.5,26.8,28.4,0.0,81,1011.5,66,8.2,10.0,,
2013-09-13,30.7,26.8,27.8,31.4,26.2,27.8,0.2,82,1009.7,76,6.4,8.6,,
2013-09-14,31.5,26.1,28.0,31.4,26.0,28.1,0.0,81,1006.8,52,10.3,7.2,,
2013-09-15,32.4,25.9,28.2,32.3,24.6,28.0,15.2,83,1006.0,47,5.6,4.9,,
2013-09-16,30.8,26.0,28.1,31.1,25.8,28.4,0.8,79,1007.5,57,9.2,12.8,,
2013-09-17,30.3,26.7,27.8,29.7,26.6,27.8,0.0,72,1008.0,55,6.9,14.7,,
2013-09-18,30.2,26.2,27.7,30.4,25.9,27.6,0.0,76,1008.3,65,5.9,14.0,,
2013-09-19,31.4,26.6,28.5,31.5,26.5,28.5,0.0,77,1007.9,57,8.1,11.2,,
2013-09-20,32.5,27.2,29.2,33.3,26.8,29.3,0.0,78,1005.9,61,6.1,5.9,,
2013-09-21,34.7,28.3,31.2,34.7,28.1,31.4,0.0,60,999.9,63,10.5,10.1,,
2013-09-22,31.8,25.2,28.0,31.6,25.0,28.0,30.6,78,993.0,88,0.0,17.0,,
2013-09-23,30.9,24.8,27.9,31.3,24.6,27.6,56.9,88,998.9,92,2.7,15.7,,
2013-09-24,30.6,27.2,28.1,30.9,26.6,28.0,1.3,86,1006.7,82,4.0,13.7,,
2013-09-25,31.2,26.8,28.2,30.9,26.3,28.0,0.0,79,1010.0,60,9.3,12.0,,
2013-09-26,30.0,25.2,27.5,30.3,24.4,27.3,0.1,77,1012.3,62,6.7,9.3,,
2013-09-27,29.7,24.0,26.5,28.8,23.5,26.1,0.1,77,1011.7,61,9.0,9.8,,
2013-09-28,28.6,24.6,26.5,28.5,23.9,26.4,2.6,81,1008.8,80,3.3,8.3,,
2013-09-29,27.1,24.0,25.7,27.2,24.1,25.9,2.9,82,1008.0,87,0.9,9.7,,
2013-09-30,26.7,23.8,25.3,26.9,23.9,25.6,10.0,92,1010.1,88,0.0,12.1,,
2013-10-01,30.4,25.7,27.2,30.7,25.5,27.3,0.0,82,1012.7,55,9.0,9.9,,
2013-10-02,31.4,25.5,27.8,31.5,25.2,27.7,0.0,69,1012.6,22,10.7,5.4,,
2013-10-03,30.1,24.6,26.7,29.6,24.4,26.4,0.0,68,1013.0,32,8.5,6.4,,
2013-10-04,29.4,24.7,26.2,29.3,24.2,25.8,0.0,72,1011.9,26,6.6,5.5,,
2013-10-05,29.9,23.8,26.3,29.9,23.5,26.0,0.0,63,1010.5,17,10.6,6.0,,
2013-10-06,31.5,24.4,27.7,31.2,24.5,27.6,0.0,47,1008.7,5,10.8,8.2,,
2013-10-07,32.0,25.5,28.3,32.1,25.1,28.2,0.0,55,1006.0,33,10.7,10.0,,
2013-10-08,29.0,25.6,26.8,29.1,25.3,26.6,0.0,65,1008.1,84,1.8,8.3,,
2013-10-09,30.1,25.4,27.2,30.5,24.9,27.0,0.0,75,1010.8,77,8.2,7.8,,
2013-10-10,30.4,24.7,27.0,30.6,25.0,27.0,2.8,82,1012.8,51,7.2,8.8,,
2013-10-11,31.1,25.5,27.8,31.4,25.6,27.7,0.0,77,1011.8,40,8.3,6.3,,
2013-10-12,30.2,26.2,27.6,27.0,25.8,26.3,0.0,68,1011.0,72,9.2,6.4,,
2013-10-13,30.4,25.6,27.2,,,,0.0,67,1011.0,68,8.8,,,
2013-10-14,27.0,25.3,26.1,,,,0.0,76,1011.5,86,0.0,,,
2013-10-15,29.9,25.6,26.9,30.5,25.5,27.4,0.0,75,1013.5,60,8.7,11.5,,
2013-10-16,27.6,24.7,25.8,27.8,24.1,25.5,0.0,71,1017.2,78,5.4,12.4,,
2013-10-17,26.0,24.0,24.5,26.1,23.3,24.0,0.0,74,1018.9,86,1.2,11.5,,
2013-10-18,28.5,23.2,25.2,28.7,22.8,25.0,0.0,68,1018.4,73,8.4,8.7,,
2013-10-19,28.0,23.0,25.2,28.2,22.7,25.0,0.0,67,1017.8,58,7.0,5.5,,
2013-10-20,28.4,23.0,25.4,29.2,22.8,25.3,0.0,69,1016.0,32,9.1,5.8,,
2013-10-21,27.4,22.8,24.8,27.1,22.5,24.6,0.1,73,1015.2,65,3.6,4.8,,
2013-10-22,28.4,22.7,25.1,28.8,22.5,25.2,0.0,63,1015.6,29,9.0,6.8,,
2013-10-23,27.6,21.9,24.6,27.8,21.5,24.6,0.0,49,1014.5,9,10.1,7.8,,
2013-10-24,27.9,21.3,24.4,28.1,20.9,24.5,0.0,41,1013.1,19,10.2,9.2,,
2013-10-25,27.1,21.6,23.8,26.6,21.4,23.6,0.0,39,1015.4,21,9.4,12.5,,
2013-10-26,25.6,19.4,22.0,25.5,18.8,21.6,0.0,50,1018.3,3,10.1,7.0,,
2013-10-27,24.7,20.2,22.0,25.1,19.4,21.7,0.0,67,1018.7,29,9.3,7.5,,
2013-10-28,25.7,20.9,22.8,25.6,19.9,22.5,0.0,70,1018.7,30,9.9,10.3,,
2013-10-29,26.3,22.1,23.7,26.7,21.4,23.4,0.0,72,1018.6,67,7.2,8.4,,
2013-10-30,26.5,22.9,24.2,26.9,22.4,23.9,0.0,73,1017.2,47,8.3,9.4,,
2013-10-31,28.1,22.4,24.8,29.0,22.2,24.8,0.0,73,1016.7,30,10.0,7.1,,
2013-11-01,29.5,22.6,25.5,29.6,21.6,25.6,0.0,65,1014.0,57,10.0,6.1,,
2013-11-02,27.5,24.9,26.2,28.1,24.9,26.2,0.0,65,1011.5,81,0.7,11.7,,
2013-11-03,27.6,23.5,25.6,27.6,23.0,25.3,0.4,71,1012.8,88,0.9,13.8,,
2013-11-04,24.3,21.5,22.7,24.3,20.7,22.4,12.2,87,1017.6,89,0.0,9.3,,
2013-11-05,24.2,20.9,22.6,24.5,20.5,22.4,3.6,88,1019.0,91,0.0,5.2,,
2013-11-06,27.4,22.6,24.2,28.5,22.3,24.2,0.0,81,1018.3,83,2.8,4.1,,
2013-11-07,26.7,23.0,24.1,27.7,22.4,24.0,0.0,80,1017.6,70,6.5,10.6,,
2013-11-08,26.9,22.8,24.2,28.1,22.2,23.8,0.0,76,1016.4,67,3.8,9.8,,
2013-11-09,27.7,22.9,25.5,28.9,22.3,25.6,0.0,74,1014.6,77,6.7,13.2,,
2013-11-10,26.4,23.7,25.4,26.9,23.8,25.5,7.6,84,1014.7,88,0.1,15.4,,
2013-11-11,25.3,23.0,24.1,24.8,22.4,23.7,0.0,85,1014.0,83,0.2,19.1,,
2013-11-12,23.1,21.1,21.9,22.4,20.7,21.6,33.4,95,1013.2,88,0.0,16.2,,
2013-11-13,21.3,19.7,20.7,21.1,19.9,20.5,3.9,91,1014.2,88,0.0,6.2,,
2013-11-14,23.6,19.6,21.0,24.5,18.9,20.9,0.0,79,1017.3,67,3.1,6.5,,
2013-11-15,24.7,18.8,21.5,25.9,18.1,21.5,0.0,72,1018.4,35,9.4,4.5,,
2013-11-16,23.9,19.2,21.7,24.9,18.7,21.9,0.0,68,1018.2,31,10.0,5.2,,
2013-11-17,23.8,18.8,21.3,24.5,18.6,21.3,0.0,58,1018.6,54,7.4,6.3,,
2013-11-18,23.6,18.5,20.7,24.3,18.8,20.9,0.0,53,1020.6,31,9.7,8.5,,
2013-11-19,21.3,18.7,20.2,21.2,18.8,19.9,0.0,64,1021.1,81,0.3,7.0,,
2013-11-20,21.4,19.3,20.1,21.7,18.8,19.6,0.0,71,1019.5,86,1.0,8.4,,
2013-11-21,22.6,17.6,20.5,23.8,17.6,20.4,0.5,66,1018.5,81,3.8,7.3,,
2013-11-22,22.8,19.5,21.0,24.1,18.9,20.8,0.7,78,1018.7,82,3.7,11.0,,
2013-11-23,23.0,20.6,21.7,24.3,19.9,21.7,0.0,76,1017.3,70,8.0,13.6,,
2013-11-24,25.8,20.4,22.7,27.4,20.5,22.9,15.2,82,1014.3,76,5.9,7.2,,
2013-11-25,22.3,16.7,19.5,23.6,16.5,19.8,0.0,54,1015.0,28,9.9,7.4,,
2013-11-26,21.3,17.7,19.6,22.4,17.0,19.3,0.0,71,1016.9,59,6.1,8.7,,
2013-11-27,23.2,16.0,20.1,24.2,15.2,19.8,0.5,78,1018.1,73,3.9,10.2,,
2013-11-28,17.8,12.8,15.6,18.2,12.4,15.4,5.1,68,1023.5,68,0.7,11.7,,
2013-11-29,17.2,12.9,15.0,18.3,12.4,14.9,0.0,40,1024.2,14,9.8,9.3,,
2013-11-30,19.2,13.1,16.0,20.4,12.2,16.1,0.0,54,1021.8,18,9.0,4.8,,
2013-12-01,20.7,14.3,17.1,22.1,14.3,17.5,0.0,50,1021.8,4,9.8,5.0,,
2013-12-02,21.4,14.6,17.7,23.6,14.2,18.3,0.0,52,1020.4,10,9.8,5.9,,
2013-12-03,21.5,17.3,18.9,23.2,15.8,18.8,0.0,66,1019.2,31,8.5,7.6,,
2013-12-04,22.8,16.2,19.2,23.9,14.9,19.2,0.0,52,1018.2,6,9.6,4.4,,
2013-12-05,21.4,15.8,18.3,22.7,15.1,18.3,0.0,50,1017.9,5,9.6,6.9,,
2013-12-06,21.4,15.7,18.3,22.5,14.8,18.5,0.0,47,1016.9,0,9.6,5.5,,
2013-12-07,22.1,16.6,19.3,23.8,16.3,19.4,0.0,65,1017.4,5,9.4,4.1,,
2013-12-08,21.4,18.2,20.0,22.4,17.8,19.9,0.0,74,1015.2,77,1.1,6.4,,
2013-12-09,24.9,19.8,22.0,26.1,20.0,22.4,0.0,61,1013.6,67,5.6,7.0,,
2013-12-10,21.7,18.4,20.1,22.3,18.1,19.8,0.0,66,1014.5,80,5.1,8.9,,
2013-12-11,20.6,17.8,19.2,20.9,16.9,18.7,0.0,66,1017.0,85,1.4,7.2,,
2013-12-12,19.3,16.6,18.0,19.7,15.9,17.5,0.0,65,1017.2,88,0.8,11.6,,
2013-12-13,20.7,17.9,19.2,21.1,17.4,18.9,0.0,75,1017.9,88,0.5,4.2,,
2013-12-14,20.5,17.2,18.8,20.9,16.7,18.4,13.0,84,1018.8,92,0.1,7.3,,
2013-12-15,17.6,16.5,17.0,17.8,16.1,16.8,22.7,98,1016.7,96,0.0,9.0,,
2013-12-16,17.2,12.2,13.6,16.9,11.9,13.2,24.8,96,1015.0,91,0.0,7.2,,
2013-12-17,13.1,11.4,12.3,12.9,11.0,12.0,27.8,94,1016.4,92,0.0,6.0,,
2013-12-18,13.4,9.2,10.9,13.6,8.7,10.6,0.0,71,1019.8,44,9.0,13.6,,
2013-12-19,15.0,9.5,12.0,16.1,9.0,12.0,0.0,65,1022.0,40,8.6,10.1,,
2013-12-20,16.4,11.3,13.9,17.3,10.8,13.9,0.0,64,1022.9,67,7.0,5.4,,
2013-12-21,16.0,13.1,14.4,16.2,12.6,14.2,0.0,62,1024.1,74,2.1,8.2,,
2013-12-22,16.0,11.3,13.5,17.6,10.5,13.5,0.0,62,1024.3,26,9.1,5.4,,
2013-12-23,17.9,11.3,14.6,19.2,10.8,14.7,0.0,58,1022.5,13,9.3,4.8,,
2013-12-24,17.9,12.2,14.8,19.1,11.7,14.8,0.0,60,1023.1,25,9.1,5.0,,
2013-12-25,17.6,13.4,15.3,18.4,12.8,15.4,0.0,57,1021.5,46,7.5,5.0,,
2013-12-26,17.3,12.5,14.8,18.2,11.8,14.9,0.0,45,1021.1,1,9.4,10.7,,
2013-12-27,15.5,11.3,13.0,16.0,10.7,12.8,0.0,43,1023.5,0,8.9,10.8,,
2013-12-28,14.6,9.9,12.0,15.4,8.6,11.6,0.0,47,1022.9,0,8.4,6.0,,
2013-12-29,15.3,9.3,12.1,16.0,8.4,11.7,0.0,51,1023.0,0,9.4,6.8,,
2013-12-30,16.3,10.7,13.8,17.7,10.1,13.6,0.0,50,1022.5,4,9.3,3.0,,
2013-12-31,18.1,12.5,15.3,19.6,11.6,15.1,0.0,49,1021.1,0,9.4,2.8,,
2014-01-01,18.9,13.0,15.7,20.7,12.0,15.6,0.0,54,1019.3,0,9.5,4.7,,
2014-01-02,19.3,14.4,16.8,20.6,13.0,16.7,0.0,73,1016.8,49,4.5,6.8,,
2014-01-03,22.5,17.2,19.8,23.3,17.1,19.9,0.0,65,1015.7,28,8.6,3.7,,
2014-01-04,21.8,16.8,18.8,22.4,16.8,19.0,0.0,51,1017.8,0,8.8,6.5,,
2014-01-05,18.7,14.5,16.3,18.9,13.9,16.1,0.0,60,1018.8,2,9.0,10.1,,
2014-01-06,18.5,14.8,16.5,19.3,13.9,16.1,0.0,72,1018.0,26,9.1,13.5,,
2014-01-07,19.1,16.5,17.8,19.5,16.0,17.6,0.0,81,1016.8,88,1.5,12.0,,
2014-01-08,21.0,16.1,18.8,21.9,15.5,18.8,0.0,84,1017.9,74,0.9,4.6,,
2014-01-09,16.6,14.3,15.5,16.5,13.4,14.9,0.0,68,1022.9,83,0.0,8.0,,
2014-01-10,16.2,14.4,15.3,16.1,13.6,14.7,0.0,76,1024.3,87,0.0,12.9,,
2014-01-11,18.8,14.1,16.2,19.5,13.2,16.0,0.0,78,1023.7,32,9.7,11.4,,
2014-01-12,21.5,15.1,17.5,22.1,14.1,17.3,0.0,73,1023.3,29,7.6,6.4,,
2014-01-13,16.2,11.8,13.9,16.0,11.0,13.2,0.0,67,1023.6,50,4.9,9.6,,
2014-01-14,16.8,10.6,13.2,17.6,9.9,12.8,0.0,65,1023.6,39,9.4,8.2,,
2014-01-15,16.1,11.2,13.2,17.1,10.5,13.0,0.0,62,1025.6,27,9.8,8.5,,
2014-01-16,16.7,11.8,13.9,17.5,11.4,13.9,0.0,68,1024.3,28,9.3,9.8,,
2014-01-17,18.9,12.7,15.5,20.0,12.0,15.3,0.0,75,1023.3,15,9.3,3.9,,
2014-01-18,19.7,13.5,16.2,20.6,13.5,16.3,0.0,48,1026.1,0,9.9,10.4,,
2014-01-19,16.7,13.2,14.6,18.1,12.1,14.2,0.0,69,1026.0,22,7.6,6.6,,
2014-01-20,20.5,13.4,16.4,21.7,12.2,16.5,0.0,51,1023.7,10,9.9,5.5,,
2014-01-21,17.6,12.9,14.9,17.8,12.4,14.8,0.0,33,1024.5,0,9.7,11.9,,
2014-01-22,17.0,10.3,13.3,17.5,9.6,13.0,0.0,43,1025.2,0,10.0,7.8,,
2014-01-23,15.8,11.6,13.3,16.1,10.4,12.9,0.0,70,1023.2,12,9.6,8.9,,
2014-01-24,18.5,12.9,15.6,19.7,12.1,15.6,0.0,78,1018.8,46,9.5,10.8,,
2014-01-25,21.4,16.5,18.4,22.8,16.0,18.5,0.0,78,1017.7,83,6.5,9.3,,
2014-01-26,24.4,16.3,19.0,25.8,15.6,19.0,0.0,76,1019.4,74,5.3,6.9,,
2014-01-27,18.9,15.0,16.4,19.4,14.2,16.0,0.0,74,1021.3,30,8.8,12.7,,
2014-01-28,20.3,14.8,17.0,21.6,13.6,16.6,0.0,75,1020.4,21,9.6,8.2,,
2014-01-29,21.2,15.6,17.8,22.2,14.5,17.6,0.0,72,1019.9,2,10.1,7.0,,
2014-01-30,22.9,15.9,18.9,23.5,14.8,18.6,0.0,75,1019.3,5,10.2,4.1,,
2014-01-31,22.8,16.4,19.4,24.8,15.6,19.6,0.0,77,1018.4,16,10.2,6.2,,
2014-02-01,22.2,18.3,20.0,24.2,17.5,20.0,0.0,83,1015.4,34,6.5,4.9,,
2014-02-02,23.8,17.5,20.2,24.1,16.9,19.9,0.0,76,1011.6,16,9.7,3.8,,
2014-02-03,24.6,17.4,20.6,25.3,16.5,20.4,0.0,71,1010.0,3,10.2,3.3,,
2014-02-04,19.4,16.6,18.2,19.0,15.8,17.6,0.0,82,1013.3,73,0.4,12.8,,
2014-02-05,19.0,15.9,17.1,19.6,15.3,16.8,0.0,82,1013.9,82,3.2,14.6,,
2014-02-06,21.6,16.7,18.6,22.0,16.1,18.5,0.0,87,1012.1,81,5.1,9.6,,
2014-02-07,23.4,18.1,20.3,24.2,18.1,20.3,0.0,87,1010.9,84,3.2,5.8,,
2014-02-08,18.0,16.0,16.6,18.9,15.4,16.2,0.3,90,1011.4,88,0.0,7.5,,
2014-02-09,16.7,10.4,14.5,16.1,9.7,13.9,13.1,95,1012.3,93,0.0,11.4,,
2014-02-10,10.5,8.3,9.1,9.7,7.5,8.4,0.3,77,1019.1,88,0.0,10.5,,
2014-02-11,9.7,7.5,8.4,8.9,6.6,7.5,0.0,69,1019.9,89,0.0,7.7,,
2014-02-12,10.5,7.3,8.9,10.1,6.4,8.2,0.4,85,1018.8,96,0.0,4.5,,
2014-02-13,9.8,8.0,8.7,9.8,7.5,8.2,21.4,91,1021.3,96,0.0,5.3,,
2014-02-14,14.6,8.2,10.6,14.8,7.8,10.5,0.0,67,1022.1,64,4.9,5.9,,
2014-02-15,13.6,9.7,11.8,13.3,8.9,11.3,0.0,79,1020.4,86,0.0,7.7,,
2014-02-16,15.4,13.3,14.2,15.3,13.0,14.2,0.0,89,1018.6,100,0.0,14.2,,
2014-02-17,20.9,15.3,17.6,21.5,15.3,18.0,0.0,95,1018.1,90,4.2,9.9,,
2014-02-18,21.5,12.2,17.0,22.3,11.4,17.1,0.0,90,1016.4,88,0.9,6.5,,
2014-02-19,12.4,7.9,10.0,11.9,7.2,9.5,3.8,75,1021.5,84,0.1,12.1,,
2014-02-20,17.3,8.2,12.3,17.8,7.3,12.0,0.0,62,1024.8,5,10.7,7.1,,
2014-02-21,15.2,12.3,13.8,15.7,11.8,13.4,0.0,75,1024.5,74,3.9,13.3,,
2014-02-22,17.1,12.6,14.7,17.5,12.0,14.4,0.2,77,1023.0,85,2.6,13.7,,
2014-02-23,19.2,14.4,16.2,19.2,13.9,16.0,0.0,78,1022.7,52,9.6,12.3,,
2014-02-24,19.3,15.0,17.0,20.4,14.4,17.0,0.0,82,1020.6,64,6.3,11.8,,
2014-02-25,20.9,17.3,18.7,21.5,17.1,18.8,0.0,85,1018.6,83,4.2,9.3,,
2014-02-26,24.1,17.9,20.2,25.2,17.5,20.1,0.0,87,1018.0,73,5.2,3.5,,
2014-02-27,21.1,18.7,19.6,22.3,18.3,19.5,0.0,89,1018.9,80,1.0,9.2,,
2014-02-28,19.0,17.4,18.3,19.3,16.9,18.0,0.0,87,1017.0,88,0.0,12.4,,
2014-03-01,22.1,18.4,20.0,23.0,18.2,20.1,0.0,89,1014.6,86,0.9,8.1,,
2014-03-02,21.7,16.0,19.0,22.9,15.2,18.7,0.6,91,1014.6,90,1.4,7.8,,
2014-03-03,16.3,15.4,15.8,16.0,14.8,15.2,0.0,87,1017.0,89,0.0,16.6,,
2014-03-04,18.2,15.4,16.8,18.4,14.8,16.5,0.1,91,1017.5,94,0.0,9.2,,
2014-03-05,17.6,15.9,16.7,17.5,15.4,16.4,0.1,86,1018.7,89,0.0,9.7,,
2014-03-06,15.9,14.8,15.3,15.4,14.0,14.7,0.0,88,1018.2,88,0.0,16.0,,
2014-03-07,15.1,14.1,14.6,14.5,13.4,14.0,0.1,88,1020.3,89,0.0,16.6,,
2014-03-08,16.2,14.2,15.1,16.4,13.6,14.6,0.9,94,1018.8,94,0.0,9.3,,
2014-03-09,15.5,14.2,14.8,15.4,13.7,14.3,0.0,87,1020.9,88,0.0,5.9,,
2014-03-10,15.6,13.9,14.4,15.6,13.3,13.9,0.0,81,1022.1,88,0.0,14.2,,
2014-03-11,15.9,14.1,15.0,15.7,13.5,14.6,0.3,86,1020.2,88,0.0,15.0,,
2014-03-12,19.5,15.4,17.7,19.8,15.1,17.7,0.1,96,1014.7,93,0.0,6.1,,
2014-03-13,22.2,19.0,20.2,23.3,18.9,20.6,0.3,77,1016.2,85,1.3,4.9,,
2014-03-14,19.9,14.7,17.1,19.6,13.8,16.5,0.4,73,1022.2,84,1.1,8.7,,
2014-03-15,17.5,14.7,16.0,17.7,13.8,15.6,0.0,67,1022.1,90,0.3,9.1,,
2014-03-16,19.9,16.3,18.1,20.8,15.9,18.2,0.0,70,1021.0,82,2.6,9.5,,
2014-03-17,22.9,18.4,20.4,23.9,17.9,20.5,0.0,88,1018.9,86,1.5,6.2,,
2014-03-18,25.0,19.9,21.9,26.0,19.7,22.0,0.0,89,1016.0,85,4.6,5.7,,
2014-03-19,26.8,20.4,22.7,26.8,20.0,22.6,0.0,86,1013.6,48,9.1,3.5,,
2014-03-20,25.2,18.7,21.5,24.7,17.5,21.0,0.0,81,1014.2,31,9.0,4.3,,
2014-03-21,18.7,15.5,16.5,17.5,14.7,15.6,0.0,69,1020.4,88,0.0,9.9,,
2014-03-22,20.8,15.2,17.3,20.2,14.4,16.6,0.0,67,1021.0,53,8.0,11.3,,
2014-03-23,22.0,15.9,18.4,21.7,15.0,17.8,0.0,70,1022.0,42,10.7,12.5,,
2014-03-24,23.1,16.6,19.5,23.0,16.1,19.2,0.0,72,1019.4,45,8.9,11.3,,
2014-03-25,26.5,18.9,21.9,26.6,18.3,21.9,0.0,73,1015.5,37,9.9,6.5,,
2014-03-26,26.2,20.6,22.6,25.7,19.8,22.2,0.0,82,1013.9,55,7.5,3.8,,
2014-03-27,27.6,20.6,23.5,27.4,19.9,23.2,0.0,82,1012.7,53,8.6,6.3,,
2014-03-28,23.3,21.2,22.2,23.5,20.5,21.9,0.0,92,1012.1,88,0.0,8.9,,
2014-03-29,23.5,20.7,21.8,22.9,20.2,21.5,19.0,94,1011.4,87,0.2,3.3,,
2014-03-30,26.0,19.1,22.6,25.7,18.8,22.3,103.1,91,1010.4,90,0.2,8.3,,
2014-03-31,21.2,18.9,20.0,20.9,18.5,19.7,82.6,98,1009.7,93,0.2,2.0,,
2014-04-01,20.9,19.5,20.2,21.2,19.1,19.9,8.0,98,1010.9,89,0.1,5.2,,
2014-04-02,20.3,18.6,19.4,19.9,18.3,19.1,24.4,97,1011.9,88,0.3,10.5,,
2014-04-03,20.7,18.5,19.6,20.7,18.1,19.3,42.3,97,1013.5,89,1.1,6.0,,
2014-04-04,22.9,19.2,20.6,22.8,18.9,20.7,0.0,82,1016.5,60,7.0,10.4,,
2014-04-05,24.7,18.2,20.8,24.6,17.8,20.7,0.0,73,1016.5,34,10.4,9.3,,
2014-04-06,21.0,17.5,19.2,21.6,17.1,18.9,9.3,89,1017.0,90,0.0,10.4,,
2014-04-07,20.1,17.9,19.2,21.0,17.4,19.0,0.0,86,1016.4,88,0.4,13.7,,
2014-04-08,21.2,18.8,19.9,21.3,18.7,19.8,27.5,95,1014.6,80,0.0,5.8,,
2014-04-09,26.5,19.8,22.3,26.5,19.5,22.2,0.0,89,1014.1,55,9.2,8.6,,
2014-04-10,24.4,21.1,22.1,24.7,20.8,21.9,0.0,85,1015.2,71,4.9,9.5,,
2014-04-11,25.8,20.7,22.7,26.3,20.3,22.6,0.0,85,1013.7,77,8.6,9.9,,
2014-04-12,27.8,21.8,24.1,28.1,21.4,24.1,0.0,82,1012.3,49,10.1,7.9,,
2014-04-13,28.7,22.1,24.7,28.1,21.8,24.4,0.0,84,1012.1,24,10.4,3.7,,
2014-04-14,24.5,21.7,22.8,24.3,21.1,22.5,0.4,84,1014.7,57,0.8,12.4,,
2014-04-15,24.4,20.5,21.9,24.0,19.8,21.5,0.0,78,1015.9,75,7.6,16.4,,
2014-04-16,23.6,21.0,22.1,24.0,20.5,21.8,0.0,84,1013.3,88,0.5,9.6,,
2014-04-17,27.5,22.1,24.1,28.0,21.5,24.1,0.0,86,1012.0,55,8.1,5.4,,
2014-04-18,28.6,22.4,24.9,28.9,21.7,24.4,0.0,84,1012.2,32,9.5,4.0,,
2014-04-19,27.8,23.1,25.0,28.1,22.3,24.7,0.0,85,1011.7,46,7.6,5.7,,
2014-04-20,28.1,23.5,25.4,28.3,23.2,25.1,0.0,82,1011.1,72,1.0,2.3,,
2014-04-21,24.9,22.9,23.8,25.1,22.3,23.4,0.6,91,1012.6,86,0.4,8.5,,
2014-04-22,27.5,22.9,24.8,28.0,22.3,24.5,0.0,86,1012.6,88,1.3,4.1,,
2014-04-23,24.9,21.4,22.4,24.7,20.8,21.8,13.3,96,1012.3,93,0.0,11.6,,
2014-04-24,22.3,21.3,21.7,21.8,20.7,21.2,1.5,95,1011.7,90,0.0,13.6,,
2014-04-25,23.7,21.6,22.6,24.7,21.2,22.4,1.7,95,1012.2,92,0.0,9.1,,
2014-04-26,24.9,22.0,23.1,26.2,21.5,23.0,2.7,90,1012.9,84,0.5,7.8,,
2014-04-27,29.0,22.1,25.5,28.7,21.7,25.5,0.0,73,1013.3,63,8.4,4.5,,
2014-04-28,28.6,23.6,25.4,29.2,22.8,25.3,0.0,68,1013.5,69,7.3,6.7,,
2014-04-29,25.7,22.9,23.9,26.3,22.2,23.7,0.0,81,1013.1,79,2.7,10.0,,
2014-04-30,25.0,22.3,23.3,25.9,21.6,23.0,0.7,85,1011.7,85,1.2,8.9,,
2014-05-01,25.3,21.0,22.8,25.3,20.3,22.6,2.8,87,1012.6,88,0.9,10.0,,
2014-05-02,27.0,22.3,24.0,27.3,21.8,23.8,0.0,81,1015.0,83,5.2,10.5,,
2014-05-03,26.8,23.1,24.6,27.8,22.4,24.4,0.2,76,1014.5,81,6.5,13.2,,
2014-05-04,23.8,21.5,22.4,24.4,21.1,22.0,7.3,95,1012.0,88,0.2,12.3,,
2014-05-05,23.8,20.2,21.8,24.7,19.6,21.6,26.6,91,1014.3,84,1.9,8.0,,
2014-05-06,20.4,18.8,19.9,20.1,17.9,19.2,1.0,89,1016.4,88,0.0,8.8,,
2014-05-07,21.2,19.8,20.4,20.8,19.1,20.0,3.2,94,1013.6,94,0.0,9.5,,
2014-05-08,23.2,21.2,22.2,24.7,20.8,22.1,106.3,97,1010.7,98,0.1,9.8,,
2014-05-09,22.2,20.9,21.7,22.1,20.4,21.3,89.1,99,1009.1,98,0.0,12.0,,
2014-05-10,25.6,21.5,23.3,25.8,21.1,23.1,12.5,95,1008.2,87,0.4,9.4,,
2014-05-11,26.6,22.3,24.3,26.9,22.0,24.0,164.5,95,1007.7,92,0.0,8.8,,
2014-05-12,29.4,23.4,25.8,29.5,22.8,25.6,40.9,92,1008.5,87,3.3,4.4,,
2014-05-13,29.1,24.8,27.3,29.9,24.3,27.0,57.5,89,1007.0,84,2.4,9.5,,
2014-05-14,30.9,27.5,28.7,30.5,26.9,28.4,2.0,82,1005.2,79,2.5,12.3,,
2014-05-15,30.8,27.3,28.9,31.1,27.2,28.7,2.8,83,1005.1,79,4.1,7.0,,
2014-05-16,30.4,26.9,28.2,30.4,26.6,27.9,18.8,90,1007.6,82,1.0,6.1,,
2014-05-17,30.2,26.5,28.3,30.7,26.1,28.0,10.7,88,1008.8,86,1.3,8.1,,
2014-05-18,30.4,27.5,28.7,31.0,27.1,28.3,1.2,82,1008.9,84,2.0,6.7,,
2014-05-19,32.0,25.8,28.9,31.5,24.7,28.5,0.7,81,1008.9,82,4.5,8.1,,
2014-05-20,29.8,23.1,26.9,30.6,22.5,26.6,53.2,88,1007.8,89,2.0,5.9,,
2014-05-21,30.6,23.9,27.1,30.3,23.1,26.7,47.1,88,1006.9,86,1.9,6.8,,
2014-05-22,29.9,28.2,29.1,29.8,27.9,28.6,0.0,80,1005.7,88,0.4,11.9,,
2014-05-23,28.9,25.4,27.4,28.4,24.8,27.0,33.1,90,1008.6,87,0.0,9.5,,
2014-05-24,31.5,25.9,27.9,31.0,25.3,27.8,0.0,87,1011.4,77,4.7,8.3,,
2014-05-25,32.6,26.7,29.5,32.4,27.0,29.0,3.6,78,1011.5,71,8.5,6.5,,
2014-05-26,32.0,27.8,29.6,32.0,27.3,29.3,0.0,78,1010.0,71,9.9,8.8,,
2014-05-27,32.7,27.8,29.7,32.5,27.2,29.3,0.0,78,1007.9,66,9.9,8.3,,
2014-05-28,32.1,27.6,29.4,31.9,27.2,29.1,0.0,77,1007.4,57,11.5,8.8,,
2014-05-29,31.4,28.1,29.4,31.5,27.5,29.2,0.0,79,1007.0,78,7.2,9.0,,
2014-05-30,32.0,27.9,29.8,32.0,27.2,29.4,2.2,76,1007.4,67,6.2,7.0,28.3,30.1
2014-05-31,32.8,28.4,30.1,32.3,27.8,29.7,0.0,76,1008.0,53,9.3,6.6,28.6,30.3
2014-06-01,33.2,28.1,30.2,32.9,27.8,29.9,3.7,77,1007.5,60,10.3,8.0,29.0,30.2
2014-06-02,32.7,28.4,30.1,32.8,27.8,29.8,0.0,74,1005.5,67,11.0,8.0,28.5,29.8
2014-06-03,31.3,28.4,29.5,31.6,27.9,29.1,0.0,79,1004.2,83,1.5,8.7,27.9,30.1
2014-06-04,32.5,28.3,30.2,32.7,27.7,29.9,0.0,75,1004.3,56,11.6,8.1,28.8,30.1
2014-06-05,32.0,28.4,29.9,32.2,27.9,29.4,0.2,79,1003.6,80,3.0,6.6,28.3,30.6
2014-06-06,30.1,26.6,28.0,30.9,26.3,27.7,17.2,81,1003.1,88,1.2,4.5,25.9,29.4
2014-06-07,30.0,25.2,27.2,29.1,24.5,26.9,7.6,84,1002.3,87,1.9,2.7,26.0,28.5
2014-06-08,31.5,26.2,28.6,31.4,25.4,28.4,57.6,82,1001.2,75,5.5,5.2,27.9,29.7
2014-06-09,30.5,25.9,27.8,30.1,25.4,27.6,0.0,81,1001.8,80,6.6,11.7,26.3,28.3
2014-06-10,30.7,27.0,28.4,30.3,26.2,27.9,0.0,79,1001.7,82,4.7,9.5,26.3,27.9
2014-06-11,29.4,27.4,28.1,28.8,26.6,27.6,0.0,78,1001.9,85,1.6,10.0,25.5,26.6
2014-06-12,32.3,26.9,28.8,32.0,26.2,28.4,0.0,68,1002.1,59,9.1,8.6,25.8,27.8
2014-06-13,31.9,26.3,28.8,32.5,25.5,28.8,0.0,58,1002.6,46,6.5,8.7,24.1,26.3
2014-06-14,33.5,27.8,29.8,33.6,27.4,30.0,0.0,59,1003.1,75,7.7,8.4,25.8,28.5
2014-06-15,30.8,25.3,28.2,31.1,25.2,27.9,9.9,80,1001.9,87,0.8,5.8,25.8,29.1
2014-06-16,31.9,26.6,29.6,31.9,26.1,29.2,3.8,81,1002.5,88,3.7,8.1,28.4,30.3
2014-06-17,31.9,29.2,30.2,32.1,28.0,29.7,1.1,79,1004.7,87,2.9,6.6,27.6,29.2
2014-06-18,32.5,27.7,30.1,33.0,27.3,29.9,6.0,79,1004.6,80,7.8,6.9,28.8,30.9
2014-06-19,32.6,27.5,29.7,32.3,27.1,29.3,10.5,83,1003.4,83,4.4,5.8,28.4,30.8
2014-06-20,30.5,26.2,29.2,30.2,25.6,28.7,29.2,85,1002.7,87,0.2,6.5,27.3,28.9
2014-06-21,30.2,25.3,28.4,30.1,25.0,28.2,47.6,88,1003.2,87,1.6,7.5,27.1,29.1
2014-06-22,28.1,25.2,26.6,28.0,24.8,26.2,114.9,94,1004.1,86,0.0,4.5,26.0,27.6
2014-06-23,29.5,26.5,27.8,29.0,26.0,27.4,41.5,89,1004.1,84,0.3,4.0,26.8,28.3
2014-06-24,30.3,26.1,27.8,30.8,25.6,27.7,45.9,91,1004.3,85,4.9,3.8,27.6,30.8
2014-06-25,29.9,26.1,27.6,30.1,25.8,27.5,18.5,92,1005.7,83,1.3,5.3,26.8,28.7
2014-06-26,33.2,27.5,30.3,33.2,27.3,29.9,0.1,78,1006.5,73,9.5,7.2,29.0,30.6
2014-06-27,33.7,28.4,30.5,33.3,27.7,29.9,0.0,78,1005.6,69,8.6,6.3,29.0,30.6
2014-06-28,33.1,28.5,30.3,33.0,27.7,30.0,0.0,78,1004.3,59,9.9,5.1,28.9,30.7
2014-06-29,32.2,26.7,29.3,32.2,26.0,29.1,20.4,84,1005.0,74,5.2,8.2,28.1,29.8
2014-06-30,32.5,27.1,29.3,32.2,26.7,29.1,0.9,85,1007.4,80,4.0,8.3,28.1,30.5
2014-07-01,31.6,26.3,28.7,31.6,25.7,28.3,13.9,88,1008.8,82,1.6,6.7,27.5,29.8
2014-07-02,32.9,28.0,30.1,32.3,27.3,29.8,0.0,81,1007.0,73,6.6,5.8,28.6,29.9
2014-07-03,33.1,29.1,30.5,32.6,28.1,30.1,0.1,77,1004.4,72,10.6,7.8,29.0,30.8
2014-07-04,33.8,29.3,30.9,33.3,28.5,30.4,0.0,76,1004.0,57,11.0,7.6,28.9,30.2
2014-07-05,33.8,28.9,30.9,33.2,28.5,30.3,1.5,76,1004.5,68,9.9,7.5,29.0,30.4
2014-07-06,32.9,27.9,30.4,33.0,27.6,30.0,14.8,79,1004.1,82,7.5,5.6,28.5,29.7
2014-07-07,30.3,26.9,29.0,30.9,26.7,28.8,5.5,84,1001.9,88,0.9,4.7,27.0,29.8
2014-07-08,33.5,28.4,30.5,33.4,27.8,30.3,0.0,78,1000.3,85,7.2,4.7,29.1,30.7
2014-07-09,33.4,28.4,30.8,33.7,28.3,30.7,0.0,76,1002.3,63,9.7,5.0,29.3,30.8
2014-07-10,32.7,27.4,30.1,32.5,27.0,29.7,16.9,80,1003.9,77,5.7,5.2,28.4,30.6
2014-07-11,32.2,26.8,29.4,31.6,26.2,28.8,23.3,82,1005.2,76,2.9,5.0,27.9,30.3
2014-07-12,33.6,28.3,30.3,33.1,27.4,29.8,5.8,81,1006.7,65,5.1,7.3,29.0,30.5
2014-07-13,33.1,28.5,30.0,32.9,28.1,29.8,2.9,80,1008.5,70,6.2,6.3,28.7,30.5
2014-07-14,32.3,27.0,29.9,31.6,26.1,29.6,22.6,80,1009.6,74,7.1,6.3,28.5,30.8
2014-07-15,33.8,28.8,30.6,33.2,28.3,30.1,0.2,75,1009.8,77,9.1,6.7,28.7,30.4
2014-07-16,33.5,28.1,30.2,33.5,27.3,30.0,0.0,76,1007.9,78,11.1,6.6,28.6,30.0
2014-07-17,32.1,26.7,29.2,32.1,25.8,29.2,34.5,81,1004.7,79,4.4,13.4,27.3,29.3
2014-07-18,29.0,26.3,27.6,28.9,25.5,27.4,19.5,88,1003.9,88,0.3,20.4,25.7,27.0
2014-07-19,31.7,26.9,28.7,31.5,26.7,28.6,6.5,86,1007.3,85,6.6,11.4,28.0,29.6
2014-07-20,32.2,26.4,28.9,31.8,25.7,28.8,11.1,85,1008.1,81,9.0,6.5,28.4,29.9
2014-07-21,32.7,27.8,29.7,32.5,27.5,29.5,0.0,75,1005.5,73,5.0,3.7,27.7,30.0
2014-07-22,33.2,26.2,29.4,33.4,25.2,29.2,35.7,79,1002.6,53,8.1,6.3,27.6,30.0
2014-07-23,32.9,29.2,30.6,33.0,28.7,30.3,0.0,79,999.7,60,10.8,9.1,29.4,31.1
2014-07-24,31.0,27.9,29.8,31.0,27.7,29.4,7.3,83,1001.4,88,1.4,9.5,28.4,29.6
2014-07-25,33.5,27.3,29.9,32.8,26.8,29.4,6.2,77,1005.7,82,7.9,7.3,28.4,30.5
2014-07-26,30.3,26.0,28.4,30.7,25.2,27.9,6.7,87,1008.8,87,4.8,7.0,27.2,29.8
2014-07-27,30.6,25.9,27.9,30.9,25.1,27.9,25.5,90,1008.8,75,5.1,8.3,27.3,29.8
2014-07-28,33.2,27.2,29.6,33.0,26.6,29.6,0.0,77,1006.3,40,11.7,4.5,28.5,29.7
2014-07-29,34.2,27.5,30.0,33.3,27.2,29.6,0.0,76,1005.3,52,8.8,5.0,28.0,30.1
2014-07-30,33.6,28.1,30.4,33.5,27.5,30.0,0.0,78,1005.1,34,10.5,4.8,28.9,30.4
2014-07-31,33.6,28.7,30.8,33.2,28.2,30.5,0.0,75,1003.0,16,10.9,7.9,28.8,30.2
2014-08-01,34.6,25.9,30.2,34.4,25.5,29.9,5.9,78,1001.0,39,10.6,7.9,29.1,31.0
2014-08-02,32.8,26.1,29.7,32.5,25.9,29.5,10.7,79,1001.4,47,10.7,6.4,28.8,30.6
2014-08-03,32.3,26.1,29.3,32.0,25.3,29.1,39.3,82,1001.9,60,9.7,5.7,28.5,30.1
2014-08-04,32.7,27.2,30.2,33.3,26.9,29.9,12.0,81,1002.4,72,6.9,5.7,28.5,30.2
2014-08-05,30.7,27.3,29.2,32.1,26.5,28.9,21.1,86,1003.4,73,2.0,5.3,27.7,30.4
2014-08-06,31.1,26.1,28.1,31.0,25.6,27.9,36.5,87,1003.6,83,3.2,4.4,27.0,29.2
2014-08-07,31.0,26.7,29.0,31.3,26.5,28.6,14.5,85,1003.3,87,5.0,5.7,27.5,30.0
2014-08-08,32.3,28.1,29.9,32.4,27.5,29.6,0.0,78,1003.0,57,11.0,6.9,28.6,30.2
2014-08-09,32.0,28.8,30.1,32.5,28.2,29.8,0.0,77,1004.4,72,7.7,7.5,28.7,30.8
2014-08-10,32.4,27.5,29.8,32.4,27.4,29.5,5.1,78,1004.7,74,7.3,8.1,28.5,30.5
2014-08-11,32.1,28.5,29.9,31.9,28.0,29.5,0.0,80,1003.3,78,6.1,8.6,28.8,30.8
2014-08-12,31.9,25.2,28.9,32.1,24.5,28.6,102.9,85,1002.1,88,3.4,7.4,28.2,30.5
2014-08-13,28.8,24.3,26.0,28.2,23.6,25.4,166.1,96,1003.5,93,0.0,4.5,24.5,27.3
2014-08-14,30.7,25.4,28.1,30.4,24.4,27.5,0.5,85,1008.0,79,3.3,6.0,27.2,29.5
2014-08-15,32.4,26.7,29.2,31.8,26.6,28.9,0.0,78,1010.1,53,10.9,7.1,28.3,29.5
2014-08-16,31.9,27.9,29.3,31.8,26.9,28.9,0.0,79,1008.6,65,9.0,8.1,28.3,29.9
2014-08-17,31.9,27.3,29.3,31.7,26.6,29.0,0.0,78,1007.3,49,11.2,8.9,28.4,29.7
2014-08-18,32.4,27.7,29.6,32.0,27.2,29.3,0.0,76,1008.2,76,10.7,8.0,28.1,29.6
2014-08-19,31.3,24.6,27.4,31.5,24.0,27.0,42.1,86,1008.7,93,2.0,6.8,26.6,30.1
2014-08-20,26.5,22.9,24.7,26.5,22.3,24.2,88.8,95,1010.4,88,0.0,2.0,24.0,25.7
2014-08-21,30.7,23.9,26.9,30.7,23.3,26.7,0.1,86,1010.7,68,5.4,5.2,26.5,29.6
2014-08-22,31.9,26.6,28.5,31.0,26.0,27.9,0.0,81,1010.6,61,4.9,3.7,27.3,29.5
2014-08-23,32.2,27.2,29.1,31.9,26.3,28.4,0.0,78,1009.8,51,6.3,4.3,27.7,30.2
2014-08-24,33.2,26.9,29.1,31.8,25.9,28.4,0.0,76,1009.7,40,9.2,4.8,27.6,29.6
2014-08-25,34.1,27.3,29.9,33.0,26.8,29.3,0.0,77,1010.1,40,11.2,6.4,28.6,30.3
2014-08-26,34.2,27.9,30.1,32.6,27.2,29.4,0.0,76,1010.6,40,10.3,8.1,28.5,30.0
2014-08-27,31.7,28.2,29.4,31.4,27.5,28.7,0.7,78,1010.1,77,2.7,12.6,26.7,29.0
2014-08-28,32.1,28.1,29.5,31.3,27.5,28.9,0.3,81,1012.1,79,5.7,13.3,27.8,29.3
2014-08-29,34.1,27.5,30.1,32.5,26.7,29.3,0.0,75,1012.5,53,10.9,7.6,28.2,29.7
2014-08-30,34.0,27.8,30.1,32.7,27.1,29.3,0.0,75,1011.1,60,11.0,9.5,28.0,29.4
2014-08-31,31.2,28.2,29.1,31.2,26.9,28.6,1.6,83,1009.7,84,3.7,10.8,27.4,29.5
2014-09-01,32.7,27.1,29.5,32.6,26.9,29.2,2.2,80,1010.5,57,9.2,8.0,28.5,30.8
2014-09-02,32.2,27.4,29.4,31.8,26.6,28.9,0.0,75,1010.8,36,9.1,6.5,27.7,29.4
2014-09-03,32.8,27.6,29.8,32.8,27.0,29.6,0.0,75,1009.3,33,10.9,8.6,28.2,29.9
2014-09-04,31.6,27.4,29.2,31.9,26.3,28.9,6.7,77,1006.9,51,5.8,6.9,26.7,29.5
2014-09-05,32.7,27.9,29.7,31.5,26.6,28.7,0.0,80,1007.2,65,7.1,9.5,27.9,29.7
2014-09-06,33.6,27.7,29.9,32.6,27.2,29.4,0.0,75,1007.7,52,10.7,8.3,27.9,29.6
2014-09-07,32.9,28.3,29.8,32.1,27.2,29.0,0.6,79,1007.5,79,4.6,11.3,27.7,29.5
2014-09-08,31.0,27.5,29.1,31.2,26.6,28.5,3.0,83,1007.0,86,1.8,8.1,27.5,30.0
2014-09-09,32.5,28.0,29.7,32.5,27.5,29.3,0.0,76,1007.9,52,9.7,6.0,28.4,29.9
2014-09-10,33.9,28.1,30.0,32.9,27.5,29.4,0.0,75,1008.1,59,8.3,4.2,27.8,29.5
2014-09-11,34.1,28.1,30.3,33.2,27.3,29.7,0.0,75,1008.0,73,8.7,7.0,28.4,30.1
2014-09-12,31.6,26.1,28.0,31.3,24.9,27.4,32.1,88,1006.3,86,2.0,9.1,26.7,29.1
2014-09-13,32.1,26.9,29.0,32.6,26.3,28.9,6.2,85,1006.0,65,8.9,8.1,28.4,30.5
2014-09-14,33.4,27.6,29.8,32.9,27.1,29.6,0.5,80,1006.1,46,9.8,7.0,28.6,30.2
2014-09-15,33.2,26.4,29.2,32.7,25.5,29.1,17.6,79,1001.8,75,5.8,13.5,27.3,28.8
2014-09-16,28.8,26.2,27.3,28.9,25.4,27.0,51.6,89,1003.6,87,0.1,26.6,25.6,26.9
2014-09-17,30.5,26.6,28.1,29.2,26.2,27.4,7.7,88,1011.2,85,1.3,10.9,26.7,28.6
2014-09-18,32.5,26.9,29.1,32.0,26.0,28.8,0.0,79,1012.0,32,10.7,5.3,28.3,30.0
2014-09-19,32.2,27.4,29.9,32.6,26.9,29.7,0.3,77,1006.8,35,6.0,5.8,28.1,30.3
2014-09-20,33.0,26.7,29.2,31.9,26.0,28.9,0.0,66,1004.0,63,9.1,9.5,26.0,27.9
2014-09-21,29.9,25.7,27.2,29.2,25.2,26.9,0.0,66,1005.3,71,2.6,7.2,23.7,26.1
2014-09-22,29.6,25.2,27.2,30.1,24.9,27.0,0.0,68,1007.1,64,7.0,5.8,24.6,26.9
2014-09-23,30.1,25.6,27.5,30.6,25.2,27.2,0.0,72,1008.6,47,5.0,3.9,25.2,28.0
2014-09-24,29.9,26.4,28.1,30.2,25.8,27.6,0.0,76,1011.0,69,4.0,2.9,25.9,28.0
2014-09-25,31.2,26.8,28.5,30.4,26.1,27.7,0.0,76,1012.1,53,3.5,4.6,26.3,28.1
2014-09-26,31.4,27.2,28.4,31.5,25.9,27.7,0.7,77,1012.5,61,4.2,3.6,26.2,28.8
2014-09-27,31.7,27.0,28.7,32.5,25.9,28.3,0.0,77,1013.0,30,10.7,5.0,27.7,29.4
2014-09-28,32.8,26.7,29.1,32.3,25.8,28.4,0.0,75,1012.2,28,10.3,4.2,27.6,29.4
2014-09-29,32.4,27.2,29.3,32.3,26.2,28.9,0.0,73,1011.4,29,9.2,5.0,27.3,29.4
2014-09-30,33.6,27.1,29.6,33.7,26.6,29.4,11.4,78,1011.1,43,6.9,4.3,28.4,30.3
2014-10-01,31.4,25.2,28.1,30.9,24.1,27.8,26.7,83,1012.2,79,8.8,8.6,26.8,28.4
2014-10-02,30.8,26.6,28.5,31.1,25.8,28.2,0.0,79,1010.5,66,4.7,5.0,27.0,29.0
2014-10-03,30.0,25.2,27.5,30.8,24.5,27.2,23.7,86,1009.4,75,4.2,4.8,26.2,29.5
2014-10-04,28.9,24.9,26.5,29.4,24.3,26.1,2.6,84,1010.9,78,2.0,6.8,24.9,27.7
2014-10-05,30.7,25.4,27.1,30.4,24.7,26.6,0.1,73,1012.9,47,9.2,7.5,24.5,26.3
2014-10-06,29.8,24.5,26.8,29.2,24.2,26.3,0.0,64,1015.1,48,10.6,9.5,22.6,24.4
2014-10-07,28.9,24.4,26.3,28.4,23.7,25.6,0.0,64,1014.6,26,10.3,8.9,22.3,24.5
2014-10-08,29.1,23.9,26.0,28.7,23.4,25.5,0.0,63,1012.9,30,10.3,7.5,22.0,23.7
2014-10-09,29.2,25.0,26.5,28.9,24.1,25.9,0.0,63,1010.8,55,5.3,4.9,22.4,24.3
2014-10-10,30.3,24.2,27.1,29.6,23.8,26.6,0.0,59,1010.1,43,6.8,5.9,22.4,24.7
2014-10-11,31.4,25.1,27.9,31.2,24.6,27.4,0.0,59,1010.9,26,10.1,6.4,23.9,26.0
2014-10-12,30.9,25.0,27.6,30.7,24.2,27.2,0.0,56,1013.5,15,10.5,7.8,22.8,25.2
2014-10-13,29.9,23.8,26.3,29.6,23.4,25.7,0.0,54,1016.2,29,9.4,9.9,21.5,24.4
2014-10-14,28.7,23.0,25.5,28.4,22.6,24.8,0.0,60,1017.6,49,8.0,7.8,21.5,24.4
2014-10-15,28.4,22.8,25.3,28.2,22.1,24.7,0.0,68,1017.3,36,9.7,8.6,22.6,24.7
2014-10-16,27.6,23.9,25.4,27.1,23.0,24.6,0.0,67,1017.9,41,8.8,13.5,22.1,24.5
2014-10-17,28.0,23.4,25.0,27.9,22.4,24.3,0.0,66,1017.5,26,10.0,12.0,21.9,24.2
2014-10-18,28.3,23.1,25.4,28.1,21.8,24.9,0.0,70,1016.3,33,10.4,11.3,22.8,24.7
2014-10-19,28.5,24.5,25.8,28.2,23.4,25.0,0.0,74,1015.8,46,7.0,11.0,23.2,24.8
2014-10-20,29.4,25.0,26.5,29.2,24.1,25.8,0.0,77,1015.0,50,8.3,7.4,24.9,26.7
2014-10-21,30.4,24.6,27.3,31.2,23.4,26.8,0.0,70,1015.2,61,6.7,4.0,24.6,26.9
2014-10-22,30.6,23.4,27.3,30.2,22.6,27.0,56.4,69,1015.2,58,8.1,7.2,24.0,25.8
2014-10-23,25.7,23.9,24.8,25.3,23.4,24.3,0.2,81,1016.2,86,0.0,10.4,22.2,23.1
2014-10-24,26.0,24.2,24.8,25.3,23.5,24.1,0.0,78,1016.3,81,1.1,9.7,21.9,22.8
2014-10-25,26.0,24.1,25.0,25.9,23.4,24.4,0.0,79,1016.6,80,1.3,8.2,22.7,23.9
2014-10-26,28.3,24.4,25.8,28.8,23.6,25.4,0.1,79,1016.8,88,4.0,7.5,24.0,26.6
2014-10-27,28.7,24.4,26.1,29.1,23.4,25.7,0.0,77,1016.4,60,8.2,9.7,24.6,26.5
2014-10-28,26.8,23.7,25.1,27.0,23.2,24.6,0.0,70,1016.8,71,6.7,15.9,21.7,24.0
2014-10-29,27.7,23.9,25.2,27.9,23.0,24.7,0.0,75,1017.0,72,7.5,12.6,22.6,24.6
2014-10-30,27.5,24.5,25.5,27.9,23.7,25.0,0.0,79,1015.8,55,7.3,11.4,23.7,25.7
2014-10-31,28.1,24.3,25.6,28.9,23.4,25.2,0.0,79,1014.1,54,7.6,7.1,24.2,26.4
2014-11-01,28.6,23.9,25.6,29.5,22.6,25.2,0.0,79,1013.0,19,10.1,4.0,24.7,27.0
2014-11-02,27.4,22.9,25.3,27.5,22.0,24.8,0.0,71,1015.2,56,5.6,8.6,23.1,24.8
2014-11-03,22.9,21.0,21.7,22.0,20.3,21.0,0.0,67,1017.4,88,0.0,7.8,17.6,18.9
2014-11-04,23.5,21.9,22.8,23.2,21.0,22.1,0.0,75,1017.5,88,0.0,8.0,19.8,20.9
2014-11-05,25.2,23.0,23.9,25.2,22.1,23.3,0.0,77,1017.4,83,1.3,11.3,21.7,23.1
2014-11-06,26.5,22.7,24.1,27.0,21.9,23.8,0.1,82,1017.0,79,3.8,5.3,22.6,25.1
2014-11-07,24.0,22.1,22.9,23.8,21.2,22.2,11.8,90,1017.1,88,0.0,9.8,21.3,22.3
2014-11-08,22.1,19.3,20.5,21.5,18.9,20.0,18.0,94,1017.9,88,0.0,5.5,18.6,21.0
2014-11-09,23.9,20.2,22.2,24.6,19.6,22.0,0.0,81,1018.3,84,2.6,7.7,20.5,23.0
2014-11-10,24.7,22.6,23.3,25.7,21.9,23.1,0.0,79,1017.3,64,6.0,11.3,21.7,23.7
2014-11-11,25.0,22.8,23.6,25.4,22.2,23.1,0.0,81,1016.6,86,1.3,7.4,21.7,23.6
2014-11-12,24.3,20.0,22.6,24.3,18.8,21.9,0.0,81,1017.4,88,0.7,5.0,20.9,23.3
2014-11-13,21.3,18.6,19.8,21.0,17.4,19.1,0.0,78,1020.2,88,0.1,6.9,17.2,18.7
2014-11-14,23.0,18.9,20.9,23.5,18.0,20.3,0.0,75,1019.9,72,3.4,6.0,18.6,21.3
2014-11-15,24.1,20.0,21.9,25.0,19.5,21.7,0.4,74,1019.7,28,10.1,10.5,20.1,22.2
2014-11-16,25.8,20.3,22.6,26.3,19.5,22.5,0.0,73,1017.8,24,9.8,4.3,21.1,23.6
2014-11-17,24.3,19.2,21.1,24.2,18.3,20.6,0.0,65,1019.3,19,9.8,8.1,18.8,21.0
2014-11-18,23.5,18.1,20.7,23.7,17.4,20.3,0.0,65,1021.5,59,7.8,7.6,18.1,20.9
2014-11-19,23.7,19.1,21.2,24.6,18.5,20.7,0.0,69,1020.7,45,7.6,6.0,18.5,21.0
2014-11-20,23.4,20.2,21.5,23.8,19.2,21.1,0.0,73,1018.4,40,9.7,10.7,19.2,20.8
2014-11-21,24.5,20.5,22.1,25.6,19.8,21.9,0.0,75,1017.0,45,9.8,8.7,20.5,22.9
2014-11-22,24.6,20.7,22.4,25.5,19.9,22.2,0.0,80,1016.5,40,9.8,9.0,21.3,23.1
2014-11-23,24.9,21.8,22.8,25.9,20.9,22.5,0.0,80,1016.8,43,7.0,11.1,21.4,23.4
2014-11-24,25.7,21.6,23.4,26.8,21.2,23.2,0.0,77,1015.4,38,7.2,8.3,22.2,23.8
2014-11-25,26.9,21.9,24.0,26.8,20.7,23.5,0.0,80,1013.4,37,9.0,2.8,23.2,25.1
2014-11-26,24.8,22.5,23.4,25.9,21.6,22.9,0.0,80,1013.6,73,4.7,9.0,21.5,23.9
2014-11-27,23.0,21.4,22.2,22.8,20.6,21.5,0.4,83,1015.2,89,0.1,9.9,19.9,20.7
2014-11-28,25.0,21.9,23.3,26.1,21.1,22.9,0.0,83,1014.7,81,2.8,7.7,22.1,24.4
2014-11-29,24.2,23.1,23.5,24.1,22.2,22.9,0.2,87,1013.4,88,0.1,10.9,21.7,22.5
2014-11-30,26.0,22.9,24.0,26.8,22.2,23.6,0.2,91,1012.9,86,1.2,4.5,23.4,26.2
2014-12-01,23.9,15.5,19.7,23.0,14.8,18.8,3.1,78,1016.3,88,0.0,9.8,16.3,22.1
2014-12-02,17.6,14.5,16.4,16.9,14.2,15.8,4.5,86,1019.5,88,0.0,8.3,14.4,15.1
2014-12-03,19.3,16.7,18.3,18.7,16.4,17.7,1.7,86,1017.4,88,0.0,10.0,16.5,17.7
2014-12-04,18.7,13.5,14.8,18.1,12.5,14.1,5.4,80,1020.9,94,0.0,10.3,12.1,17.4
2014-12-05,16.8,12.9,15.1,16.6,12.5,14.7,0.5,65,1022.3,83,0.5,6.5,12.0,14.0
2014-12-06,18.8,15.9,17.6,19.4,15.3,17.2,0.0,69,1020.1,85,2.3,10.9,14.9,17.1
2014-12-07,18.7,17.0,17.8,18.9,16.4,17.2,0.1,68,1019.3,88,0.0,9.1,14.5,16.7
2014-12-08,20.7,15.7,18.3,22.1,15.0,17.9,0.1,70,1020.5,73,5.3,7.3,16.3,19.4
2014-12-09,20.8,17.6,19.4,22.0,16.8,19.1,0.0,70,1021.5,51,9.3,10.8,17.0,19.2
2014-12-10,21.0,17.9,19.6,20.7,17.0,19.1,2.1,78,1019.5,88,0.0,4.3,17.2,18.8
2014-12-11,21.5,17.7,19.5,21.3,16.7,19.1,0.0,62,1019.6,89,0.5,6.4,15.8,18.2
2014-12-12,17.7,14.4,15.5,16.7,13.4,14.7,0.0,53,1024.2,85,1.7,11.8,11.1,12.9
2014-12-13,17.6,12.1,14.6,18.7,10.3,14.0,0.0,52,1025.6,41,9.5,6.2,11.3,14.5
2014-12-14,18.9,13.3,16.0,20.1,12.9,15.8,0.0,62,1023.5,29,9.5,6.2,13.2,16.2
2014-12-15,20.1,17.0,18.6,20.2,16.2,18.1,0.0,66,1020.9,84,0.1,4.6,14.8,16.2
2014-12-16,19.0,13.9,16.8,19.0,13.0,16.4,0.0,46,1024.6,43,8.5,13.0,12.4,14.5
2014-12-17,15.2,10.8,13.3,15.5,9.9,12.8,0.0,29,1027.1,21,9.3,13.2,7.7,10.2
2014-12-18,15.8,11.9,14.0,15.6,11.3,13.3,0.1,47,1026.4,80,0.3,7.6,8.8,11.8
2014-12-19,14.7,10.7,13.0,14.1,10.0,12.3,14.3,84,1024.0,90,0.0,6.3,11.3,12.9
2014-12-20,17.7,10.8,14.7,19.3,11.2,14.9,0.2,66,1020.8,39,9.3,9.7,12.6,15.5
2014-12-21,18.8,13.5,16.3,19.8,12.8,16.1,0.0,57,1023.2,33,8.1,10.4,13.2,15.5
2014-12-22,15.5,10.9,13.6,15.8,10.3,13.3,0.0,52,1024.3,44,9.1,9.1,9.7,12.4
2014-12-23,16.3,14.5,15.4,16.2,13.9,14.8,0.0,67,1021.7,90,0.1,4.8,11.7,13.9
2014-12-24,21.4,15.8,18.7,23.4,15.6,18.8,0.0,73,1021.4,88,1.2,4.0,17.5,20.7
2014-12-25,19.1,15.3,16.9,18.6,14.4,16.1,6.7,78,1020.8,94,0.0,11.4,14.1,14.7
2014-12-26,17.0,15.0,16.2,16.9,14.2,15.5,2.2,88,1020.7,100,0.0,9.6,14.5,15.5
2014-12-27,17.7,15.3,16.6,17.1,14.4,15.9,0.5,82,1021.6,95,0.0,7.8,14.6,15.8
2014-12-28,16.1,12.3,14.5,16.2,11.5,13.8,3.2,83,1022.6,72,2.3,7.4,13.4,16.2
2014-12-29,17.9,11.0,14.0,19.5,9.8,13.6,0.0,61,1020.6,10,9.4,5.5,11.8,15.1
2014-12-30,18.4,12.8,14.9,20.0,10.8,14.6,0.0,65,1019.8,9,9.5,4.0,13.1,15.9
2014-12-31,20.4,13.2,16.4,21.8,11.3,15.7,0.0,67,1021.7,19,9.5,2.5,14.8,17.1
2015-01-01,19.2,13.7,16.0,20.3,13.2,15.9,0.0,61,1024.5,16,9.5,7.2,13.2,15.9
2015-01-02,17.1,13.1,15.2,18.0,12.1,14.6,0.0,71,1025.0,21,9.5,8.7,13.0,15.4
2015-01-03,17.9,13.2,15.5,19.0,12.3,15.1,0.0,65,1022.3,2,9.6,9.0,13.1,15.5
2015-01-04,19.6,15.2,17.3,21.2,14.1,17.1,0.0,78,1017.0,56,7.8,9.1,16.0,18.6
2015-01-05,20.7,18.1,19.0,21.1,17.6,18.8,0.0,81,1014.5,88,0.6,10.6,17.8,18.9
2015-01-06,23.9,18.2,20.2,24.4,17.6,19.8,0.0,84,1014.8,49,7.8,2.3,20.2,22.6
2015-01-07,19.2,16.2,18.1,18.9,15.4,17.5,0.1,79,1019.7,70,0.0,5.5,16.0,17.2
2015-01-08,18.0,13.6,15.7,18.6,12.6,15.1,0.0,68,1025.1,32,8.9,7.1,13.4,15.9
2015-01-09,17.5,14.1,15.5,18.3,13.0,14.9,0.0,70,1025.0,34,8.4,6.5,13.2,15.4
2015-01-10,19.2,13.9,16.3,20.4,12.6,15.8,0.0,67,1023.4,23,9.5,8.3,14.0,16.3
2015-01-11,19.6,14.9,16.9,19.7,14.2,16.3,0.0,66,1022.3,79,3.1,5.8,13.6,16.6
2015-01-12,17.1,12.0,14.1,16.3,11.4,13.5,14.9,83,1021.5,89,0.0,10.9,11.7,14.0
2015-01-13,13.9,11.7,12.6,13.5,11.0,12.1,25.8,91,1020.9,82,0.1,5.7,12.0,13.1
2015-01-14,17.5,10.3,13.7,18.7,9.6,13.7,0.0,65,1022.0,13,9.8,9.9,12.4,15.9
2015-01-15,17.6,11.4,14.5,19.2,10.1,14.2,0.0,66,1022.7,20,9.8,4.8,12.9,15.8
2015-01-16,20.2,14.5,16.7,20.4,13.7,16.6,0.0,68,1022.4,29,9.4,3.9,15.2,17.9
2015-01-17,17.7,13.5,15.7,18.5,13.2,15.5,0.0,65,1024.1,14,9.6,10.6,13.5,16.0
2015-01-18,19.2,13.9,16.2,19.6,12.5,15.8,0.0,63,1023.7,28,9.0,8.6,13.9,16.4
2015-01-19,19.3,13.0,15.8,20.6,12.8,15.6,0.0,54,1022.4,15,8.8,7.9,12.4,15.5
2015-01-20,18.5,14.2,15.9,19.5,13.1,15.2,0.0,67,1021.3,45,6.8,7.7,13.3,16.2
2015-01-21,20.4,14.2,17.2,20.7,12.7,16.4,0.0,70,1020.9,37,5.6,1.6,15.0,17.5
2015-01-22,20.7,15.3,17.4,21.5,13.7,17.2,0.0,48,1021.5,14,9.9,8.9,13.4,15.6
2015-01-23,19.3,14.4,16.3,20.1,12.9,15.6,0.0,68,1020.6,31,9.9,8.3,14.6,17.6
2015-01-24,18.5,15.8,17.0,19.7,14.8,16.5,0.9,76,1019.1,85,1.5,12.1,14.9,17.9
2015-01-25,19.7,16.6,18.2,21.1,16.2,17.9,0.0,79,1018.9,81,1.5,11.2,16.9,19.3
2015-01-26,21.5,16.6,18.6,22.1,15.5,18.2,0.0,82,1018.5,51,8.8,9.5,18.2,20.5
2015-01-27,19.8,17.2,18.3,20.2,16.3,17.8,0.0,82,1017.9,71,4.4,10.2,17.0,18.8
2015-01-28,18.5,16.1,16.9,19.0,15.1,16.3,0.0,77,1018.8,75,5.2,12.3,15.1,17.4
2015-01-29,19.5,14.9,16.8,20.1,13.5,16.2,0.0,78,1019.6,23,10.0,10.3,15.9,18.3
2015-01-30,19.6,15.5,16.8,19.3,14.2,15.9,0.0,79,1021.9,49,3.8,4.8,15.3,18.2
2015-01-31,16.5,14.7,15.5,15.8,13.3,14.5,0.0,81,1025.6,83,0.2,6.8,13.3,14.2
2015-02-01,17.2,14.2,15.3,17.1,13.2,14.4,0.0,78,1026.3,83,0.7,7.4,13.0,15.4
2015-02-02,19.1,14.7,16.3,19.7,13.8,15.8,0.0,77,1025.4,53,8.6,7.7,15.3,17.6
2015-02-03,19.8,15.5,17.1,20.9,14.7,16.7,0.0,80,1024.6,58,8.8,8.2,16.6,18.7
2015-02-04,17.9,14.2,16.2,18.2,13.3,15.6,0.0,80,1023.5,80,0.3,4.9,15.0,16.8
2015-02-05,16.5,12.5,14.0,16.3,11.7,13.2,0.0,62,1024.9,84,3.0,7.3,11.0,14.1
2015-02-06,15.7,11.0,13.4,15.6,9.8,12.6,0.3,70,1024.5,88,1.4,6.2,10.8,14.1
2015-02-07,18.4,14.4,16.0,19.0,13.5,15.7,0.0,72,1021.7,81,3.5,8.1,14.4,17.0
2015-02-08,19.5,13.9,16.2,19.3,13.5,15.7,0.0,51,1023.2,67,8.9,9.7,12.0,14.8
2015-02-09,17.2,13.7,14.9,17.4,12.1,14.0,0.0,68,1025.2,34,9.2,11.0,12.6,14.8
2015-02-10,17.1,12.8,14.5,17.3,11.2,13.6,0.0,70,1022.2,26,9.1,9.0,12.7,15.0
2015-02-11,18.0,13.6,16.0,18.6,12.2,15.6,0.0,70,1018.7,67,4.5,5.4,14.5,17.0
2015-02-12,21.4,14.6,17.3,22.2,13.6,16.9,0.0,59,1018.2,49,9.7,4.8,14.6,17.3
2015-02-13,21.5,14.4,17.5,21.9,13.1,17.1,0.0,53,1018.3,49,10.3,8.3,14.0,17.1
2015-02-14,20.5,16.8,18.5,21.9,15.8,18.1,0.0,53,1016.9,62,4.9,12.7,14.2,17.6
2015-02-15,19.8,18.1,18.9,19.6,17.6,18.7,3.3,85,1016.2,88,0.0,6.4,17.3,19.0
2015-02-16,21.6,17.8,19.7,21.3,17.2,19.2,0.0,90,1016.5,68,1.6,2.0,19.4,21.1
2015-02-17,21.6,18.2,19.2,22.0,17.4,18.7,0.0,86,1016.7,79,4.2,6.8,18.3,19.7
2015-02-18,19.4,17.1,18.1,19.8,16.2,17.6,0.0,79,1019.1,86,1.4,13.0,16.0,18.0
2015-02-19,17.9,16.4,17.2,17.7,15.5,16.6,0.0,78,1020.3,88,0.3,18.9,14.9,16.0
2015-02-20,19.1,15.9,17.5,19.7,15.1,17.2,0.0,84,1018.3,88,0.3,12.6,16.5,18.4
2015-02-21,21.0,17.6,19.3,21.8,17.0,19.1,0.2,90,1015.5,86,0.0,5.8,18.9,20.8
2015-02-22,22.0,18.9,20.3,22.7,18.4,19.9,15.6,93,1016.1,90,0.2,5.4,20.1,22.3
2015-02-23,19.1,17.9,18.6,19.9,17.5,18.2,10.2,95,1015.5,93,0.4,12.5,18.0,19.9
2015-02-24,19.6,17.8,18.6,20.5,17.2,18.3,0.0,94,1014.8,88,0.2,11.5,18.4,20.1
2015-02-25,20.5,18.9,19.6,21.2,18.3,19.3,0.8,95,1014.1,88,0.4,9.5,19.4,21.8
2015-02-26,23.8,19.5,21.4,25.0,19.0,21.3,0.0,91,1014.2,71,5.4,6.5,21.7,24.0
2015-02-27,21.5,17.9,19.4,21.0,17.1,18.5,1.2,94,1015.8,87,0.0,12.9,17.8,20.6
2015-02-28,19.5,17.2,18.3,19.4,16.5,17.8,0.4,90,1017.3,89,0.2,12.2,17.3,18.9
2015-03-01,20.4,17.6,18.9,20.2,16.9,18.6,0.0,74,1019.4,84,1.2,5.0,16.2,18.9
2015-03-02,18.2,17.1,17.5,17.8,16.0,16.7,0.0,84,1016.4,92,0.0,10.2,15.7,16.7
2015-03-03,22.5,17.0,19.3,23.2,16.1,18.9,0.2,87,1012.4,89,1.4,8.9,18.7,22.6
2015-03-04,18.7,16.3,17.2,18.6,15.3,16.5,0.2,91,1015.1,92,0.0,12.3,15.9,18.3
2015-03-05,16.6,15.7,16.2,15.7,14.9,15.3,4.8,95,1016.6,98,0.0,18.3,15.3,16.0
2015-03-06,17.4,16.4,16.9,16.4,15.5,16.0,0.1,94,1017.0,96,0.0,12.6,15.9,16.4
2015-03-07,18.4,16.6,17.4,18.7,15.6,16.8,0.2,91,1018.0,100,0.0,9.9,16.7,18.1
2015-03-08,20.3,16.8,18.5,21.1,15.9,18.3,0.0,86,1017.9,91,2.4,12.0,17.9,20.0
2015-03-09,25.1,18.1,21.1,25.1,17.1,20.6,0.0,82,1018.5,65,7.7,3.8,21.0,24.0
2015-03-10,19.4,16.1,17.7,19.6,15.1,17.0,0.0,73,1022.1,75,4.1,13.8,15.1,17.1
2015-03-11,17.6,15.5,16.2,17.8,14.5,15.4,0.3,81,1021.9,92,0.1,9.2,14.1,16.5
2015-03-12,16.5,14.8,15.7,15.9,13.9,14.9,3.7,89,1020.6,92,0.0,5.8,14.4,15.5
2015-03-13,18.3,15.8,17.2,18.1,15.2,16.6,0.0,76,1019.1,92,0.0,14.8,15.0,16.6
2015-03-14,20.3,18.0,19.4,20.4,17.5,19.1,0.0,83,1018.4,91,0.0,11.7,17.9,19.4
2015-03-15,22.5,19.6,20.9,23.4,19.1,20.6,0.0,93,1016.5,92,0.2,7.1,20.8,23.5
2015-03-16,23.7,20.4,21.8,24.5,19.8,21.5,0.0,93,1015.7,91,0.8,8.3,22.0,24.2
2015-03-17,24.6,20.7,22.1,24.4,20.1,21.5,0.0,92,1013.0,86,1.5,11.4,21.8,23.8
2015-03-18,26.0,21.0,23.0,25.4,20.3,22.4,0.0,91,1011.6,86,0.8,8.2,22.4,24.5
2015-03-19,26.4,22.3,24.0,27.0,21.7,23.7,0.0,89,1013.1,68,5.1,4.1,24.0,25.9
2015-03-20,28.3,22.1,24.0,27.5,20.5,23.2,0.0,86,1015.3,39,8.1,4.4,23.4,25.2
2015-03-21,25.5,21.0,22.9,25.4,19.8,22.2,0.0,85,1016.7,65,7.5,3.8,22.4,24.2
2015-03-22,22.3,19.9,21.0,21.6,18.8,20.1,0.1,81,1017.9,85,0.0,10.8,18.8,20.2
2015-03-23,24.5,19.2,20.9,24.6,18.1,20.2,0.0,64,1018.9,80,2.6,13.5,17.6,20.6
2015-03-24,22.3,18.4,19.8,21.9,17.4,18.9,0.0,75,1022.5,86,5.4,12.9,17.7,19.8
2015-03-25,19.1,17.7,18.2,18.5,16.6,17.3,0.0,76,1024.2,83,0.0,10.4,15.7,16.9
2015-03-26,20.5,17.4,18.8,20.7,16.4,18.2,4.2,80,1024.2,88,0.0,5.3,17.1,19.2
2015-03-27,23.7,17.9,20.3,23.9,17.3,20.0,14.6,88,1021.6,86,2.4,1.2,19.8,22.9
2015-03-28,24.8,19.7,21.4,23.9,19.0,20.6,0.0,81,1018.4,46,6.5,8.3,19.8,22.2
2015-03-29,26.7,20.1,22.4,26.3,18.8,21.8,0.0,80,1016.2,68,6.7,6.4,21.7,24.2
2015-03-30,25.2,21.5,22.8,25.8,20.6,22.3,0.0,87,1014.9,84,3.8,9.5,22.6,24.7
2015-03-31,25.6,21.9,23.3,25.8,21.0,22.8,0.0,90,1013.9,83,1.6,5.8,23.1,25.3
2015-04-01,27.2,22.7,24.4,27.0,21.9,23.9,0.0,87,1012.2,80,1.5,6.3,23.9,26.2
2015-04-02,28.5,23.6,25.6,28.5,23.0,25.1,0.0,84,1008.5,80,2.1,6.4,24.5,27.6
2015-04-03,26.9,25.0,25.9,27.0,24.3,25.5,0.0,84,1007.6,82,0.5,5.5,24.4,25.3
2015-04-04,29.4,25.0,26.5,29.1,24.3,26.0,0.0,83,1009.8,74,2.1,5.0,25.3,26.8
2015-04-05,30.6,24.0,26.0,29.0,22.9,25.5,0.0,80,1011.3,38,10.4,7.5,25.4,26.8
2015-04-06,29.8,23.8,26.5,29.4,23.0,26.0,0.0,80,1011.4,32,11.1,4.1,26.2,27.9
2015-04-07,27.1,22.0,24.9,26.5,20.9,24.2,0.1,83,1013.7,81,4.6,10.9,23.6,25.1
2015-04-08,22.1,16.4,18.9,20.8,15.4,17.9,10.0,77,1018.3,92,0.0,9.0,16.0,18.7
2015-04-09,19.4,15.9,18.0,18.7,15.2,17.2,1.3,89,1017.8,94,0.0,6.6,16.7,17.8
2015-04-10,20.0,16.6,18.2,19.3,15.7,17.5,0.7,87,1017.9,90,0.0,4.3,16.8,18.0
2015-04-11,17.9,16.4,17.1,17.6,15.5,16.4,52.0,97,1019.1,100,0.0,4.3,16.4,17.6
2015-04-12,22.4,16.5,19.3,22.4,15.9,19.2,0.2,81,1019.6,71,3.1,3.1,18.5,20.8
2015-04-13,27.2,18.6,22.4,26.8,18.0,22.3,0.0,57,1018.7,9,11.1,5.0,19.2,21.8
2015-04-14,26.6,18.1,21.5,25.1,17.0,21.1,0.0,44,1018.7,9,11.3,7.9,16.3,18.9
2015-04-15,27.5,18.4,22.1,26.7,17.5,21.2,0.0,56,1016.1,15,11.5,5.1,18.9,21.3
2015-04-16,26.1,19.6,22.7,26.1,18.5,22.0,0.0,69,1015.0,25,11.1,4.7,21.4,23.5
2015-04-17,27.4,20.7,23.7,27.6,20.0,23.2,0.0,75,1012.4,52,11.2,5.7,22.2,23.7
2015-04-18,27.2,23.2,25.3,27.9,22.5,25.0,0.0,86,1010.1,88,1.7,9.8,24.5,26.5
2015-04-19,27.5,25.8,26.6,27.7,25.4,26.3,0.0,83,1008.6,88,0.2,7.5,24.9,26.1
2015-04-20,28.6,23.0,26.3,28.3,22.9,25.9,0.2,84,1008.0,88,1.1,6.9,25.4,26.7
2015-04-21,25.7,22.5,23.7,26.4,21.7,23.3,0.0,75,1012.7,81,0.4,5.8,20.8,23.4
2015-04-22,26.7,21.7,23.4,25.8,20.8,22.5,0.0,75,1017.1,81,4.6,9.8,21.2,23.9
2015-04-23,23.6,22.1,22.6,23.2,21.2,22.1,0.0,66,1018.4,88,0.0,9.1,18.3,19.8
2015-04-24,29.0,21.6,24.4,28.1,20.7,23.8,0.0,70,1017.6,48,8.7,5.1,22.8,24.6
2015-04-25,27.2,22.2,23.9,26.3,21.3,23.0,0.0,77,1017.1,52,4.6,9.5,22.0,23.6
2015-04-26,27.9,22.2,24.1,26.7,21.3,23.2,0.0,76,1016.9,59,9.1,9.2,22.2,24.1
2015-04-27,30.3,21.8,24.8,28.6,20.9,24.0,0.0,79,1014.3,27,10.6,5.0,23.8,26.2
2015-04-28,28.9,23.1,25.4,28.1,22.3,25.0,0.0,79,1011.7,58,6.7,5.8,24.4,26.2
2015-04-29,30.1,24.3,26.6,29.7,23.3,26.0,0.0,80,1011.1,66,9.8,6.3,25.9,28.4
2015-04-30,31.9,24.9,27.5,31.1,24.2,26.9,0.0,78,1011.0,41,10.1,5.5,26.3,28.3
2015-05-01,30.8,25.4,27.2,29.6,24.4,26.7,0.5,81,1010.3,76,5.0,7.3,25.9,28.3
2015-05-02,29.8,26.4,27.6,29.5,25.7,27.2,0.0,79,1009.5,79,2.5,8.5,25.7,27.1
2015-05-03,30.4,27.0,28.2,31.1,26.4,28.0,0.0,79,1009.7,81,5.2,6.7,26.9,28.8
2015-05-04,30.7,26.9,28.1,30.7,26.3,27.8,0.0,79,1010.1,83,5.5,7.3,26.8,28.9
2015-05-05,30.5,24.3,27.3,30.2,23.3,26.7,3.9,82,1008.9,86,1.6,7.8,25.9,28.4
2015-05-06,28.9,24.2,26.8,29.2,23.4,26.3,0.6,87,1008.5,85,1.3,7.6,25.8,27.7
2015-05-07,30.6,26.5,28.0,31.1,25.5,27.6,0.3,83,1009.7,81,3.0,6.7,26.7,28.7
2015-05-08,30.2,27.1,28.2,30.2,26.4,27.9,0.0,80,1008.7,84,1.4,9.0,26.4,27.8
2015-05-09,30.5,24.2,27.3,30.8,23.3,26.8,7.3,83,1008.5,81,2.1,8.1,26.4,29.0
2015-05-10,28.8,24.3,26.3,28.9,23.8,26.0,20.1,90,1009.7,84,1.1,7.0,26.1,27.9
2015-05-11,29.4,23.3,25.6,28.8,22.7,25.1,51.0,91,1010.3,85,1.9,8.3,25.7,27.9
2015-05-12,29.5,22.6,25.7,28.9,22.3,25.5,0.0,75,1012.2,78,7.6,6.4,23.7,26.1
2015-05-13,28.4,25.2,26.4,28.4,24.5,26.0,0.0,84,1012.2,85,4.0,10.2,25.4,26.9
2015-05-14,31.9,26.4,28.5,31.7,25.5,28.1,0.0,78,1012.1,70,8.4,7.8,27.1,28.4
2015-05-15,32.6,27.1,29.1,31.4,26.4,28.6,0.0,78,1011.4,73,6.0,7.9,27.4,29.4
2015-05-16,28.6,24.6,26.7,28.8,24.0,26.4,18.4,88,1009.9,86,0.5,4.5,25.5,28.7
2015-05-17,29.6,24.5,26.4,29.9,24.0,26.1,5.7,87,1008.3,86,1.4,5.7,25.7,28.6
2015-05-18,29.3,26.1,28.2,29.5,25.6,27.8,0.9,82,1007.9,88,0.8,9.3,26.3,27.4
2015-05-19,29.3,27.6,28.6,29.1,27.1,28.1,1.2,83,1006.9,88,0.4,11.9,26.6,27.5
2015-05-20,30.0,25.2,27.9,29.9,24.5,27.4,107.7,88,1006.2,90,0.3,9.8,26.9,28.7
2015-05-21,25.3,23.1,24.2,25.1,22.3,23.6,12.6,92,1008.4,93,0.0,13.6,22.8,24.7
2015-05-22,24.3,22.9,23.6,24.2,21.7,22.9,0.7,92,1008.8,88,0.0,13.4,22.6,23.6
2015-05-23,27.4,23.9,24.8,26.8,23.2,24.2,169.4,97,1006.2,96,0.0,5.9,24.5,26.5
2015-05-24,29.0,24.6,26.6,29.5,24.1,26.3,8.2,94,1005.8,88,0.6,3.1,26.9,29.2
2015-05-25,32.5,25.4,28.4,32.3,24.7,28.2,29.4,86,1006.6,78,5.9,3.5,28.2,29.9
2015-05-26,28.7,24.6,26.9,28.2,23.7,26.3,64.6,95,1008.3,89,0.0,4.5,25.6,27.7
2015-05-27,31.0,27.8,29.2,31.7,26.9,28.8,0.2,84,1007.0,86,3.3,10.3,28.0,30.1
2015-05-28,31.9,28.3,30.0,32.6,27.4,29.9,1.4,81,1005.3,86,8.3,9.0,29.1,30.6
2015-05-29,32.5,29.1,30.3,32.5,28.5,30.0,0.0,79,1006.5,83,4.8,7.8,28.6,30.2
2015-05-30,32.5,26.1,29.6,32.9,25.5,29.5,7.0,81,1007.5,79,8.0,7.7,29.4,31.0
2015-05-31,31.5,26.7,29.3,32.1,26.4,28.9,1.9,83,1007.3,86,2.6,5.7,28.2,30.6
2015-06-01,31.2,28.4,29.3,31.3,28.1,28.9,10.6,83,1007.9,82,0.4,8.9,27.4,29.6
2015-06-02,32.5,26.5,29.6,32.3,26.3,29.1,5.4,81,1009.3,81,4.2,8.6,27.9,29.7
2015-06-03,33.2,28.0,29.9,32.4,27.0,29.5,0.0,76,1010.2,68,10.6,8.6,28.5,30.0
2015-06-04,32.8,27.9,29.8,32.6,27.1,29.5,0.0,76,1008.9,59,11.1,8.5,28.6,29.8
2015-06-05,31.4,27.8,29.2,31.7,27.4,28.9,0.0,79,1007.3,77,5.0,7.5,28.1,29.6
2015-06-06,32.4,27.2,29.5,32.6,27.2,29.3,0.8,78,1007.7,78,5.9,6.7,28.3,29.9
2015-06-07,32.1,28.1,29.8,32.1,27.5,29.5,0.0,78,1009.0,65,5.1,8.4,27.8,29.3
2015-06-08,32.2,27.8,29.8,32.3,27.6,29.7,1.6,77,1008.1,73,7.5,9.4,28.2,29.7
2015-06-09,31.5,28.4,29.9,32.1,27.7,29.8,0.0,77,1007.2,72,6.2,8.7,28.2,29.7
2015-06-10,32.0,27.3,29.9,31.9,26.8,29.4,8.1,80,1007.3,83,3.8,7.2,28.0,29.8
2015-06-11,32.7,27.9,30.3,32.6,26.7,29.9,0.8,78,1008.2,79,5.5,7.3,28.7,30.4
2015-06-12,31.7,25.6,28.8,31.5,25.1,28.6,96.8,85,1008.5,79,6.7,6.6,28.3,30.2
2015-06-13,32.3,28.5,29.9,32.0,28.0,29.6,0.4,78,1007.9,76,4.9,7.2,28.2,29.8
2015-06-14,33.0,27.3,29.9,32.4,27.1,29.4,1.5,78,1008.3,77,4.9,7.5,28.0,29.5
2015-06-15,34.0,26.7,30.2,33.1,26.6,29.5,5.2,77,1009.4,48,6.6,5.0,28.1,29.8
2015-06-16,33.4,28.1,30.1,32.6,27.5,29.6,0.0,76,1008.2,39,9.9,7.6,28.6,30.4
2015-06-17,33.0,28.5,30.2,32.6,27.6,29.9,0.0,76,1006.0,40,11.5,8.9,28.9,30.3
2015-06-18,34.2,28.5,30.7,33.3,27.8,30.2,0.0,73,1005.3,52,11.7,7.4,29.0,30.1
2015-06-19,34.2,28.6,30.8,33.4,27.9,30.2,0.0,73,1006.1,40,10.5,8.6,28.7,30.3
2015-06-20,34.1,29.2,30.9,33.8,28.4,30.6,0.0,76,1006.5,56,10.0,6.8,29.2,30.7
2015-06-21,31.9,26.3,28.5,31.8,25.6,28.2,51.0,90,1005.1,80,3.4,10.0,28.0,30.4
2015-06-22,30.0,26.7,27.9,29.9,26.3,27.7,18.1,93,1003.2,87,1.5,10.5,27.3,29.5
2015-06-23,29.1,26.0,27.3,29.2,25.1,26.9,51.3,93,1003.9,88,0.3,7.5,26.4,28.1
2015-06-24,30.7,26.1,28.3,30.3,25.5,27.8,9.7,89,1005.3,86,0.4,7.1,27.1,28.9
2015-06-25,29.7,26.9,28.3,29.4,26.2,27.6,28.5,89,1005.8,88,0.9,6.9,27.0,28.1
2015-06-26,32.3,27.1,29.5,31.9,26.3,29.2,10.4,82,1006.1,68,6.8,7.4,28.4,30.1
2015-06-27,32.5,29.1,30.4,32.6,28.5,30.2,0.0,78,1008.3,53,8.8,8.6,28.9,30.4
2015-06-28,33.6,27.4,30.4,33.2,26.7,30.0,1.9,76,1009.5,64,10.8,8.0,29.1,30.6
2015-06-29,33.3,28.9,30.5,32.7,28.2,30.1,0.0,75,1007.9,54,10.3,8.9,29.0,30.3
2015-06-30,32.5,29.1,30.4,32.8,28.3,30.2,0.0,76,1006.0,66,7.6,8.0,29.2,30.7
2015-07-01,32.7,29.4,30.5,32.8,28.8,30.4,0.0,78,1004.2,78,9.0,8.5,29.5,31.1
2015-07-02,32.6,29.5,30.6,33.0,28.9,30.4,0.0,78,1003.2,81,7.9,9.1,29.6,31.3
2015-07-03,32.4,29.3,30.6,33.0,28.8,30.2,0.0,79,1002.8,80,6.5,7.7,29.2,30.7
2015-07-04,33.8,28.7,30.5,33.2,28.1,30.0,0.0,77,1002.8,78,7.2,5.6,28.6,30.3
2015-07-05,32.7,28.5,29.8,31.4,27.5,29.3,0.0,79,1003.1,69,11.0,6.8,28.6,29.8
2015-07-06,30.7,27.9,29.2,31.1,27.4,29.3,0.0,75,1001.3,80,2.8,6.6,27.0,28.8
2015-07-07,32.7,26.7,29.2,32.2,26.3,29.0,0.0,64,1000.4,69,7.2,8.9,26.0,28.0
2015-07-08,31.8,26.6,28.8,31.7,26.1,28.6,0.0,64,1000.3,82,5.0,7.8,25.6,27.8
2015-07-09,30.2,25.0,27.4,30.2,24.8,27.2,2.0,74,997.4,88,0.4,9.3,24.9,26.7
2015-07-10,32.7,25.4,28.3,31.7,24.8,28.0,24.3,83,1000.2,82,7.3,9.9,26.9,29.1
2015-07-11,32.9,27.1,29.9,33.4,26.7,29.9,0.0,74,1000.1,42,8.5,6.3,28.1,30.0
2015-07-12,33.9,28.7,30.9,33.8,28.2,30.6,0.0,75,1001.1,43,9.5,5.9,29.2,30.6
2015-07-13,34.4,29.0,30.8,33.2,28.3,30.2,0.0,75,1002.3,59,9.3,6.6,28.9,30.5
2015-07-14,34.1,28.6,30.5,32.4,27.7,29.7,0.0,78,1002.1,67,4.8,4.8,28.3,30.1
2015-07-15,33.5,28.4,30.3,33.8,28.0,29.9,0.0,79,1001.1,73,6.5,6.0,28.8,31.1
2015-07-16,32.8,28.0,30.2,32.0,26.9,29.7,0.0,79,1000.5,87,5.2,5.5,28.5,30.4
2015-07-17,32.9,26.4,28.9,32.3,26.0,28.6,1.2,81,1001.5,85,6.2,7.2,27.4,29.8
2015-07-18,32.4,28.5,29.7,31.4,27.6,29.0,0.2,81,1001.6,81,5.3,8.9,27.7,29.4
2015-07-19,33.5,28.2,29.7,32.9,27.7,29.4,0.0,75,1001.2,74,6.3,10.5,27.3,29.3
2015-07-20,29.0,26.2,27.4,28.3,25.5,26.7,46.2,91,1001.4,92,0.0,8.1,25.8,26.9
2015-07-21,27.9,25.2,26.7,27.3,24.8,26.2,51.2,87,1006.6,93,0.0,12.2,24.9,25.8
2015-07-22,28.9,23.9,27.0,28.2,23.9,26.4,191.3,91,1008.4,93,0.0,8.3,25.3,26.7
2015-07-23,29.0,24.9,27.9,28.8,24.8,27.4,45.0,87,1007.9,90,0.3,9.1,25.8,27.1
2015-07-24,30.1,27.4,28.8,29.9,26.9,28.3,5.7,83,1006.9,88,1.8,13.5,26.8,27.9
2015-07-25,29.8,27.3,28.5,29.7,26.7,28.0,9.6,83,1006.6,88,0.7,9.5,26.6,28.6
2015-07-26,30.4,25.9,28.5,30.4,25.3,28.0,24.9,83,1009.0,85,1.3,10.0,26.8,28.5
2015-07-27,31.6,27.7,29.1,31.2,27.1,28.8,0.3,80,1011.4,69,5.5,7.4,27.8,29.5
2015-07-28,32.9,27.5,29.2,32.5,26.7,28.6,0.0,76,1012.1,53,9.3,5.8,27.7,29.4
2015-07-29,31.6,25.8,27.9,31.8,25.2,27.5,3.7,83,1011.6,67,5.3,5.6,26.9,30.1
2015-07-30,30.9,26.3,28.1,30.8,25.5,27.6,0.6,80,1011.1,72,3.4,5.8,26.7,29.3
2015-07-31,31.8,26.1,28.5,31.3,25.4,28.2,0.0,78,1011.0,49,11.4,6.0,27.5,28.9
2015-08-01,32.2,26.9,28.9,31.5,26.2,28.3,0.0,78,1011.2,69,10.7,6.4,27.7,29.0
2015-08-02,32.3,26.8,28.9,31.9,25.8,28.5,0.0,78,1011.6,54,11.4,7.8,27.7,29.1
2015-08-03,33.3,27.3,29.5,32.9,26.6,29.2,0.0,75,1010.6,38,10.3,3.8,26.0,27.7
2015-08-04,33.3,26.8,29.4,31.9,26.3,28.6,0.0,74,1008.3,29,5.7,4.1,27.0,29.1
2015-08-05,33.3,27.6,29.6,32.3,26.8,29.0,0.0,74,1006.1,27,10.8,5.7,28.0,29.5
2015-08-06,33.1,27.8,30.1,32.6,27.2,29.6,0.0,72,1005.3,29,10.6,5.1,28.1,29.6
2015-08-07,33.3,28.2,30.7,33.4,27.7,30.5,0.0,72,1003.4,40,10.0,7.1,28.5,30.1
2015-08-08,36.3,30.0,32.4,36.4,29.5,32.6,0.0,62,998.5,55,10.8,7.6,28.6,29.9
2015-08-09,34.7,26.9,31.0,34.6,25.8,30.7,11.6,71,998.5,80,10.0,8.0,28.5,30.2
2015-08-10,30.6,25.1,28.1,30.2,24.7,27.6,23.5,85,1004.5,88,0.6,5.8,26.5,28.8
2015-08-11,32.8,26.3,29.2,32.1,26.0,28.8,16.8,81,1007.3,77,6.5,6.1,27.9,30.2
2015-08-12,33.7,27.8,30.0,33.1,27.4,29.7,0.0,79,1007.9,78,9.1,6.0,28.7,30.3
2015-08-13,29.6,26.4,28.0,28.9,25.9,27.4,27.5,87,1007.9,84,0.1,6.4,26.3,27.5
2015-08-14,28.8,25.6,26.9,28.1,25.0,26.6,18.9,90,1007.4,88,0.2,3.1,26.3,27.4
2015-08-15,28.6,24.9,27.0,28.0,24.4,26.6,24.6,89,1008.5,88,0.3,3.9,25.4,26.9
2015-08-16,31.2,26.9,29.2,31.2,26.4,28.6,0.1,86,1008.5,88,0.2,5.9,28.1,30.3
2015-08-17,32.4,28.3,29.9,32.3,27.7,29.5,0.0,83,1008.2,81,8.4,7.2,28.9,30.5
2015-08-18,33.8,28.4,30.2,32.4,27.5,29.6,0.0,78,1008.0,67,10.2,7.7,28.9,30.0
2015-08-19,32.8,28.1,30.1,32.5,27.3,29.5,0.0,77,1007.7,59,10.4,7.4,28.9,30.4
2015-08-20,31.2,26.8,29.1,31.2,25.9,28.7,6.1,84,1006.3,67,5.0,5.2,27.7,29.8
2015-08-21,33.4,26.9,30.0,33.8,27.6,30.3,0.0,77,1002.2,70,7.7,6.4,28.6,30.4
2015-08-22,32.0,28.4,30.2,32.4,28.4,30.5,0.0,71,1000.1,48,6.1,6.2,27.7,29.4
2015-08-23,32.9,28.0,30.6,33.5,27.3,30.6,3.4,69,1000.0,30,7.6,5.5,27.8,30.0
2015-08-24,33.2,28.3,30.7,33.1,27.4,30.4,0.0,70,1002.4,48,7.8,4.1,27.7,29.5
2015-08-25,34.4,27.9,30.6,33.7,27.9,30.1,0.0,65,1005.5,22,9.1,5.3,26.8,29.1
2015-08-26,31.7,27.8,28.9,31.3,26.2,28.0,0.2,81,1008.1,78,1.1,6.4,26.6,29.5
2015-08-27,32.4,27.0,29.0,31.9,26.6,28.6,0.0,79,1008.1,75,6.7,5.8,27.8,29.9
2015-08-28,31.2,26.9,28.3,30.9,26.4,28.0,0.0,79,1006.5,84,4.5,5.5,26.7,29.5
2015-08-29,29.6,26.5,27.8,30.8,25.9,27.3,0.9,84,1006.2,87,3.1,4.0,26.3,28.9
2015-08-30,27.9,25.8,26.6,27.9,25.4,26.3,9.7,92,1006.8,88,0.0,1.9,25.7,27.0
2015-08-31,29.0,25.8,27.4,29.6,25.4,27.1,0.0,87,1007.4,88,0.9,3.6,26.6,28.8
2015-09-01,28.9,25.7,27.4,29.3,25.2,27.0,5.3,89,1007.8,87,0.4,7.5,26.2,28.5
2015-09-02,27.7,24.5,25.8,27.0,23.7,25.1,39.0,94,1010.9,88,0.0,7.9,24.2,25.8
2015-09-03,29.0,25.8,27.6,30.0,25.2,27.4,0.2,90,1013.0,87,0.7,7.5,27.2,29.7
2015-09-04,32.9,27.0,29.1,32.4,26.3,28.8,0.0,82,1013.1,60,8.7,5.8,28.4,30.1
2015-09-05,31.9,27.2,29.3,31.7,26.7,28.9,0.0,78,1011.1,38,11.0,6.7,28.1,29.2
2015-09-06,32.3,27.8,29.6,32.1,27.1,29.3,0.0,79,1008.1,43,9.7,8.1,28.6,30.1
2015-09-07,29.6,26.7,28.3,30.1,26.4,28.0,7.3,87,1007.2,82,0.5,5.5,26.9,28.2
2015-09-08,30.7,26.4,27.9,29.9,25.6,27.4,0.0,75,1009.4,60,8.3,11.4,25.5,26.7
2015-09-09,31.2,26.5,28.2,30.1,25.6,27.5,0.0,74,1012.0,44,10.1,9.5,25.7,27.4
2015-09-10,31.3,26.5,28.1,30.4,25.6,27.4,0.0,75,1012.7,47,7.9,9.6,25.8,27.9
2015-09-11,31.0,26.8,28.1,30.4,26.0,27.4,0.0,77,1011.1,46,8.4,10.0,26.3,27.9
2015-09-12,30.5,26.2,27.9,30.6,25.6,27.4,0.0,76,1011.5,66,6.7,8.7,26.1,28.6
2015-09-13,31.2,25.8,28.0,30.4,25.4,27.4,0.0,68,1013.0,49,9.2,10.8,24.7,26.3
2015-09-14,31.4,25.9,28.0,30.3,25.0,27.3,0.0,71,1012.2,46,9.3,10.8,25.1,27.0
2015-09-15,31.9,26.5,28.6,31.2,25.9,28.1,0.0,73,1011.3,60,9.0,11.9,26.0,27.6
2015-09-16,31.0,26.9,28.1,30.2,25.8,27.4,1.5,81,1011.9,86,2.1,10.8,26.0,27.9
2015-09-17,30.6,27.1,28.2,30.5,25.9,27.5,0.0,79,1014.6,72,7.1,10.1,26.2,27.9
2015-09-18,31.8,26.8,28.5,31.1,25.9,27.8,0.0,77,1015.0,47,8.6,7.6,26.6,28.8
2015-09-19,30.6,26.8,28.3,30.8,25.9,27.8,0.0,79,1012.2,67,3.8,4.6,26.5,28.4
2015-09-20,31.1,27.1,28.7,30.7,26.3,28.3,0.0,78,1009.3,74,7.7,6.7,27.3,28.6
2015-09-21,28.7,25.5,27.4,28.6,24.9,26.8,16.9,81,1008.6,88,0.4,5.0,25.0,26.4
2015-09-22,31.0,26.3,28.1,31.3,25.8,28.0,2.9,86,1009.9,67,8.8,8.0,27.5,29.1
2015-09-23,32.0,27.3,28.9,31.6,26.5,28.5,0.0,81,1009.1,40,6.8,4.4,27.7,29.9
2015-09-24,32.0,27.4,29.3,32.3,26.8,29.0,0.0,77,1006.7,23,11.1,7.5,28.1,29.5
2015-09-25,32.2,28.1,29.7,32.2,27.5,29.4,0.0,78,1004.9,38,11.0,7.2,28.4,29.7
2015-09-26,32.2,26.9,28.7,32.6,26.1,28.3,10.2,87,1006.7,71,4.7,5.6,27.7,30.6
2015-09-27,30.2,26.5,27.8,30.4,26.2,27.7,4.6,85,1008.2,81,2.5,4.8,26.6,29.2
2015-09-28,32.8,25.8,29.0,32.4,25.6,29.0,0.0,61,1006.7,30,11.1,7.0,25.3,27.2
2015-09-29,31.3,27.4,29.7,31.7,26.8,29.5,0.0,56,1005.6,53,10.4,7.7,24.8,27.0
2015-09-30,32.7,28.2,29.8,32.7,27.5,29.4,0.0,75,1011.0,78,8.5,6.4,27.7,29.3
2015-10-01,31.7,26.4,28.8,31.8,26.2,28.5,0.3,81,1013.0,84,2.9,3.8,27.2,30.2
2015-10-02,31.6,26.5,27.9,30.9,25.9,27.5,7.0,76,1012.4,82,4.2,9.0,25.3,27.6
2015-10-03,29.7,24.2,26.8,30.2,23.4,26.5,46.4,83,1011.7,88,1.6,14.5,24.8,27.2
2015-10-04,27.8,24.9,26.7,27.8,24.3,26.5,38.1,92,1013.2,95,0.0,22.0,25.3,26.1
2015-10-05,27.8,25.4,26.7,27.9,24.7,26.5,15.6,93,1015.2,88,0.9,14.1,25.7,26.8
2015-10-06,26.8,25.3,26.0,27.1,24.8,25.8,50.7,97,1014.1,86,0.4,9.6,25.2,26.8
2015-10-07,27.6,25.0,26.4,27.5,24.6,26.1,5.8,92,1012.7,85,0.7,3.9,25.7,26.9
2015-10-08,30.0,26.1,27.8,30.5,25.5,27.7,0.0,76,1010.5,54,10.6,7.5,26.5,28.1
2015-10-09,29.4,24.8,26.8,30.1,24.3,26.5,0.0,70,1011.3,45,7.1,6.0,24.2,26.7
2015-10-10,26.6,21.1,24.3,27.0,20.3,23.6,1.0,77,1013.7,85,0.6,8.5,22.3,24.9
2015-10-11,22.1,18.5,20.5,21.7,18.0,20.0,2.0,78,1018.0,88,0.0,10.8,17.5,18.1
2015-10-12,24.9,21.0,23.1,25.0,20.4,23.0,0.0,67,1019.0,88,0.0,5.3,19.4,21.1
2015-10-13,27.8,23.3,25.1,27.8,22.8,24.8,0.0,70,1018.7,68,10.5,8.5,22.4,24.5
2015-10-14,28.2,23.1,25.0,28.4,22.4,24.4,0.0,75,1017.4,51,7.4,6.8,23.0,25.3
2015-10-15,28.7,23.1,25.2,28.9,22.5,24.8,0.0,76,1015.2,19,9.1,5.9,23.7,26.0
2015-10-16,29.4,23.3,25.8,29.9,22.2,25.3,0.0,73,1013.8,20,10.5,4.9,23.5,25.7
2015-10-17,30.8,23.6,26.2,30.4,22.7,25.5,0.0,69,1013.4,17,10.5,4.6,22.9,25.0
2015-10-18,29.1,23.5,25.5,29.4,22.3,24.8,0.0,70,1012.5,43,9.7,3.8,22.7,24.8
2015-10-19,28.2,23.1,25.3,28.1,22.6,24.9,0.0,59,1010.2,79,4.4,5.6,20.8,23.4
2015-10-20,29.1,23.8,26.2,28.8,23.2,25.8,0.0,58,1008.3,78,7.5,5.5,21.9,24.2
2015-10-21,29.2,24.3,26.4,29.9,23.8,26.1,0.0,65,1010.2,64,6.4,3.5,23.3,26.1
2015-10-22,30.6,25.3,27.0,30.3,24.3,26.4,0.0,70,1012.0,48,7.8,4.5,23.9,26.1
2015-10-23,30.7,24.8,27.0,30.6,23.7,26.4,0.0,73,1013.0,50,8.3,5.4,24.4,26.5
2015-10-24,29.6,24.9,26.8,30.0,23.7,26.3,0.0,76,1015.0,61,8.2,7.6,24.6,26.9
2015-10-25,26.6,25.4,25.9,27.1,24.4,25.4,0.2,77,1016.8,77,3.0,13.0,23.2,24.9
2015-10-26,26.2,24.5,25.4,26.2,23.6,24.7,0.7,83,1016.8,81,0.8,9.8,23.2,24.8
2015-10-27,30.1,24.3,26.5,30.1,23.3,26.2,0.0,77,1015.6,48,9.5,4.2,24.9,27.2
2015-10-28,29.2,25.5,26.7,29.5,24.7,26.4,0.0,82,1017.0,46,9.5,9.3,25.9,27.7
2015-10-29,28.4,25.5,26.4,28.5,24.6,25.8,0.0,81,1018.2,61,7.0,11.2,25.0,26.6
2015-10-30,29.6,25.3,26.7,30.0,24.2,26.2,0.0,81,1017.8,53,8.4,7.6,25.5,27.3
2015-10-31,27.2,24.4,25.6,27.6,23.0,25.0,0.5,79,1020.4,66,5.3,13.0,23.6,25.3
2015-11-01,24.5,20.5,22.9,24.2,19.3,22.1,0.0,73,1020.9,61,4.3,8.1,20.2,22.1
2015-11-02,26.0,19.7,22.6,25.8,18.7,22.1,0.0,67,1019.8,72,7.5,5.8,20.0,22.5
2015-11-03,25.8,22.3,23.7,26.2,21.2,23.0,0.0,74,1019.5,82,2.4,9.7,20.9,23.3
2015-11-04,26.6,23.1,24.7,26.9,22.1,24.2,0.0,77,1018.1,83,3.0,8.3,22.3,24.4
2015-11-05,28.2,24.5,25.8,29.0,23.7,25.4,0.0,80,1016.1,82,6.5,10.0,24.1,26.3
2015-11-06,26.3,24.7,25.5,26.2,24.2,24.9,0.0,83,1015.6,81,0.5,10.7,23.2,24.3
2015-11-07,28.4,25.2,26.2,29.2,24.5,25.9,0.3,85,1016.3,87,3.4,11.0,25.0,27.4
2015-11-08,28.7,25.5,26.5,29.8,24.4,26.2,0.0,84,1016.4,70,5.9,7.4,25.6,28.0
2015-11-09,30.3,24.8,26.7,31.4,23.9,26.4,0.0,82,1015.8,58,7.7,4.9,25.9,28.1
2015-11-10,25.9,24.0,24.9,26.1,23.1,24.1,0.3,81,1016.9,88,1.1,12.9,22.4,25.0
2015-11-11,25.4,22.6,23.8,25.0,21.7,23.2,1.1,82,1017.7,85,2.6,14.7,21.7,23.0
2015-11-12,24.2,23.6,23.9,23.8,22.8,23.2,0.3,84,1017.3,88,0.0,13.1,21.7,22.3
2015-11-13,25.3,21.0,23.3,25.5,21.0,23.1,10.4,92,1015.2,86,0.3,7.8,23.2,24.5
2015-11-14,26.9,22.3,24.4,28.0,21.6,24.1,0.0,83,1014.5,74,5.5,3.0,23.4,26.3
2015-11-15,24.8,23.5,24.2,24.7,23.1,23.7,6.5,89,1015.2,84,0.1,11.9,22.6,23.5
2015-11-16,25.9,23.6,24.8,26.5,23.0,24.6,3.9,93,1013.7,74,2.3,9.0,24.2,25.9
2015-11-17,27.2,24.4,25.5,28.7,23.8,25.5,0.0,90,1013.9,51,7.0,8.0,25.7,27.7
2015-11-18,29.1,24.1,26.1,29.4,23.1,25.9,0.0,84,1016.0,20,8.2,2.8,25.5,27.6
2015-11-19,28.5,24.5,25.9,29.8,23.6,25.6,0.0,84,1017.0,58,5.9,8.3,24.9,27.4
2015-11-20,25.9,24.4,24.8,26.0,23.4,24.1,0.0,82,1017.2,73,1.1,11.3,22.6,24.7
2015-11-21,26.0,23.9,24.8,26.0,23.1,24.3,0.0,80,1017.0,83,0.4,11.2,22.5,23.7
2015-11-22,27.6,24.0,25.4,28.7,23.5,25.2,0.0,78,1017.1,65,8.3,8.3,23.8,25.6
2015-11-23,28.4,23.7,25.4,28.8,23.2,24.9,0.0,78,1016.7,47,7.7,6.5,23.6,25.9
2015-11-24,26.6,23.3,24.5,27.0,22.4,24.0,0.0,76,1016.7,35,9.8,9.9,22.3,23.9
2015-11-25,25.3,18.2,22.6,25.4,16.8,22.0,0.0,70,1017.7,44,6.9,9.4,20.9,22.5
2015-11-26,21.2,15.8,18.2,21.5,14.4,17.3,0.0,52,1020.6,46,3.5,10.8,13.7,16.3
2015-11-27,20.4,15.3,18.4,20.7,14.3,17.7,0.0,57,1022.4,44,8.6,10.7,14.6,17.7
2015-11-28,22.9,19.2,20.8,23.9,18.1,20.3,0.0,70,1022.5,49,8.6,12.2,18.5,20.7
2015-11-29,24.1,20.3,22.1,25.0,19.5,21.7,0.0,75,1021.2,40,8.8,4.5,20.9,22.9
2015-11-30,25.2,20.4,22.4,26.2,19.6,22.0,0.0,75,1018.9,56,6.0,4.3,20.3,22.9
2015-12-01,25.1,22.0,22.9,24.6,21.1,22.2,0.0,79,1017.6,85,2.0,8.0,21.0,23.0
2015-12-02,25.0,22.2,23.3,26.5,21.2,22.9,0.0,80,1017.1,69,6.3,6.7,22.3,24.6
2015-12-03,22.3,19.6,20.8,21.8,18.4,19.9,0.0,77,1019.4,93,0.0,7.8,17.7,18.8
2015-12-04,21.0,18.4,19.5,20.8,17.6,18.9,0.0,75,1021.1,88,0.6,11.1,17.0,18.9
2015-12-05,20.3,15.7,18.4,19.5,15.2,17.7,15.7,85,1018.4,91,0.1,12.3,16.9,18.3
2015-12-06,18.1,15.4,16.6,17.5,14.5,15.9,1.0,76,1021.3,91,0.1,6.9,14.0,16.2
2015-12-07,19.3,15.4,17.3,19.6,14.4,16.7,0.0,72,1023.1,86,0.9,4.9,15.2,17.7
2015-12-08,19.0,17.0,18.0,18.6,16.3,17.5,0.7,78,1022.2,90,0.0,6.1,15.4,16.7
2015-12-09,18.9,16.9,17.7,18.4,16.4,17.2,44.6,95,1016.8,95,0.0,6.7,16.6,17.4
2015-12-10,20.9,17.6,19.3,21.4,17.3,19.3,0.0,86,1015.5,80,5.1,4.0,19.0,20.9
2015-12-11,23.0,17.9,19.9,23.5,17.2,19.6,0.0,76,1016.4,72,6.3,6.7,18.5,21.5
2015-12-12,20.7,19.4,20.0,20.5,18.8,19.5,0.0,83,1016.2,88,0.2,14.2,18.3,19.3
2015-12-13,21.0,19.7,20.4,21.2,19.1,19.8,0.0,85,1016.4,83,0.0,12.1,18.8,20.2
2015-12-14,21.3,19.1,20.4,21.9,18.4,20.0,0.0,82,1016.6,84,0.4,8.0,19.5,21.4
2015-12-15,20.4,16.0,18.4,20.5,14.9,17.7,0.0,69,1019.0,70,2.2,8.7,15.9,19.0
2015-12-16,17.2,13.4,15.2,17.4,12.5,14.5,0.0,49,1022.5,11,9.3,14.1,11.6,13.7
2015-12-17,15.2,11.5,13.2,15.6,10.7,12.6,0.0,39,1025.9,25,9.1,12.7,8.9,12.0
2015-12-18,16.5,11.3,13.9,17.1,10.5,13.6,0.0,48,1026.4,11,9.5,8.7,10.8,13.0
2015-12-19,18.2,13.8,16.2,19.4,13.3,15.9,0.0,62,1025.4,71,2.1,7.3,12.9,17.6
2015-12-20,18.6,17.0,17.6,18.3,16.2,17.0,0.7,75,1022.5,88,0.0,3.3,15.0,16.1
2015-12-21,21.1,17.1,19.4,22.2,16.3,19.2,0.0,82,1021.3,87,1.6,8.5,18.3,20.5
2015-12-22,20.6,18.7,19.9,20.6,18.0,19.5,0.6,87,1020.3,88,0.3,11.3,18.6,19.6
2015-12-23,22.3,19.8,21.1,22.6,19.1,20.8,0.0,91,1017.8,79,0.0,7.6,20.7,21.7
2015-12-24,24.7,21.1,22.3,25.8,20.6,22.2,0.0,91,1016.8,70,6.0,5.0,22.6,24.7
2015-12-25,21.4,16.1,18.2,21.1,15.0,17.7,0.2,75,1020.4,89,0.7,8.3,15.0,20.7
2015-12-26,19.7,16.9,17.9,20.1,15.8,17.3,0.0,74,1020.6,87,0.6,5.3,15.7,19.3
2015-12-27,18.8,16.9,17.7,18.6,16.2,17.2,0.4,84,1022.7,90,0.0,4.8,16.1,17.3
2015-12-28,18.6,16.3,17.3,18.9,15.6,16.7,0.0,75,1026.6,85,1.0,7.9,14.7,17.7
2015-12-29,18.9,16.4,17.7,19.3,15.0,17.2,0.0,75,1025.9,78,4.6,10.0,15.7,17.6
2015-12-30,19.2,15.2,17.3,19.3,14.6,16.6,0.4,78,1025.3,86,1.2,6.5,15.5,17.7
2015-12-31,20.5,15.5,17.8,20.4,14.7,16.8,0.0,74,1026.4,66,5.7,6.3,15.8,18.7
2016-01-01,19.9,16.8,18.3,21.0,16.0,18.0,0.0,72,1025.9,49,9.3,8.0,16.6,18.7
2016-01-02,21.7,17.2,18.9,22.2,16.0,18.4,0.3,81,1022.0,83,0.6,4.3,17.8,19.8
2016-01-03,20.3,18.0,19.3,20.6,17.5,18.9,5.6,95,1019.7,91,0.0,4.8,19.0,20.9
2016-01-04,22.3,19.1,20.6,23.2,18.6,20.4,0.0,90,1018.9,88,1.0,7.5,20.4,22.5
2016-01-05,21.3,20.2,20.7,21.0,19.5,20.2,46.7,95,1015.9,81,0.0,6.8,20.3,20.9
2016-01-06,24.3,19.2,20.9,26.3,18.6,21.0,0.0,84,1018.8,51,7.7,6.5,20.6,23.6
2016-01-07,21.4,17.0,18.8,21.4,16.4,18.2,0.0,79,1021.8,56,3.4,7.6,16.8,19.6
2016-01-08,21.0,16.5,18.4,22.0,15.5,17.9,0.0,78,1020.8,28,7.7,4.7,17.1,19.8
2016-01-09,18.9,17.1,18.1,19.9,16.3,17.7,0.0,78,1020.6,79,3.3,12.4,16.3,18.5
2016-01-10,18.5,17.2,18.0,18.0,16.5,17.3,6.9,85,1017.5,91,0.0,13.8,16.2,16.7
2016-01-11,20.4,16.5,18.1,21.2,16.0,18.0,30.7,90,1016.5,90,2.1,5.9,17.5,19.7
2016-01-12,18.5,16.1,17.3,18.7,15.5,16.8,0.0,79,1019.9,86,0.6,7.0,15.1,17.2
2016-01-13,18.7,14.2,16.1,19.5,13.2,15.7,0.0,77,1020.8,34,9.1,8.5,14.7,17.2
2016-01-14,17.5,15.6,16.5,17.8,14.8,15.7,1.1,79,1019.3,81,1.5,9.4,14.4,16.4
2016-01-15,16.1,14.5,15.1,15.6,14.0,14.6,38.8,97,1015.4,97,0.0,9.9,13.8,14.9
2016-01-16,17.1,15.5,16.4,16.7,15.1,16.1,12.3,95,1013.5,93,0.0,14.3,15.6,16.2
2016-01-17,20.6,14.8,17.8,21.3,14.1,17.7,24.6,90,1011.5,79,1.6,6.6,17.9,20.7
2016-01-18,17.8,11.9,15.2,17.8,11.2,14.7,0.0,76,1017.1,49,3.9,7.3,13.3,16.1
2016-01-19,17.6,15.3,16.4,18.1,14.9,16.0,0.0,78,1020.1,84,1.0,9.1,13.9,16.5
2016-01-20,16.8,14.8,15.5,16.2,14.3,14.9,3.3,90,1019.6,92,0.0,16.6,13.8,14.4
2016-01-21,17.1,15.1,16.1,16.9,14.5,15.7,0.1,95,1017.7,100,0.0,6.2,15.6,16.5
2016-01-22,16.2,10.3,14.1,15.6,9.4,13.5,12.9,92,1018.9,100,0.0,10.4,13.6,14.8
2016-01-23,10.4,7.0,8.5,9.7,6.2,7.7,0.5,70,1027.1,95,0.0,15.4,5.3,7.9
2016-01-24,7.1,3.1,4.9,6.3,2.6,4.3,4.0,61,1034.6,96,0.0,17.1,0.9,3.8
2016-01-25,10.8,4.3,7.4,11.7,3.5,7.2,0.0,46,1032.6,25,10.1,10.7,,4.2
2016-01-26,13.5,8.1,10.4,14.1,7.4,10.1,0.0,59,1027.1,85,0.4,4.3,7.2,10.0
2016-01-27,15.3,9.8,13.0,16.4,9.5,12.9,3.5,92,1022.7,95,0.2,7.5,12.5,15.6
2016-01-28,17.4,14.8,16.1,17.6,14.7,16.0,42.5,98,1018.2,100,0.0,10.3,16.0,17.6
2016-01-29,17.4,15.9,16.6,18.0,15.8,16.6,32.8,96,1017.9,91,0.2,8.8,16.5,18.0
2016-01-30,19.9,16.2,17.6,20.8,15.6,17.6,0.0,88,1020.0,80,3.3,5.5,17.4,19.8
2016-01-31,16.2,15.3,15.7,15.8,15.0,15.3,0.3,86,1019.9,93,0.1,15.8,13.8,14.6
2016-02-01,15.6,10.7,12.4,15.2,10.1,11.9,11.3,93,1022.2,96,0.0,7.0,10.8,14.3
2016-02-02,11.2,9.4,10.4,10.4,8.7,9.6,0.0,79,1024.4,94,0.0,7.1,8.0,9.3
2016-02-03,14.3,10.3,12.5,14.3,9.6,12.1,0.0,77,1023.6,88,0.3,6.9,10.7,12.5
2016-02-04,18.8,13.3,15.2,18.9,12.7,15.0,0.0,76,1021.8,45,9.2,5.8,14.8,17.2
2016-02-05,18.6,12.3,14.8,19.4,11.6,14.7,0.0,66,1021.2,18,10.1,8.7,13.3,16.2
2016-02-06,17.4,11.2,13.6,17.5,10.6,13.4,0.0,39,1024.9,13,10.2,18.1,9.0,12.2
2016-02-07,18.1,9.9,13.7,18.8,9.3,13.4,0.0,36,1026.1,2,10.2,9.2,8.7,12.9
2016-02-08,19.6,11.6,14.8,20.1,9.8,14.3,0.0,52,1023.9,0,10.2,6.8,11.0,13.7
2016-02-09,21.2,12.7,16.7,22.8,11.7,16.8,0.0,54,1020.8,29,10.2,8.3,14.6,18.7
2016-02-10,17.3,15.3,16.6,17.5,14.3,16.5,0.2,64,1017.5,77,0.1,12.6,13.3,14.6
2016-02-11,22.4,17.2,18.8,24.2,16.7,18.8,0.0,86,1014.9,80,2.4,10.5,18.8,22.8
2016-02-12,21.6,17.6,19.2,21.5,17.5,19.2,0.1,95,1013.4,86,0.6,7.8,18.9,21.1
2016-02-13,25.9,21.3,23.1,25.9,21.2,23.1,0.0,89,1012.5,76,3.5,6.8,22.7,24.1
2016-02-14,24.6,17.4,21.7,25.3,16.4,21.7,0.0,81,1014.8,82,3.9,6.2,21.6,24.7
2016-02-15,17.5,11.4,13.2,16.4,10.3,12.2,0.3,64,1024.3,88,0.0,10.7,9.0,13.0
2016-02-16,15.1,10.9,12.8,15.3,10.0,12.2,0.0,63,1025.4,89,0.7,7.7,10.3,12.5
2016-02-17,14.4,11.6,12.9,13.8,10.6,12.1,1.7,77,1024.1,91,0.0,4.8,10.4,11.7
2016-02-18,15.0,11.7,13.7,14.8,10.9,13.2,3.4,89,1021.9,95,0.0,5.1,12.5,13.6
2016-02-19,16.3,14.6,15.3,16.1,14.2,15.0,4.4,88,1020.3,94,0.0,6.0,13.9,14.7
2016-02-20,20.1,12.5,16.0,20.4,12.5,16.1,2.4,67,1023.2,55,5.9,7.9,13.2,16.7
2016-02-21,15.9,14.7,15.0,15.0,14.2,14.4,0.0,77,1022.2,82,0.0,17.0,12.0,13.1
2016-02-22,17.6,14.6,16.1,18.0,13.9,16.0,0.5,91,1020.6,88,0.3,10.9,15.5,17.4
2016-02-23,16.7,13.7,15.5,17.1,13.0,15.4,0.5,92,1022.3,88,0.0,4.1,15.0,16.5
2016-02-24,15.5,12.3,13.7,15.2,11.7,13.1,0.0,78,1027.5,88,0.0,9.0,11.6,13.4
2016-02-25,16.8,13.5,14.8,16.8,12.8,14.3,0.0,76,1028.9,87,0.1,6.7,12.6,14.6
2016-02-26,17.6,14.0,15.2,18.1,13.2,14.9,0.0,79,1027.4,88,0.2,3.9,13.8,16.2
2016-02-27,17.5,13.8,15.5,18.5,13.5,15.5,0.0,79,1024.7,79,5.0,4.9,15.0,17.6
2016-02-28,20.9,13.3,16.6,20.8,12.5,16.3,0.0,72,1023.8,49,9.5,5.3,15.6,18.5
2016-02-29,24.8,14.4,18.5,25.5,14.0,18.5,0.0,61,1024.4,19,10.7,9.8,15.6,18.7
2016-03-01,19.7,14.6,16.5,19.1,13.5,15.8,0.0,73,1024.7,43,9.9,15.5,14.5,16.3
2016-03-02,20.6,14.4,16.6,20.3,13.4,15.9,0.0,72,1023.8,32,10.6,11.7,13.7,16.0
2016-03-03,23.8,15.4,18.7,23.6,14.3,18.2,0.0,75,1020.9,46,10.0,7.2,18.9,20.1
2016-03-04,23.2,18.1,20.2,24.3,17.2,19.9,0.0,82,1018.1,71,3.0,6.7,19.6,22.2
2016-03-05,23.1,19.2,20.8,24.3,18.6,20.6,0.0,79,1016.7,83,0.5,5.6,19.3,22.0
2016-03-06,25.9,19.2,21.8,25.7,18.9,21.5,0.0,79,1015.8,72,7.6,3.0,21.1,23.8
2016-03-07,21.3,18.9,19.7,21.2,18.3,19.4,0.2,91,1014.9,76,0.0,8.6,18.8,20.1
2016-03-08,21.5,18.9,20.1,22.1,18.5,19.8,0.0,93,1012.5,88,0.3,9.4,19.4,21.5
2016-03-09,22.9,17.1,20.8,23.2,16.2,20.3,15.5,95,1012.5,88,0.6,9.9,21.0,23.1
2016-03-10,17.2,10.0,13.4,16.2,9.2,12.6,16.8,93,1019.5,93,0.0,12.0,11.7,15.7
2016-03-11,14.3,10.0,11.9,13.8,9.2,11.1,0.1,77,1022.6,93,0.0,6.6,9.9,12.2
2016-03-12,14.5,12.7,13.6,13.7,11.8,12.9,0.1,87,1017.7,100,0.0,11.9,12.1,13.2
2016-03-13,17.0,14.4,15.8,16.8,13.6,15.4,6.8,96,1014.5,99,0.0,11.9,15.6,16.6
2016-03-14,16.5,14.2,15.3,16.3,14.0,15.0,0.8,83,1018.0,89,1.1,7.2,13.5,15.5
2016-03-15,15.5,14.0,14.8,15.1,13.1,14.1,0.0,79,1017.1,94,0.0,12.5,12.2,13.2
2016-03-16,16.3,14.1,15.3,15.7,13.2,14.8,1.1,90,1015.0,100,0.0,14.6,14.1,15.1
2016-03-17,17.4,15.6,16.5,17.2,15.2,16.2,2.2,97,1014.3,97,0.0,19.0,16.1,17.0
2016-03-18,21.9,17.2,19.5,23.0,16.9,19.6,0.0,97,1012.0,92,0.1,5.4,20.0,22.4
2016-03-19,24.9,20.3,22.4,25.7,20.0,22.5,0.0,94,1013.0,85,1.5,2.7,22.9,24.7
2016-03-20,23.1,17.6,19.0,22.7,17.3,18.5,0.3,91,1014.7,96,0.0,18.7,16.9,22.3
2016-03-21,18.2,16.4,17.1,18.1,15.8,16.6,59.6,95,1014.8,95,0.1,18.0,16.2,17.8
2016-03-22,17.3,15.9,16.6,16.9,15.4,16.1,1.7,96,1013.4,100,0.0,18.2,15.7,16.4
2016-03-23,20.6,17.1,18.4,20.8,16.7,18.1,8.7,97,1012.8,95,0.6,11.0,18.2,21.1
2016-03-24,17.7,12.7,15.3,17.3,12.4,14.8,33.4,98,1020.2,99,0.0,9.0,14.4,16.9
2016-03-25,15.7,11.6,13.7,15.7,11.5,13.4,1.4,75,1023.9,88,0.2,6.2,11.2,12.4
2016-03-26,20.2,12.6,15.8,19.7,11.6,15.4,0.0,68,1023.6,22,11.1,7.1,14.5,17.0
2016-03-27,22.4,14.6,17.3,22.1,13.4,16.7,0.0,58,1024.1,19,11.1,5.6,14.4,17.0
2016-03-28,19.9,15.2,16.9,19.0,14.0,16.2,0.0,65,1024.1,58,5.6,9.3,13.7,15.7
2016-03-29,19.4,15.7,17.7,21.2,14.8,17.6,0.0,59,1021.4,74,2.4,9.0,13.7,16.3
2016-03-30,22.2,18.4,20.0,23.0,18.1,19.9,0.0,79,1018.3,89,2.4,6.9,18.6,20.8
2016-03-31,25.5,19.1,21.5,24.8,18.4,20.9,0.0,86,1015.3,83,6.1,3.3,21.3,23.4
2016-04-01,25.3,19.9,21.9,25.7,19.6,21.5,0.0,86,1014.5,83,3.6,5.4,21.6,23.7
2016-04-02,23.8,19.8,21.3,24.2,19.1,21.0,0.0,90,1015.6,81,1.5,8.5,20.8,23.1
2016-04-03,26.5,21.0,23.0,26.3,20.4,22.6,0.0,87,1014.6,88,2.3,3.8,22.5,25.1
2016-04-04,28.1,20.7,23.6,28.7,20.3,23.2,4.3,88,1012.5,84,2.2,3.6,23.7,26.6
2016-04-05,24.4,20.7,22.3,25.2,19.9,21.9,0.0,91,1013.3,78,1.0,9.4,22.4,24.5
2016-04-06,26.5,21.5,23.1,26.4,20.8,22.9,0.0,91,1013.3,83,6.9,10.3,23.5,25.5
2016-04-07,26.9,22.4,23.9,27.2,21.8,23.5,0.0,91,1013.2,84,1.8,7.8,23.7,25.8
2016-04-08,27.9,23.2,25.3,28.2,22.5,25.0,0.0,87,1013.3,84,2.5,4.7,24.7,26.9
2016-04-09,27.5,24.4,25.7,27.5,23.7,25.3,0.0,86,1011.6,88,1.2,6.4,24.5,26.3
2016-04-10,26.3,21.3,23.3,26.2,20.8,22.8,22.1,92,1009.2,93,0.0,9.0,22.1,24.5
2016-04-11,22.8,20.1,21.5,22.8,19.5,21.1,0.4,91,1010.1,89,0.0,12.4,20.8,22.1
2016-04-12,21.3,19.9,20.3,20.9,19.3,19.8,11.4,94,1009.1,88,0.0,13.5,19.0,20.7
2016-04-13,25.1,20.9,21.8,24.8,20.5,21.5,76.4,98,1005.5,93,0.0,4.9,21.4,23.9
2016-04-14,25.2,21.6,23.1,24.9,21.2,22.8,0.7,98,1008.5,88,0.0,5.8,23.1,24.8
2016-04-15,23.5,20.6,21.1,22.9,19.9,20.6,3.4,97,1011.4,88,0.0,16.4,20.0,22.7
2016-04-16,28.1,20.6,24.7,28.7,20.0,24.4,0.0,89,1010.5,81,3.5,7.0,24.8,27.6
2016-04-17,27.5,24.1,25.9,28.0,23.7,25.8,0.0,90,1010.9,86,1.1,7.3,25.5,27.2
2016-04-18,26.7,20.1,23.1,26.0,19.8,22.9,23.7,87,1014.4,81,1.2,6.7,21.7,24.8
2016-04-19,21.8,20.1,20.5,20.7,19.5,19.8,0.0,86,1017.4,88,0.0,16.5,18.5,19.9
2016-04-20,22.9,20.2,21.6,23.4,19.5,21.2,0.0,88,1014.6,89,0.2,13.0,20.8,22.4
2016-04-21,28.4,22.0,24.6,28.1,21.4,24.2,0.0,87,1012.5,80,4.8,3.3,24.7,26.9
2016-04-22,26.1,21.0,23.7,26.5,20.7,23.2,8.3,90,1010.7,81,1.0,3.5,22.7,25.8
2016-04-23,27.7,22.6,24.9,27.6,21.9,24.4,2.8,88,1008.2,81,0.3,5.1,24.5,26.8
2016-04-24,26.1,23.2,24.4,27.1,22.5,24.1,41.4,93,1008.7,84,1.4,2.4,23.9,26.8
2016-04-25,28.4,23.9,26.0,27.9,23.7,25.7,12.4,90,1009.8,83,3.1,4.6,25.7,27.6
2016-04-26,28.5,26.0,27.2,28.7,25.7,26.9,0.0,86,1009.5,87,1.3,9.4,26.1,27.7
2016-04-27,29.1,25.4,26.8,29.6,25.1,26.5,0.9,85,1008.2,83,3.6,6.3,26.6,28.3
2016-04-28,28.2,24.7,26.0,29.1,23.7,25.8,1.7,84,1010.4,78,4.6,5.3,25.1,26.8
2016-04-29,26.3,22.9,24.1,25.6,22.1,23.5,0.0,76,1013.9,68,6.0,13.1,21.8,23.6
2016-04-30,23.4,20.8,22.5,23.9,19.8,21.8,1.5,80,1012.2,89,0.3,15.4,20.1,21.8
2016-05-01,23.4,20.4,22.2,24.2,19.5,22.0,3.1,92,1011.5,90,0.5,14.3,22.1,23.8
2016-05-02,29.8,22.8,25.6,28.6,22.3,25.1,0.3,89,1011.0,82,2.0,9.3,25.1,27.8
2016-05-03,30.8,22.8,26.5,31.2,22.2,26.1,30.7,86,1011.4,84,3.1,5.4,26.5,28.9
2016-05-04,28.2,23.2,25.8,28.6,22.9,25.7,0.0,87,1011.4,82,2.7,6.7,25.3,27.5
2016-05-05,30.9,26.2,28.1,30.7,25.4,27.7,0.0,84,1010.5,85,2.0,6.8,27.0,28.5
2016-05-06,30.5,27.2,28.4,31.0,26.6,28.1,0.0,83,1009.9,84,2.9,7.8,27.3,29.2
2016-05-07,31.0,27.1,28.7,31.6,26.4,28.3,0.0,81,1010.6,69,4.7,7.5,27.3,29.4
2016-05-08,31.2,27.3,28.7,31.2,26.5,28.3,0.0,82,1011.4,80,3.8,6.8,27.4,29.0
2016-05-09,30.6,26.9,28.7,30.9,26.0,28.4,0.0,81,1010.1,69,3.9,7.8,27.3,28.6
2016-05-10,28.4,23.7,26.6,27.8,22.5,26.1,60.3,87,1008.1,84,0.3,5.5,24.6,26.1
2016-05-11,28.8,23.4,25.5,28.6,23.1,25.1,0.0,75,1008.6,62,8.8,9.3,23.5,26.0
2016-05-12,27.6,23.7,25.1,27.5,22.7,24.6,0.0,80,1009.8,78,5.0,12.8,23.6,25.3
2016-05-13,27.8,24.4,25.5,27.7,23.8,25.1,0.0,82,1012.4,88,1.2,12.4,23.7,25.7
2016-05-14,27.7,24.0,25.4,27.3,23.6,25.0,4.7,89,1014.2,86,2.8,12.3,24.1,25.8
2016-05-15,29.8,24.4,26.6,30.1,24.1,26.4,1.0,85,1012.1,75,7.7,7.6,26.2,28.6
2016-05-16,27.1,22.5,24.8,27.3,22.0,24.5,0.3,73,1011.2,69,7.2,9.4,21.9,24.0
2016-05-17,24.6,23.2,23.7,24.5,22.2,23.0,1.2,80,1012.3,86,0.3,14.0,21.3,22.8
2016-05-18,26.3,23.4,24.5,26.4,22.7,24.0,0.0,76,1012.0,79,4.8,14.6,22.3,24.7
2016-05-19,28.1,24.0,25.5,27.8,23.4,25.0,0.0,84,1009.9,85,3.5,12.0,24.3,26.6
2016-05-20,26.2,24.3,25.2,26.4,23.7,24.8,16.1,94,1006.9,88,0.1,10.3,24.5,25.7
2016-05-21,28.3,24.7,26.5,28.3,24.2,26.1,37.6,88,1005.9,77,1.9,7.2,25.4,27.2
2016-05-22,30.8,25.3,27.2,30.2,25.0,26.8,0.0,77,1007.8,63,5.6,4.5,25.4,27.5
2016-05-23,28.9,24.8,26.8,29.8,24.9,26.9,0.0,81,1008.4,65,6.4,3.5,25.9,27.9
2016-05-24,30.7,25.4,27.5,31.7,24.8,27.1,0.0,82,1007.9,61,7.6,6.0,26.6,29.1
2016-05-25,30.9,26.2,28.0,30.7,25.4,27.7,0.0,82,1007.8,62,8.8,10.5,27.2,28.8
2016-05-26,29.5,26.7,27.6,29.2,26.0,27.0,0.1,85,1007.6,84,1.8,12.6,26.1,27.6
2016-05-27,29.1,26.0,27.5,28.8,25.4,27.1,14.4,89,1006.4,88,1.2,14.0,26.4,28.3
2016-05-28,30.3,24.5,27.7,29.9,24.0,27.3,62.9,89,1007.6,89,1.2,9.8,26.7,28.3
2016-05-29,31.0,27.2,29.1,31.0,26.8,28.8,0.8,84,1007.9,77,3.6,6.4,28.1,29.5
2016-05-30,32.1,28.0,29.8,31.9,27.2,29.5,0.1,80,1008.8,73,9.8,7.5,29.2,30.7
2016-05-31,31.8,28.7,29.9,32.2,28.1,29.7,0.0,79,1009.5,72,7.0,7.7,28.7,30.2
2016-06-01,32.8,28.6,30.1,31.8,27.9,29.6,0.0,80,1007.8,73,7.2,8.8,29.0,30.2
2016-06-02,33.0,28.7,30.3,32.7,28.2,30.1,0.0,79,1006.0,58,10.0,9.3,29.3,30.6
2016-06-03,32.4,29.0,30.3,32.9,28.5,30.0,0.0,80,1006.5,77,5.2,9.3,29.1,30.8
2016-06-04,33.8,24.7,28.7,33.3,24.5,28.3,12.4,83,1007.9,75,5.5,8.3,28.0,31.0
2016-06-05,30.4,25.0,26.9,30.6,24.2,26.5,7.6,86,1008.8,87,0.7,5.3,26.1,28.4
2016-06-06,29.1,24.8,26.2,28.7,24.0,25.7,77.6,91,1008.8,80,2.2,4.6,25.2,27.7
2016-06-07,30.7,26.3,28.1,31.2,25.6,28.0,0.4,86,1008.1,75,5.7,4.8,27.6,29.8
2016-06-08,30.0,24.1,27.1,30.2,23.6,26.7,46.5,89,1006.3,85,3.1,7.0,27.3,29.1
2016-06-09,31.7,26.6,28.2,31.2,26.0,28.0,0.0,86,1005.7,79,6.5,7.7,27.8,29.7
2016-06-10,31.1,26.6,27.9,31.5,25.8,27.8,9.1,89,1005.7,80,4.5,6.2,27.6,30.2
2016-06-11,27.8,25.4,26.6,27.4,24.9,26.1,85.5,93,1005.9,85,0.0,5.9,25.3,26.2
2016-06-12,29.2,25.4,27.1,28.6,25.0,26.6,28.2,93,1005.7,96,0.0,6.4,25.5,27.4
2016-06-13,31.5,28.5,29.7,31.6,28.0,29.2,0.1,84,1005.0,90,1.3,7.4,28.4,30.4
2016-06-14,31.7,29.2,30.2,32.1,28.7,29.8,0.0,81,1004.2,88,2.4,8.1,28.9,31.0
2016-06-15,32.0,29.3,30.3,31.1,28.7,29.7,0.6,79,1005.3,86,1.6,11.2,28.3,29.4
2016-06-16,31.4,28.2,29.4,31.3,27.4,29.0,2.8,82,1006.7,88,1.6,7.2,28.2,30.1
2016-06-17,32.1,26.7,29.4,31.9,26.3,29.0,2.5,82,1008.2,85,7.2,6.8,28.3,30.3
2016-06-18,30.8,27.7,29.3,31.0,27.2,28.7,13.1,83,1010.5,81,2.3,6.3,27.7,30.2
2016-06-19,34.2,27.8,30.1,32.7,27.0,29.7,0.0,80,1010.3,41,12.0,8.4,29.1,30.5
2016-06-20,34.4,28.6,30.8,33.6,27.8,30.2,0.0,78,1008.5,59,9.1,6.7,29.5,31.1
2016-06-21,33.7,28.7,30.6,33.3,27.7,30.1,0.0,75,1009.3,51,10.0,6.1,28.9,30.8
2016-06-22,33.7,28.5,30.5,32.3,27.9,29.7,0.0,75,1009.5,32,9.3,8.2,28.5,30.2
2016-06-23,34.1,28.4,30.4,32.5,27.7,29.8,0.0,72,1008.4,20,11.4,8.3,28.3,29.9
2016-06-24,35.2,28.8,31.0,33.6,28.0,30.3,0.0,72,1008.1,38,11.2,5.9,28.4,30.0
2016-06-25,35.5,28.9,31.4,34.0,28.2,30.6,0.0,74,1008.9,39,10.6,6.8,29.2,30.9
2016-06-26,35.1,29.4,31.3,33.4,28.4,30.7,0.0,75,1009.1,57,9.9,7.0,29.5,30.8
2016-06-27,35.1,28.6,31.1,33.4,28.4,30.4,1.7,78,1007.5,61,8.6,8.8,29.1,30.9
2016-06-28,32.3,26.3,29.1,31.4,25.9,28.4,37.1,85,1007.5,83,4.2,9.5,27.6,29.9
2016-06-29,33.3,27.5,29.0,32.3,26.7,28.7,20.4,87,1010.0,79,3.9,8.6,28.2,30.6
2016-06-30,33.1,27.8,30.0,32.4,27.1,29.4,1.8,80,1010.3,83,6.3,9.1,28.3,30.1
2016-07-01,33.0,27.7,30.1,32.1,27.1,29.3,3.4,79,1008.9,78,5.3,8.3,28.1,29.6
2016-07-02,32.0,26.9,29.4,31.4,26.0,28.8,20.8,82,1009.1,86,2.7,7.0,27.8,30.0
2016-07-03,31.5,27.3,29.4,31.0,26.5,28.7,2.7,82,1008.7,84,1.8,7.7,27.5,28.9
2016-07-04,33.0,28.0,30.1,32.5,27.1,29.5,3.8,78,1006.6,83,6.8,12.5,28.3,30.1
2016-07-05,32.6,25.8,29.0,31.1,25.3,28.4,9.8,87,1007.5,88,5.4,10.5,27.9,29.7
2016-07-06,28.8,24.7,27.3,29.0,23.8,27.1,33.6,93,1008.4,88,0.5,6.5,25.6,27.6
2016-07-07,34.0,27.9,30.2,33.2,27.7,29.8,0.0,77,1005.9,53,10.5,8.2,28.4,29.8
2016-07-08,34.2,28.1,31.0,34.3,27.6,30.8,0.0,75,1001.0,46,10.4,8.8,29.4,30.9
2016-07-09,35.6,26.4,31.5,35.4,23.3,31.1,10.3,75,999.0,57,10.0,10.1,29.8,31.1
2016-07-10,31.3,26.2,28.6,30.5,24.9,28.0,1.7,81,1000.3,88,2.5,8.1,26.8,29.4
2016-07-11,31.1,26.1,28.9,31.1,25.4,28.3,11.7,85,1002.2,89,2.4,7.0,27.4,29.7
2016-07-12,29.0,27.0,28.1,28.9,26.3,27.5,0.1,84,1003.8,88,0.0,5.5,26.4,28.2
2016-07-13,31.7,25.6,28.6,31.0,25.3,28.0,35.2,87,1005.0,82,2.2,4.8,27.6,30.2
2016-07-14,30.3,26.4,28.9,29.8,25.9,28.3,10.2,86,1006.8,83,0.2,4.1,27.2,28.5
2016-07-15,33.0,28.6,30.2,32.4,28.0,29.7,1.0,81,1007.0,78,6.2,6.9,28.8,30.6
2016-07-16,33.2,29.0,30.6,33.1,28.3,30.3,0.3,79,1008.1,69,8.5,7.5,29.4,31.4
2016-07-17,33.2,29.0,30.6,33.0,28.4,30.2,0.0,78,1008.5,69,9.2,9.2,29.3,30.7
2016-07-18,32.4,28.7,30.4,32.6,28.0,30.0,0.6,74,1007.5,72,10.1,8.2,28.6,30.4
2016-07-19,32.3,26.7,29.9,31.6,25.9,29.3,4.4,79,1007.9,78,4.1,9.2,28.0,29.4
2016-07-20,31.9,25.6,29.2,32.2,24.7,28.7,16.8,82,1009.8,70,6.4,8.5,28.0,29.7
2016-07-21,33.3,27.5,30.0,32.6,27.2,29.4,0.3,76,1010.9,49,8.8,7.4,28.4,29.9
2016-07-22,32.9,28.1,30.0,32.3,27.6,29.5,0.0,76,1010.3,29,11.4,7.7,28.7,29.9
2016-07-23,32.8,28.0,30.0,32.7,27.3,29.5,0.0,77,1008.9,32,11.9,9.5,28.8,30.2
2016-07-24,34.0,28.0,30.4,33.3,27.3,29.9,0.0,72,1008.4,21,12.1,8.3,28.3,29.3
2016-07-25,35.0,28.3,30.8,33.9,27.7,30.0,0.0,74,1008.6,28,11.0,7.8,28.4,30.6
2016-07-26,32.0,27.0,29.4,31.5,26.5,29.0,8.0,84,1008.3,57,7.4,8.7,28.3,30.4
2016-07-27,33.4,28.0,30.2,32.8,27.3,29.8,0.0,76,1009.3,44,10.1,6.8,28.7,30.2
2016-07-28,32.9,28.1,30.1,32.4,27.3,29.6,0.0,74,1009.7,29,11.8,8.4,28.5,29.4
2016-07-29,33.7,27.6,30.3,33.4,27.1,29.9,0.0,74,1008.5,32,11.8,10.0,28.4,29.9
2016-07-30,33.5,28.7,29.9,33.2,28.3,29.7,0.0,74,1006.6,49,6.3,7.4,27.5,30.0
2016-07-31,33.9,27.0,30.1,32.9,27.0,29.8,1.2,74,1005.1,47,10.4,7.4,27.9,29.2
2016-08-01,31.6,26.8,29.5,31.9,27.2,29.7,4.6,76,998.8,85,1.9,9.3,27.6,29.4
2016-08-02,29.5,25.1,27.1,29.2,24.8,26.5,121.0,88,995.9,93,0.9,19.1,25.8,27.9
2016-08-03,27.8,26.1,26.8,27.8,25.3,26.3,17.3,93,1006.3,86,0.2,7.5,25.8,27.4
2016-08-04,28.6,26.1,26.9,29.2,25.4,26.5,20.9,94,1008.7,82,0.8,8.8,26.3,28.4
2016-08-05,32.3,27.0,29.3,32.1,26.4,28.9,0.0,83,1008.3,58,8.5,6.3,28.8,30.9
2016-08-06,33.2,27.4,30.0,33.0,26.9,29.6,0.0,77,1005.0,36,11.3,8.5,28.8,30.0
2016-08-07,33.4,28.2,30.4,33.1,27.5,29.8,0.0,80,1002.8,61,9.7,7.9,29.4,31.4
2016-08-08,33.4,28.6,30.5,32.8,27.9,30.0,0.0,79,1003.0,83,8.2,7.6,29.2,31.0
2016-08-09,32.7,26.1,29.2,32.9,24.9,28.7,33.5,83,1001.8,83,4.5,5.6,27.5,30.9
2016-08-10,29.3,24.7,26.7,28.9,24.3,26.1,39.8,91,1002.6,89,0.8,5.5,25.2,27.2
2016-08-11,29.9,25.2,27.2,29.6,24.7,26.8,42.1,87,1003.2,85,3.1,4.8,26.0,28.2
2016-08-12,29.4,26.9,28.1,30.0,26.6,27.7,0.4,86,1001.3,86,0.4,5.8,27.1,28.5
2016-08-13,32.3,27.1,28.8,31.8,26.3,28.4,0.0,84,999.8,71,9.0,7.9,28.2,30.0
2016-08-14,29.4,25.8,27.3,29.4,25.2,26.8,25.7,90,998.3,89,0.7,9.3,26.3,28.4
2016-08-15,28.4,25.6,26.6,28.8,24.9,26.5,19.1,93,997.4,88,0.5,5.6,26.2,28.6
2016-08-16,26.9,25.5,26.2,26.9,25.0,25.9,49.9,96,996.0,88,0.0,6.5,25.4,26.4
2016-08-17,28.0,25.3,26.5,28.6,24.6,26.2,40.9,96,993.7,89,0.8,12.8,26.3,28.0
2016-08-18,28.7,25.9,27.0,29.2,25.3,26.6,50.9,94,996.3,88,1.3,12.8,26.7,28.7
2016-08-19,31.3,26.5,28.2,31.6,25.9,28.0,10.5,90,1003.0,84,5.2,9.4,28.4,30.7
2016-08-20,32.4,27.4,29.2,32.4,26.7,28.8,3.8,88,1004.7,74,4.9,3.5,28.5,30.9
2016-08-21,31.2,24.5,27.4,30.8,22.9,26.7,39.9,87,1003.2,58,5.2,5.6,26.5,29.1
2016-08-22,33.0,27.3,29.3,31.8,26.4,28.8,0.0,82,1004.7,27,10.0,8.3,28.2,29.8
2016-08-23,33.4,27.2,29.7,32.6,26.3,29.3,0.0,74,1004.8,19,10.6,5.6,28.0,29.4
2016-08-24,33.5,27.9,30.1,32.9,27.0,29.7,0.0,75,1003.8,42,11.0,7.5,28.2,29.7
2016-08-25,34.4,28.1,30.4,33.4,27.2,29.7,0.0,77,1004.2,34,10.7,5.9,28.9,30.6
2016-08-26,33.6,28.1,30.4,32.7,27.4,29.7,0.0,72,1004.6,34,10.6,7.0,28.9,30.5
2016-08-27,33.2,27.0,29.7,33.0,25.5,29.3,3.5,79,1006.4,74,6.2,4.5,28.3,31.0
2016-08-28,31.0,25.4,27.6,30.6,25.1,27.5,8.7,82,1006.4,82,1.1,7.3,26.0,28.7
2016-08-29,28.0,26.2,26.7,27.7,25.3,26.2,0.0,76,1007.2,87,0.9,8.6,23.7,25.0
2016-08-30,31.2,26.1,28.0,31.4,25.3,27.5,0.0,69,1007.6,77,5.0,4.0,25.6,28.0
2016-08-31,31.5,26.6,28.6,31.0,26.0,28.1,0.2,78,1006.3,84,4.5,4.0,27.2,28.9
2016-09-01,30.0,25.2,27.9,29.6,24.8,27.3,68.9,88,1003.3,86,2.8,5.6,26.5,29.4
2016-09-02,31.0,27.5,28.7,30.9,26.7,28.0,6.1,86,1002.0,88,0.5,6.5,27.3,29.6
2016-09-03,31.2,25.7,28.1,31.0,24.8,27.8,7.0,87,1002.7,88,1.2,4.8,27.5,30.0
2016-09-04,30.1,27.0,28.2,30.2,26.3,27.8,0.0,84,1005.2,88,3.1,11.2,27.0,29.2
2016-09-05,29.2,25.8,27.1,29.1,25.4,26.7,75.3,89,1006.1,86,0.4,8.6,25.6,27.3
2016-09-06,27.7,25.7,26.7,27.5,25.3,26.2,10.8,90,1006.7,86,0.7,3.9,25.8,26.6
2016-09-07,28.0,25.4,26.5,28.0,24.9,26.0,20.4,90,1007.5,91,0.0,4.3,25.4,27.3
2016-09-08,28.4,25.5,27.1,28.3,25.3,26.7,2.8,90,1008.0,84,0.2,4.2,26.2,28.0
2016-09-09,29.4,25.5,27.0,29.1,25.1,26.7,16.3,88,1008.4,87,1.1,4.3,26.2,28.2
2016-09-10,27.7,24.5,26.3,27.7,24.3,25.7,53.2,93,1007.8,87,0.1,3.4,25.5,27.2
2016-09-11,31.6,25.9,28.1,31.6,25.0,27.8,6.6,87,1008.4,72,6.4,4.5,28.1,30.5
2016-09-12,32.7,26.0,28.7,32.7,25.6,28.3,0.0,83,1010.2,49,10.5,7.2,28.1,29.9
2016-09-13,30.9,26.0,28.2,30.9,25.7,27.7,8.5,84,1010.2,61,5.0,7.5,26.9,29.3
2016-09-14,32.6,26.9,29.6,32.8,26.3,29.6,0.0,69,1004.5,59,9.7,6.8,26.8,28.6
2016-09-15,31.9,28.0,29.4,31.9,27.5,29.5,0.7,68,1002.9,63,4.5,7.0,26.5,28.8
2016-09-16,31.3,27.3,29.0,31.5,26.8,28.9,0.0,70,1004.9,44,7.3,6.8,26.4,28.2
2016-09-17,31.6,27.3,29.3,31.9,27.3,29.3,0.0,66,1005.7,50,7.3,8.7,26.3,28.1
2016-09-18,31.5,26.3,28.6,31.0,25.9,28.3,0.0,66,1006.9,47,5.9,5.7,25.8,27.9
2016-09-19,32.6,25.5,28.6,31.8,24.2,27.9,3.8,73,1008.0,51,7.5,8.8,25.9,28.5
2016-09-20,29.5,22.8,25.5,29.1,22.4,25.3,39.6,87,1012.1,85,3.6,7.5,24.1,26.7
2016-09-21,30.6,24.7,27.1,30.4,24.3,27.1,2.4,77,1014.4,52,10.4,10.9,25.0,26.8
2016-09-22,28.9,26.1,27.2,28.4,25.7,26.7,0.0,76,1013.6,87,3.8,12.0,24.3,25.5
2016-09-23,29.9,26.5,27.7,29.5,25.9,27.2,0.0,78,1012.0,88,7.3,11.1,25.7,27.2
2016-09-24,30.5,26.6,27.9,30.4,26.1,27.4,0.0,78,1010.5,66,7.9,11.4,26.2,27.9
2016-09-25,30.5,26.9,28.1,31.0,26.1,27.7,0.0,80,1009.8,52,7.1,7.3,26.8,28.8
2016-09-26,31.1,27.0,28.5,31.4,26.1,28.2,0.0,81,1007.7,69,7.3,8.0,27.3,29.3
2016-09-27,34.9,27.7,31.1,34.9,27.2,31.2,0.0,68,1002.6,36,10.2,7.3,28.1,29.6
2016-09-28,32.2,28.9,30.4,32.1,28.4,30.1,0.0,58,999.5,79,0.3,11.7,25.4,26.5
2016-09-29,28.9,24.9,26.5,28.5,23.9,25.9,0.7,70,1003.9,88,1.1,7.5,22.9,24.4
2016-09-30,26.4,24.1,25.1,27.5,23.3,25.0,0.0,78,1007.7,86,2.5,5.8,23.6,26.6
2016-10-01,29.4,24.0,26.6,29.6,23.4,26.6,95.5,89,1009.9,75,5.8,5.3,26.3,29.2
2016-10-02,29.8,26.2,27.6,30.2,25.8,27.6,0.0,82,1009.0,76,3.0,4.9,26.3,28.3
2016-10-03,28.3,26.6,27.5,28.3,26.0,27.2,0.2,82,1007.8,84,1.2,8.1,25.5,26.6
2016-10-04,29.5,26.5,27.5,29.4,25.8,27.2,0.0,83,1008.1,60,4.9,6.9,25.9,27.7
2016-10-05,31.9,26.9,28.6,32.5,26.3,28.0,0.0,78,1008.9,68,5.7,7.2,26.9,30.2
2016-10-06,32.4,25.9,28.5,32.3,25.1,28.3,16.7,75,1009.1,57,8.9,6.1,26.5,28.2
2016-10-07,29.3,25.5,27.7,29.6,25.1,27.8,17.3,79,1007.1,86,3.8,7.7,25.8,27.5
2016-10-08,29.9,27.0,28.1,30.1,26.5,28.1,0.0,71,1006.8,88,2.1,9.2,25.4,27.9
2016-10-09,28.8,24.9,26.5,28.7,24.0,26.0,0.0,69,1008.9,86,4.7,9.5,23.9,26.3
2016-10-10,28.1,23.5,25.3,27.9,22.8,24.8,0.0,70,1010.2,74,6.8,8.5,22.7,24.6
2016-10-11,26.8,22.0,24.5,26.6,21.1,24.0,0.1,79,1010.7,88,0.7,10.3,22.4,24.4
2016-10-12,25.8,23.0,24.6,25.5,22.1,24.1,0.9,84,1012.5,88,0.1,9.3,22.6,23.6
2016-10-13,29.3,24.2,26.0,28.5,23.7,25.6,0.0,77,1013.5,72,6.5,10.0,24.1,26.3
2016-10-14,29.9,25.0,26.7,30.1,24.1,26.3,0.0,76,1013.2,70,9.0,10.3,24.4,27.0
2016-10-15,30.3,24.6,27.2,29.7,23.9,26.8,0.0,72,1012.6,63,7.0,5.7,24.4,26.4
2016-10-16,30.8,25.9,28.0,30.8,25.7,27.8,0.0,71,1010.9,62,7.8,8.7,25.3,27.4
2016-10-17,28.8,24.1,26.6,29.2,23.7,26.3,16.7,81,1009.1,89,2.2,12.4,24.6,26.4
2016-10-18,25.5,23.9,24.8,25.2,23.7,24.6,178.7,96,1008.1,91,0.0,19.3,24.1,24.9
2016-10-19,25.9,24.4,25.1,25.9,24.0,24.9,223.4,96,1008.7,94,0.1,12.3,24.6,25.3
2016-10-20,29.5,24.7,27.3,30.3,24.2,27.4,0.0,82,1004.6,82,7.4,6.8,26.4,28.7
2016-10-21,28.0,24.4,26.1,28.3,24.1,25.8,72.5,86,997.1,96,0.0,18.0,23.8,25.6
2016-10-22,29.4,26.1,27.5,29.5,25.5,26.9,1.9,84,1007.8,77,5.0,6.6,26.8,28.7
2016-10-23,29.1,25.8,27.1,30.3,24.9,26.7,0.0,88,1010.0,68,2.8,5.4,26.5,29.6
2016-10-24,29.1,26.1,27.3,30.0,25.3,27.0,0.0,88,1011.3,74,4.1,8.3,26.8,28.8
2016-10-25,29.8,26.1,27.3,30.1,25.5,27.0,0.0,87,1013.3,65,9.2,10.1,27.0,28.8
2016-10-26,30.0,25.7,27.1,30.4,24.9,26.9,0.0,84,1015.6,47,8.5,7.2,26.5,28.7
2016-10-27,30.9,25.4,27.5,31.9,24.5,27.4,0.0,79,1016.0,41,9.8,5.0,26.9,29.1
2016-10-28,31.5,26.3,28.2,31.5,25.5,27.8,0.0,75,1014.9,54,10.3,4.2,27.1,29.0
2016-10-29,29.0,24.3,26.7,29.3,23.4,26.2,0.5,79,1017.2,70,3.7,9.0,25.4,27.7
2016-10-30,26.6,22.9,24.4,26.5,22.1,23.7,0.0,74,1019.8,85,3.6,10.1,21.6,23.9
2016-10-31,28.7,23.1,25.5,28.9,22.4,25.3,0.0,70,1019.1,66,7.9,8.0,23.3,25.9
2016-11-01,25.3,22.5,23.9,24.9,21.8,23.3,0.0,69,1019.7,76,5.2,11.0,20.6,22.3
2016-11-02,24.8,21.0,22.8,24.8,20.1,22.1,0.0,68,1020.3,63,7.2,11.3,20.1,22.2
2016-11-03,24.8,20.1,21.8,24.6,19.3,21.1,0.0,66,1019.3,54,7.5,9.4,19.0,21.4
2016-11-04,25.3,19.6,22.4,25.7,18.8,21.9,0.0,68,1015.2,22,10.3,4.3,20.5,22.8
2016-11-05,26.9,21.7,23.8,27.2,20.4,23.2,0.0,77,1013.0,56,7.5,5.2,22.7,25.1
2016-11-06,26.9,22.4,24.2,27.1,21.3,23.5,0.0,79,1015.1,44,8.0,6.7,22.8,25.3
2016-11-07,28.4,23.4,25.3,28.5,22.3,24.8,0.0,81,1016.6,52,10.1,7.4,24.4,26.3
2016-11-08,28.1,22.1,24.6,27.8,21.4,24.2,4.8,80,1017.4,61,3.7,5.5,23.9,26.6
2016-11-09,22.1,19.0,20.7,21.4,17.8,20.0,1.3,81,1019.5,88,0.0,7.9,18.6,19.3
2016-11-10,19.0,17.0,17.7,17.8,15.9,16.8,1.9,82,1020.1,88,0.0,5.8,15.4,16.5
2016-11-11,22.3,17.1,20.0,22.3,16.5,19.5,0.0,80,1018.8,92,0.1,4.2,18.4,20.8
2016-11-12,25.1,21.6,23.3,26.5,21.0,23.1,0.2,84,1017.9,78,4.1,8.5,22.4,25.0
2016-11-13,26.9,23.8,24.7,27.3,23.0,24.4,0.0,85,1016.9,65,3.5,6.5,23.9,26.3
2016-11-14,28.1,23.3,25.4,28.5,22.4,24.9,0.0,83,1015.4,38,9.0,4.4,25.0,26.9
2016-11-15,29.2,23.8,25.7,30.0,22.7,25.9,0.0,81,1015.8,38,9.7,4.6,25.0,27.0
2016-11-16,26.1,23.9,24.6,26.1,22.9,23.9,0.0,81,1017.2,68,3.8,7.5,22.8,24.6
2016-11-17,27.5,23.6,24.8,28.5,22.9,24.5,0.0,78,1016.6,59,9.0,7.4,23.5,25.9
2016-11-18,26.8,23.5,24.8,27.4,22.7,24.4,0.0,83,1014.2,81,1.5,8.1,23.4,26.3
2016-11-19,28.0,24.0,25.8,28.6,23.4,25.5,1.4,78,1013.1,80,5.4,10.7,24.2,26.6
2016-11-20,26.8,25.0,25.6,26.8,24.4,25.2,0.0,78,1012.9,87,2.0,12.8,23.5,25.1
2016-11-21,25.3,24.0,24.7,25.1,23.4,24.1,0.3,85,1012.9,87,0.4,12.3,22.9,23.5
2016-11-22,24.5,21.6,22.7,23.9,21.0,22.2,36.5,95,1013.3,95,0.0,10.3,22.0,23.1
2016-11-23,21.6,16.7,20.5,21.2,15.8,19.9,25.9,93,1016.2,92,0.0,10.7,20.1,20.8
2016-11-24,19.8,15.0,17.3,20.2,14.1,16.6,0.0,76,1018.6,84,3.1,9.3,15.2,19.2
2016-11-25,22.3,17.4,20.0,22.8,16.3,19.5,0.1,78,1016.4,88,2.9,5.0,18.2,20.9
2016-11-26,21.1,13.3,17.6,20.7,12.3,17.0,50.3,89,1015.9,88,0.0,6.2,16.4,19.0
2016-11-27,19.9,12.8,16.2,20.1,12.0,16.1,8.6,83,1016.9,75,5.6,6.4,15.6,19.2
2016-11-28,20.1,16.1,18.1,21.1,15.5,18.1,0.0,68,1020.9,44,8.9,7.3,16.1,18.5
2016-11-29,20.5,17.5,19.2,20.7,17.1,19.0,0.0,66,1022.3,82,1.3,6.6,16.0,17.7
2016-11-30,22.0,17.4,19.7,22.9,17.0,19.8,0.0,64,1022.3,31,8.5,8.8,17.4,19.9
2016-12-01,22.4,17.2,19.8,24.0,16.2,19.7,0.0,67,1022.1,19,9.3,5.3,17.9,20.8
2016-12-02,22.4,18.4,20.5,23.0,18.0,20.3,0.0,74,1022.6,77,6.8,5.8,18.4,20.7
2016-12-03,22.8,19.9,21.3,23.0,19.5,21.1,0.0,77,1020.9,87,0.7,5.1,19.1,20.6
2016-12-04,24.9,21.0,22.3,26.1,20.5,22.2,0.0,79,1018.2,77,2.4,2.8,20.9,24.1
2016-12-05,25.9,21.8,23.3,27.2,21.4,23.2,0.0,79,1017.7,84,5.0,3.2,22.3,25.0
2016-12-06,22.9,19.4,20.8,22.9,18.7,20.6,0.0,54,1020.7,84,4.9,12.6,16.1,19.4
2016-12-07,22.2,18.2,19.9,22.9,17.6,19.7,0.0,61,1019.1,73,5.2,5.1,16.7,19.6
2016-12-08,21.7,17.1,19.2,22.6,16.6,19.0,0.0,61,1016.5,27,9.3,7.1,16.3,19.0
2016-12-09,21.9,16.5,19.4,22.9,16.4,19.4,0.0,65,1015.4,16,9.5,7.7,17.0,19.7
2016-12-10,23.1,18.3,20.8,25.1,17.6,20.8,0.0,72,1016.4,51,8.8,8.7,19.0,21.7
2016-12-11,21.5,19.5,20.4,22.4,18.7,20.0,0.0,76,1016.6,51,8.3,14.8,18.6,20.0
2016-12-12,23.3,19.0,21.1,25.0,18.2,21.0,0.0,77,1015.1,59,7.2,8.3,20.0,22.3
2016-12-13,25.7,20.7,22.9,27.7,19.8,23.0,0.0,75,1014.5,48,8.8,3.1,21.6,23.6
2016-12-14,23.4,18.8,21.4,23.7,17.9,21.0,0.0,63,1018.2,80,3.8,8.4,18.2,20.8
2016-12-15,20.4,15.6,18.0,19.8,14.4,17.2,0.0,62,1022.6,67,5.6,11.2,15.0,17.3
2016-12-16,17.1,13.2,15.2,17.8,12.0,14.6,0.0,61,1025.5,17,9.3,9.4,12.4,15.3
2016-12-17,18.6,13.7,16.6,19.0,12.9,16.0,0.0,68,1023.2,56,2.1,8.5,13.3,16.4
2016-12-18,21.3,17.2,19.2,22.1,16.7,19.0,0.0,76,1021.6,46,7.3,8.1,17.8,20.1
2016-12-19,22.5,18.5,20.3,24.0,17.7,20.3,0.0,73,1018.5,29,9.3,10.1,18.9,20.8
2016-12-20,22.9,20.0,21.3,24.5,19.5,21.2,0.0,80,1017.3,80,2.7,9.5,20.0,21.8
2016-12-21,22.6,21.0,21.9,22.1,20.5,21.5,2.8,90,1016.8,85,0.2,9.9,20.6,21.8
2016-12-22,24.8,19.7,22.4,26.1,19.0,22.7,0.1,75,1016.8,59,7.1,8.8,21.2,23.3
2016-12-23,21.9,19.1,20.2,23.2,18.3,19.8,0.0,73,1019.0,78,4.1,8.0,17.9,20.8
2016-12-24,19.5,16.9,18.1,18.6,15.9,17.5,3.7,76,1019.2,88,0.0,11.1,14.9,16.7
2016-12-25,20.3,18.4,19.5,20.4,17.8,19.0,0.0,82,1018.4,85,1.3,11.2,17.7,18.9
2016-12-26,23.7,19.5,21.4,25.0,18.7,21.2,0.0,80,1017.0,53,7.1,6.7,20.3,23.3
2016-12-27,21.8,12.8,16.6,21.7,11.8,15.9,0.0,61,1020.4,45,9.4,14.1,13.3,18.8
2016-12-28,15.7,11.5,14.0,15.2,10.4,13.3,0.0,60,1023.0,81,0.4,10.6,10.4,12.7
2016-12-29,17.9,13.9,15.9,17.9,13.0,15.3,0.0,54,1024.1,80,3.7,10.6,12.1,14.6
2016-12-30,18.6,14.8,16.6,18.8,14.2,16.1,0.0,60,1024.2,83,0.2,6.5,12.3,15.4
2016-12-31,20.7,15.6,18.2,22.1,14.9,18.1,0.0,74,1022.8,64,8.4,8.0,16.4,19.1
2017-01-01,20.8,18.4,19.2,21.7,17.9,19.0,0.0,80,1021.7,72,4.6,11.5,17.8,20.1
2017-01-02,23.3,18.4,20.2,25.4,17.5,20.1,0.0,81,1020.2,28,9.3,5.2,20.0,22.2
2017-01-03,21.3,18.9,20.0,21.6,18.1,19.5,0.0,83,1019.8,56,3.8,8.3,18.7,20.6
2017-01-04,21.7,18.7,19.9,23.1,17.9,19.7,0.0,80,1018.7,51,6.3,10.7,18.8,21.0
2017-01-05,23.4,18.9,21.1,24.6,18.1,20.8,0.0,80,1016.9,61,1.7,4.1,19.8,22.9
2017-01-06,25.0,19.7,21.6,27.0,18.7,21.4,0.0,80,1015.1,43,9.1,10.1,20.9,23.6
2017-01-07,22.8,19.7,21.1,24.1,19.1,21.0,0.0,79,1013.9,68,7.3,10.7,20.1,22.0
2017-01-08,25.5,20.5,22.6,25.9,19.5,22.3,0.0,76,1013.4,50,8.2,2.6,21.5,23.8
2017-01-09,21.8,19.7,20.6,22.3,18.9,19.9,0.0,78,1016.3,66,3.1,8.2,18.4,20.7
2017-01-10,20.5,18.8,19.4,21.6,18.1,19.0,0.0,79,1018.1,72,5.9,12.8,17.9,20.0
2017-01-11,19.7,18.2,19.1,19.9,17.4,18.6,0.0,80,1018.1,86,1.7,11.5,16.9,18.7
2017-01-12,20.3,16.9,19.0,20.1,15.8,18.3,0.0,81,1015.5,93,0.0,7.6,17.1,18.3
2017-01-13,17.1,15.1,15.9,16.0,14.4,15.1,0.5,84,1015.7,88,0.0,4.5,13.7,14.8
2017-01-14,16.5,14.5,15.7,16.3,13.6,15.1,1.0,87,1017.9,92,0.0,8.1,14.0,15.2
2017-01-15,16.8,14.3,15.5,16.5,13.3,14.8,1.5,85,1020.5,100,0.0,7.7,13.7,15.8
2017-01-16,17.4,14.7,16.3,17.3,13.7,15.6,0.4,80,1020.4,93,1.5,9.8,14.3,16.1
2017-01-17,19.2,16.7,18.0,19.9,16.1,17.3,0.0,76,1021.1,88,1.9,9.4,16.0,18.1
2017-01-18,20.0,18.0,18.9,19.9,17.4,18.6,0.0,86,1021.2,88,0.0,3.6,17.6,18.7
2017-01-19,24.1,18.7,20.4,25.1,17.9,20.3,0.0,85,1020.1,76,6.9,4.2,20.4,23.2
2017-01-20,20.6,16.2,18.3,21.9,15.3,17.8,0.0,69,1022.4,51,9.7,7.8,15.8,18.4
2017-01-21,19.0,14.6,16.7,19.5,13.3,16.4,0.0,67,1025.3,35,8.1,5.6,14.8,17.6
2017-01-22,19.8,13.6,16.4,20.3,12.8,16.1,0.0,58,1026.1,9,9.8,5.9,13.3,16.2
2017-01-23,19.4,15.2,16.8,19.5,14.1,16.2,0.0,71,1025.7,61,8.3,8.9,14.5,17.3
2017-01-24,18.9,15.7,17.0,19.7,14.9,16.6,0.0,72,1025.4,79,7.1,13.4,14.9,17.3
2017-01-25,20.9,15.9,17.5,21.4,14.8,17.2,0.0,76,1025.5,42,9.8,10.3,16.7,19.1
2017-01-26,19.8,16.2,17.3,20.3,15.1,16.7,0.0,75,1024.3,45,9.1,8.3,15.8,18.0
2017-01-27,21.3,14.4,17.5,21.8,13.5,17.0,0.0,69,1022.6,13,10.0,5.7,15.8,18.3
2017-01-28,18.8,16.4,17.3,19.3,15.1,16.8,0.3,79,1018.6,78,0.7,10.8,15.1,17.7
2017-01-29,21.5,18.1,19.1,22.3,17.7,19.0,2.4,88,1016.6,88,0.6,9.2,18.4,21.0
2017-01-30,23.4,17.4,20.2,23.6,16.7,20.0,1.2,90,1018.2,88,0.6,5.1,20.3,23.1
2017-01-31,17.6,15.9,16.7,17.4,14.9,16.0,0.5,87,1020.2,88,0.0,8.0,15.0,16.3
2017-02-01,22.0,16.6,18.4,23.6,15.9,18.2,0.0,80,1021.3,80,6.5,6.3,18.0,21.4
2017-02-02,17.7,16.2,16.8,16.9,15.3,16.1,0.0,83,1022.7,86,0.0,11.7,14.7,15.6
2017-02-03,19.6,15.4,17.1,19.9,14.6,16.6,0.0,76,1020.3,87,0.4,9.0,15.2,17.4
2017-02-04,20.9,16.3,18.2,21.3,15.3,17.9,1.6,79,1016.0,72,6.0,9.6,16.9,19.0
2017-02-05,22.0,16.7,19.0,22.9,16.1,18.9,3.3,83,1013.9,67,4.4,5.4,18.7,21.6
2017-02-06,19.7,16.9,18.1,20.6,16.1,17.8,0.0,80,1015.7,80,5.6,14.8,17.4,19.5
2017-02-07,18.7,15.9,16.7,18.8,15.1,16.3,0.0,74,1016.9,83,2.9,19.3,14.3,17.0
2017-02-08,20.6,15.5,17.7,20.7,14.4,17.3,0.0,78,1016.6,88,1.2,10.5,16.2,19.1
2017-02-09,16.8,11.1,14.0,16.1,10.0,13.1,0.0,56,1020.2,72,6.2,12.3,10.7,13.1
2017-02-10,15.6,10.8,12.8,15.4,9.7,11.9,0.0,56,1023.3,88,0.4,8.9,9.5,12.6
2017-02-11,17.9,11.5,14.0,17.6,10.1,13.2,0.0,57,1026.3,32,10.0,6.6,11.1,14.2
2017-02-12,19.1,12.5,15.0,19.3,10.8,14.3,0.0,66,1026.7,6,10.0,6.5,12.9,15.6
2017-02-13,20.1,13.1,16.1,19.7,11.7,15.4,0.0,65,1027.1,9,10.5,8.1,13.6,16.5
2017-02-14,21.1,15.6,17.3,20.7,15.0,17.0,0.0,62,1028.2,34,10.0,12.8,14.4,16.5
2017-02-15,20.9,15.3,17.4,20.3,14.3,16.7,0.0,62,1026.1,20,10.6,11.5,14.4,16.3
2017-02-16,24.0,15.4,18.7,24.3,14.2,18.1,0.0,69,1021.6,11,10.6,4.7,17.1,20.4
2017-02-17,25.4,17.1,20.4,25.2,15.9,19.7,0.0,74,1020.6,39,10.5,1.7,19.8,22.4
2017-02-18,24.1,18.0,19.9,24.4,16.8,19.3,0.0,76,1021.2,33,10.3,7.3,19.0,21.9
2017-02-19,19.1,16.4,17.9,18.8,15.6,17.4,0.3,82,1018.0,88,0.0,8.8,15.8,17.2
2017-02-20,25.5,18.3,21.0,26.0,17.8,20.9,0.0,84,1013.9,72,5.5,4.5,21.1,24.1
2017-02-21,21.1,16.6,18.3,20.5,16.2,17.9,4.6,90,1017.1,90,0.2,15.5,16.6,19.5
2017-02-22,21.3,16.4,18.9,21.6,16.0,18.8,8.0,91,1015.3,89,0.9,10.9,18.7,21.0
2017-02-23,20.2,15.0,17.9,19.9,13.9,17.7,0.0,88,1017.4,95,0.0,5.9,17.4,19.4
2017-02-24,15.1,12.0,13.0,14.0,10.8,11.8,0.0,81,1022.1,88,0.0,7.1,10.2,12.3
2017-02-25,13.8,10.7,12.2,13.3,9.7,11.3,0.7,85,1020.9,89,0.0,5.0,10.2,11.8
2017-02-26,17.0,10.6,13.9,17.2,10.2,13.5,1.4,79,1021.2,88,0.6,4.5,12.2,14.9
2017-02-27,19.8,15.4,17.0,19.9,14.7,16.7,0.0,66,1022.5,77,7.1,10.1,13.8,15.7
2017-02-28,20.8,15.1,17.4,20.7,14.3,17.0,0.0,64,1020.6,51,9.5,11.8,14.7,16.9
2017-03-01,22.9,15.9,18.8,23.0,15.0,18.7,0.0,67,1019.5,72,4.2,4.0,16.7,20.0
2017-03-02,23.9,17.2,19.4,22.9,15.8,18.9,0.0,45,1019.2,12,10.6,9.7,14.0,16.0
2017-03-03,20.1,15.7,17.4,19.6,14.6,16.6,0.0,67,1017.0,43,7.6,12.0,14.4,16.9
2017-03-04,21.8,16.8,18.7,21.9,15.9,18.3,0.0,73,1014.1,76,6.5,12.8,17.0,19.8
2017-03-05,24.0,18.7,20.7,24.3,18.2,20.5,0.0,83,1012.4,80,1.9,6.2,20.1,22.6
2017-03-06,23.5,17.9,20.3,23.6,17.0,20.0,0.0,80,1013.7,76,2.1,5.8,19.2,21.5
2017-03-07,20.7,17.1,18.0,20.8,16.3,17.4,0.0,75,1016.5,87,2.9,12.1,15.6,18.5
2017-03-08,17.3,15.0,16.3,17.0,14.5,15.6,2.8,86,1017.5,89,0.0,6.1,14.2,15.6
2017-03-09,19.6,16.0,17.0,19.8,15.1,16.5,0.0,74,1015.7,88,0.8,12.2,14.1,17.0
2017-03-10,19.2,16.4,17.8,20.5,15.6,17.5,0.0,90,1012.5,89,0.8,14.4,17.3,19.9
2017-03-11,18.4,16.7,17.5,18.3,16.3,17.2,0.0,88,1015.1,91,0.0,16.3,16.2,17.9
2017-03-12,19.5,17.0,18.4,19.6,16.5,18.3,1.0,90,1014.3,92,0.0,12.1,17.7,18.9
2017-03-13,24.4,19.4,21.7,24.7,19.0,21.8,0.0,92,1011.8,86,2.1,4.8,22.0,23.9
2017-03-14,22.0,16.8,19.1,21.8,16.0,18.7,8.5,94,1015.8,93,0.0,8.5,18.0,21.4
2017-03-15,17.9,16.2,16.8,18.4,15.5,16.4,0.0,75,1018.2,88,1.4,15.1,14.3,16.6
2017-03-16,19.0,16.8,17.8,19.6,16.2,17.5,0.0,78,1016.4,88,0.5,11.8,16.0,18.0
2017-03-17,20.4,17.0,18.1,21.3,16.5,17.9,0.0,86,1017.2,88,1.0,12.4,17.2,20.2
2017-03-18,20.1,17.4,18.9,18.3,16.8,17.5,0.3,90,1017.8,91,0.0,13.3,18.2,19.6
2017-03-19,20.6,18.9,19.8,,,,10.7,94,1017.3,99,0.0,,19.0,20.3
2017-03-20,27.1,18.6,21.9,27.1,20.9,23.6,0.0,86,1015.1,61,8.5,5.8,22.3,25.3
2017-03-21,27.6,19.1,22.9,26.8,18.5,22.6,0.6,85,1015.0,69,10.4,8.1,23.3,25.3
2017-03-22,19.7,17.6,18.8,19.3,16.9,18.3,0.9,88,1014.1,88,0.0,14.1,17.0,18.2
2017-03-23,24.6,19.0,21.2,24.3,18.5,21.0,0.0,84,1015.0,83,4.0,8.5,20.5,22.9
2017-03-24,22.4,18.9,20.8,22.4,18.4,20.4,0.0,83,1016.3,85,3.4,12.6,19.2,21.1
2017-03-25,23.4,16.5,20.2,24.0,15.2,19.6,0.0,84,1017.2,82,0.9,8.3,19.6,23.0
2017-03-26,16.9,13.8,15.8,16.4,13.0,15.0,1.0,76,1022.0,86,0.1,8.0,12.8,14.3
2017-03-27,21.5,16.3,18.9,22.3,15.6,18.8,0.0,55,1022.7,73,4.3,10.6,14.9,16.7
2017-03-28,24.9,18.1,20.6,23.9,17.0,20.2,0.0,70,1019.2,60,9.4,11.9,18.9,21.6
2017-03-29,23.7,20.4,21.7,24.0,19.8,21.4,0.3,84,1018.3,88,0.7,10.8,20.3,22.3
2017-03-30,23.1,21.0,21.9,24.1,20.6,21.7,0.0,89,1017.3,88,0.4,11.2,21.1,22.9
2017-03-31,23.7,15.5,20.1,23.9,15.4,19.9,21.9,92,1015.3,85,0.7,6.5,20.4,23.1
2017-04-01,23.9,15.5,18.7,22.8,15.0,18.1,0.2,70,1019.9,35,10.1,9.8,16.9,19.6
2017-04-02,24.2,17.0,19.9,22.8,16.1,19.3,0.0,64,1021.5,17,10.9,9.9,16.8,18.6
2017-04-03,24.5,17.5,20.7,24.0,16.6,20.1,0.0,68,1020.8,22,10.6,11.3,18.5,20.7
2017-04-04,26.0,19.3,21.9,25.3,18.3,21.3,0.0,77,1018.4,51,9.9,10.7,20.5,22.8
2017-04-05,27.9,20.9,23.4,27.0,20.2,22.9,0.0,81,1014.8,80,6.5,7.5,22.4,24.8
2017-04-06,25.0,22.5,23.5,25.0,21.9,23.1,0.3,87,1012.5,86,0.0,6.3,22.5,23.9
2017-04-07,27.9,22.6,24.5,28.3,22.1,24.3,0.0,84,1012.4,63,5.1,4.4,24.0,26.2
2017-04-08,27.5,23.0,25.0,27.8,22.2,24.6,0.0,85,1012.2,62,2.2,5.0,24.3,26.0
2017-04-09,27.9,23.5,25.8,28.7,22.3,25.6,0.0,84,1009.4,77,2.3,7.9,24.8,26.8
2017-04-10,28.1,26.3,27.0,27.6,26.0,26.7,0.0,83,1006.6,87,0.2,10.8,25.0,25.9
2017-04-11,27.8,22.2,26.1,27.9,22.7,25.8,0.6,90,1007.7,89,0.0,4.8,25.5,26.4
2017-04-12,22.8,18.2,20.6,22.7,18.0,20.2,21.5,89,1013.2,88,0.2,7.5,18.7,22.1
2017-04-13,21.5,18.8,20.0,21.4,18.1,19.5,0.0,80,1017.4,86,0.0,6.0,17.6,19.6
2017-04-14,24.7,19.9,21.9,25.0,19.2,21.6,0.0,78,1015.2,81,4.0,7.5,20.7,22.8
2017-04-15,26.9,21.6,23.6,27.8,20.9,23.5,0.0,86,1013.5,84,4.9,7.8,23.4,26.5
2017-04-16,30.2,23.0,25.7,30.3,22.6,25.2,0.0,82,1013.3,58,7.5,7.5,24.8,27.1
2017-04-17,29.4,23.7,26.0,29.2,23.2,25.5,0.0,79,1010.9,61,8.8,6.4,25.1,26.8
2017-04-18,30.7,23.9,26.7,30.5,23.4,26.3,0.0,79,1008.9,48,10.5,6.8,25.7,27.7
2017-04-19,29.4,24.7,26.7,29.5,24.2,26.5,0.0,78,1009.1,49,10.5,8.6,25.9,27.7
2017-04-20,27.5,25.1,26.1,27.7,24.6,25.7,3.1,86,1009.8,84,1.2,6.0,24.7,26.0
2017-04-21,29.4,22.8,26.2,29.3,22.9,25.9,7.8,88,1008.1,90,0.6,8.8,25.5,27.7
2017-04-22,24.5,18.5,20.6,24.2,17.6,20.1,6.6,79,1012.9,90,0.1,5.3,17.3,22.1
2017-04-23,21.8,19.9,20.8,21.8,19.3,20.3,1.4,83,1014.8,88,0.0,5.3,18.4,19.5
2017-04-24,22.8,20.9,21.5,23.2,20.4,21.2,0.0,83,1014.3,88,0.1,10.8,19.9,21.9
2017-04-25,22.9,20.7,21.9,22.5,20.2,21.5,10.9,92,1012.4,89,0.0,12.8,20.8,22.1
2017-04-26,26.8,22.4,23.7,27.4,22.2,23.8,2.9,95,1010.9,89,1.0,6.4,23.9,26.9
2017-04-27,24.0,20.6,22.3,23.9,20.2,22.1,3.5,88,1012.5,89,0.1,7.1,20.8,23.5
2017-04-28,24.8,20.2,21.8,24.5,19.5,21.3,0.0,74,1015.2,67,2.3,5.9,19.8,22.0
2017-04-29,27.3,19.9,23.0,27.2,18.7,22.3,0.0,75,1014.4,35,9.9,3.2,22.0,24.3
2017-04-30,28.2,21.4,24.0,27.7,20.0,23.4,0.0,75,1013.3,25,10.8,5.3,22.8,24.7
2017-05-01,29.5,22.6,25.0,28.7,21.7,24.4,0.0,81,1012.6,58,7.5,7.0,24.1,26.9
2017-05-02,28.1,24.3,26.1,28.9,23.5,25.9,0.0,85,1011.9,83,2.4,5.9,25.4,27.4
2017-05-03,31.3,25.6,27.5,31.2,25.3,27.3,0.0,82,1011.4,79,3.9,6.7,26.4,28.5
2017-05-04,27.6,22.9,24.9,27.7,22.5,24.6,42.5,90,1011.9,84,0.2,4.8,23.6,26.8
2017-05-05,29.8,23.4,26.1,29.2,23.0,25.9,0.0,81,1013.7,59,5.4,4.0,25.2,27.4
2017-05-06,31.1,25.3,27.5,31.3,24.9,27.4,0.0,79,1014.8,65,7.1,6.3,26.2,28.4
2017-05-07,27.7,24.8,25.6,26.8,24.2,25.3,1.8,86,1014.6,82,2.5,12.6,24.1,25.2
2017-05-08,28.6,23.1,25.9,28.6,22.3,25.6,9.2,83,1012.0,87,5.3,10.5,25.2,27.3
2017-05-09,29.3,22.6,25.9,29.4,22.2,25.7,10.8,81,1012.4,77,6.8,5.5,25.4,27.7
2017-05-10,29.6,25.3,27.1,29.9,25.0,27.0,0.0,81,1013.8,84,1.3,6.1,25.8,27.6
2017-05-11,31.6,25.7,27.5,30.6,25.3,27.0,0.0,81,1013.8,77,6.4,9.1,26.1,28.1
2017-05-12,30.7,26.0,27.5,30.7,25.6,27.5,0.0,76,1010.9,86,5.6,7.1,26.3,28.5
2017-05-13,26.6,24.5,25.8,26.9,24.1,25.6,4.7,80,1010.2,85,0.0,4.8,23.9,25.0
2017-05-14,29.5,24.8,26.7,29.1,24.4,26.4,0.0,85,1010.4,76,3.1,5.3,25.9,28.4
2017-05-15,27.0,24.6,25.5,26.4,23.8,25.1,38.5,94,1008.7,86,0.1,6.1,24.4,25.5
2017-05-16,26.6,23.6,25.0,26.5,23.2,24.7,3.0,85,1007.6,84,1.0,7.3,22.9,24.6
2017-05-17,29.9,23.8,26.0,29.4,23.0,25.7,0.0,77,1009.7,76,9.0,7.8,24.7,27.0
2017-05-18,27.4,24.3,25.5,27.5,23.7,25.1,0.1,74,1012.0,86,1.4,10.0,22.7,24.6
2017-05-19,26.0,23.7,24.6,26.1,23.3,24.2,0.7,80,1011.0,88,0.1,10.1,22.4,24.0
2017-05-20,24.8,22.7,23.9,24.9,22.1,23.5,0.3,88,1008.7,88,0.0,8.9,22.5,23.8
2017-05-21,24.9,23.0,23.9,25.4,22.5,23.8,4.4,90,1007.7,88,0.1,13.6,23.1,24.8
2017-05-22,25.2,23.8,24.6,25.0,23.3,24.4,5.6,93,1008.1,88,0.1,12.0,23.7,24.3
2017-05-23,28.5,24.6,26.1,29.6,24.4,26.3,4.1,93,1007.8,86,4.8,8.9,26.6,28.8
2017-05-24,26.2,24.2,25.3,26.1,23.8,25.0,273.6,95,1006.8,92,0.0,6.4,24.4,25.6
2017-05-25,28.5,23.9,25.5,28.6,23.9,25.6,0.0,79,1008.7,84,3.4,4.4,23.7,26.1
2017-05-26,26.8,23.9,25.0,27.3,23.5,24.8,0.0,76,1010.2,72,0.1,4.5,22.6,25.3
2017-05-27,30.4,24.0,26.1,29.4,23.3,25.7,0.0,65,1010.0,56,7.5,8.7,22.3,23.9
2017-05-28,30.5,24.8,26.7,29.8,24.3,26.3,0.0,68,1009.6,43,11.5,11.2,23.8,25.6
2017-05-29,30.3,24.9,26.6,29.6,24.3,26.0,0.0,74,1009.9,48,10.5,11.8,24.6,26.6
2017-05-30,30.9,25.1,27.0,29.8,24.6,26.3,0.0,80,1009.4,70,7.4,8.3,25.7,27.8
2017-05-31,31.3,25.6,28.2,31.4,24.9,28.0,0.0,79,1006.6,69,11.5,6.5,27.6,29.2
2017-06-01,30.6,27.8,29.1,30.9,27.6,28.8,0.0,83,1003.2,88,1.3,10.0,28.0,29.6
2017-06-02,30.6,28.6,29.4,30.6,28.4,29.1,0.0,85,1002.6,88,0.5,9.5,28.1,29.2
2017-06-03,32.5,28.5,30.0,32.5,28.4,29.9,0.0,83,1002.7,84,6.2,8.5,29.3,30.9
2017-06-04,31.2,29.3,30.0,31.5,28.9,29.8,0.0,81,1003.6,88,1.5,6.4,28.2,29.2
2017-06-05,33.5,28.8,30.3,33.1,28.4,30.0,0.0,80,1006.2,67,5.2,8.0,29.0,30.8
2017-06-06,33.8,28.5,30.4,33.3,27.8,29.9,0.0,78,1009.2,59,6.5,7.0,29.1,31.0
2017-06-07,34.0,27.2,30.0,33.3,26.6,29.9,4.3,80,1010.0,50,10.3,7.0,29.4,31.0
2017-06-08,32.5,28.3,29.8,32.4,27.7,29.6,0.0,80,1009.9,63,8.3,10.9,28.8,30.3
2017-06-09,31.9,28.1,29.5,32.3,27.7,29.3,1.1,81,1009.2,81,7.8,10.8,28.5,30.2
2017-06-10,33.8,28.0,29.9,32.9,27.5,29.9,0.0,79,1008.3,77,8.7,7.5,29.1,31.1
2017-06-11,34.1,28.1,29.8,32.9,27.4,29.8,0.0,78,1007.0,47,8.7,7.1,29.0,31.2
2017-06-12,30.0,25.3,27.6,30.9,25.0,27.6,37.7,87,1001.9,80,4.4,16.4,27.1,29.1
2017-06-13,28.9,24.3,26.4,28.5,24.0,26.2,219.4,93,1006.2,91,0.0,9.8,25.0,26.9
2017-06-14,29.5,25.5,28.3,29.6,25.3,28.1,15.6,85,1008.6,88,0.0,7.3,26.6,28.0
2017-06-15,31.1,26.8,29.2,31.4,26.8,29.1,14.5,81,1007.6,88,3.0,8.2,27.8,30.4
2017-06-16,29.6,27.8,29.0,29.3,27.4,28.6,13.5,85,1005.1,88,0.0,10.8,27.3,28.6
2017-06-17,28.4,24.4,25.5,27.5,24.3,25.5,138.0,96,1003.7,93,0.0,3.5,25.2,26.6
2017-06-18,27.3,24.7,26.2,27.3,24.6,26.0,24.2,91,1004.7,91,0.0,5.3,25.7,26.8
2017-06-19,28.3,25.3,26.2,28.4,25.2,26.2,32.6,92,1005.3,86,0.3,4.8,26.0,28.0
2017-06-20,28.2,25.2,26.5,28.0,25.1,26.3,24.8,91,1005.1,88,0.2,4.2,25.5,26.8
2017-06-21,29.2,25.2,27.4,29.0,25.0,27.1,95.9,90,1005.3,89,0.4,5.5,26.3,28.1
2017-06-22,32.4,28.0,29.3,32.0,27.6,29.2,0.0,81,1007.8,80,5.6,7.6,28.0,29.1
2017-06-23,31.6,27.5,28.9,31.9,27.3,28.7,10.5,84,1007.7,80,5.2,4.9,27.9,29.5
2017-06-24,30.8,26.4,28.5,31.1,26.4,28.4,18.3,85,1006.3,79,6.1,5.5,27.6,29.8
2017-06-25,31.5,26.8,29.2,31.9,26.7,29.2,4.2,79,1006.9,81,8.4,6.4,28.0,29.7
2017-06-26,32.0,28.6,29.8,32.0,28.0,29.5,0.1,78,1008.4,85,6.3,6.0,28.5,30.2
2017-06-27,31.5,28.6,29.5,31.8,28.2,29.4,1.3,79,1009.5,83,5.1,6.3,28.2,30.0
2017-06-28,32.3,28.2,29.7,32.3,27.9,29.6,0.0,77,1010.2,58,10.7,7.6,28.9,30.0
2017-06-29,32.8,27.9,29.6,32.1,27.5,29.3,0.0,78,1009.7,62,8.8,7.3,28.2,29.7
2017-06-30,33.7,27.6,29.9,32.8,27.0,29.4,0.0,75,1007.8,64,9.4,6.6,28.0,29.7
2017-07-01,31.7,26.7,29.2,31.5,26.2,28.8,7.4,79,1006.3,82,5.5,7.6,27.7,28.9
2017-07-02,30.3,26.2,28.9,30.6,26.1,28.5,8.8,84,1005.8,88,0.9,8.0,27.2,29.2
2017-07-03,30.7,26.7,28.5,31.1,26.6,28.2,8.4,83,1006.1,87,1.3,10.2,27.1,29.2
2017-07-04,28.6,25.3,26.5,29.5,24.9,26.4,32.3,92,1008.4,84,2.3,8.0,26.1,29.4
2017-07-05,31.0,26.5,27.8,30.9,26.1,27.9,27.5,89,1009.3,85,5.9,8.6,27.8,29.5
2017-07-06,28.7,25.8,27.0,29.1,25.6,27.1,16.3,93,1008.1,88,1.0,9.4,26.6,28.5
2017-07-07,29.8,26.0,27.3,30.4,25.7,27.2,35.8,87,1008.5,88,2.4,6.3,26.3,28.4
2017-07-08,28.9,26.3,27.5,28.7,25.9,27.3,12.8,91,1009.9,88,0.1,4.0,26.5,27.5
2017-07-09,32.3,27.1,29.3,31.9,27.0,29.1,1.2,81,1009.7,77,7.4,5.6,28.1,29.6
2017-07-10,32.1,27.5,29.4,32.2,27.1,29.1,0.6,77,1008.5,83,5.9,4.9,27.7,29.5
2017-07-11,32.7,27.6,29.5,32.6,27.2,29.5,0.0,78,1010.1,68,9.6,7.0,28.5,29.9
2017-07-12,32.9,27.9,29.6,32.6,27.5,29.4,0.0,79,1011.0,76,7.4,7.2,28.2,30.2
2017-07-13,33.5,28.2,30.2,33.0,27.7,29.8,0.0,79,1008.8,67,9.7,8.3,28.7,30.1
2017-07-14,32.8,27.4,29.3,32.7,26.4,29.1,2.3,82,1007.6,72,8.3,10.5,28.2,30.1
2017-07-15,32.1,27.0,28.7,32.3,26.6,28.6,8.8,84,1007.4,82,5.1,13.0,27.6,29.8
2017-07-16,28.5,26.1,27.4,28.5,25.8,27.4,21.0,90,1007.8,88,0.6,13.5,26.2,27.9
2017-07-17,28.8,24.4,26.2,28.5,24.0,25.9,184.6,95,1008.9,88,0.3,8.0,25.8,28.9
2017-07-18,27.8,24.6,25.7,28.4,24.5,25.9,134.3,96,1011.2,91,0.0,8.3,25.2,27.5
2017-07-19,30.8,24.5,27.4,31.2,24.3,27.6,12.6,89,1009.3,84,7.1,7.2,27.9,30.0
2017-07-20,30.8,27.2,28.6,31.5,26.8,28.7,2.0,85,1008.6,88,6.3,9.8,27.9,29.7
2017-07-21,32.2,27.6,29.3,31.9,27.2,29.2,0.2,81,1009.4,79,7.2,10.3,27.9,29.2
2017-07-22,33.1,26.5,29.2,32.6,26.2,29.1,3.3,81,1008.8,75,8.4,6.9,27.7,30.0
2017-07-23,28.8,25.6,27.2,29.0,25.4,27.1,46.5,87,1005.7,86,0.1,8.6,25.5,27.8
2017-07-24,31.2,25.8,27.9,30.9,25.5,27.9,3.3,89,1005.5,74,4.6,8.8,27.5,30.0
2017-07-25,33.1,27.7,29.6,32.4,27.3,29.4,0.0,80,1005.1,55,10.4,9.8,28.7,30.1
2017-07-26,34.4,27.1,29.8,33.8,27.0,29.6,0.0,77,1004.1,60,10.1,6.2,28.5,30.1
2017-07-27,30.6,28.0,29.0,30.8,27.5,28.8,0.0,80,1003.4,80,2.9,10.0,27.0,28.4
2017-07-28,34.4,28.1,30.3,33.9,27.8,30.2,0.0,73,1003.6,57,10.2,8.9,28.3,30.1
2017-07-29,33.8,28.8,30.8,34.0,28.5,30.9,0.0,72,999.9,69,7.3,6.3,28.6,30.3
2017-07-30,34.8,29.6,31.8,35.3,29.6,32.0,0.0,74,996.0,69,11.0,7.8,29.9,31.2
2017-07-31,32.4,29.8,30.7,32.8,29.6,30.6,0.0,79,997.9,83,3.6,7.7,29.0,30.9
2017-08-01,33.2,28.3,30.5,33.4,28.0,30.3,5.9,80,1001.4,88,4.6,8.4,29.1,31.0
2017-08-02,31.0,27.3,29.3,31.5,26.4,28.9,14.8,83,1002.2,88,1.9,6.4,27.7,31.2
2017-08-03,29.8,25.3,27.8,29.7,24.9,27.6,66.7,88,1001.8,90,0.9,4.9,26.6,29.2
2017-08-04,29.3,25.9,27.6,29.0,25.4,27.3,19.3,89,1003.0,79,1.4,6.3,26.4,29.5
2017-08-05,34.0,27.1,30.0,33.8,27.3,29.8,0.9,80,1005.5,46,8.9,4.3,28.9,30.6
2017-08-06,32.9,28.5,30.3,33.1,28.4,30.3,0.0,78,1006.4,61,11.0,8.5,29.6,30.8
2017-08-07,33.0,27.3,30.5,33.1,27.7,30.4,6.9,77,1006.3,66,10.3,7.8,29.5,30.9
2017-08-08,32.8,28.4,30.4,33.0,28.3,30.4,1.9,78,1006.6,74,8.3,6.7,29.3,30.8
2017-08-09,31.0,26.3,29.6,30.9,26.3,29.4,14.3,81,1006.1,85,1.6,6.6,27.9,30.1
2017-08-10,31.4,27.6,29.6,31.5,27.3,29.3,11.1,81,1006.1,88,2.5,7.5,28.0,30.0
2017-08-11,31.6,28.9,30.0,32.4,28.8,29.9,3.5,79,1007.6,82,5.0,8.4,28.5,30.4
2017-08-12,32.5,29.0,30.0,32.7,28.6,30.1,0.0,76,1008.7,72,9.9,9.2,28.7,30.5
2017-08-13,32.4,28.6,29.8,32.4,28.2,29.8,0.0,76,1009.1,59,8.6,8.6,28.6,30.5
2017-08-14,32.5,28.8,29.9,32.4,28.3,29.8,0.0,75,1008.8,58,9.4,8.3,28.7,30.5
2017-08-15,32.9,28.1,29.8,31.8,27.7,29.5,0.2,74,1008.4,66,9.6,8.8,28.2,29.7
2017-08-16,31.2,28.2,29.3,31.1,27.9,29.2,0.0,75,1008.3,81,7.3,8.1,27.6,30.0
2017-08-17,33.0,27.9,29.9,32.4,27.6,29.7,0.0,73,1009.1,71,10.3,7.0,28.2,30.1
2017-08-18,34.3,28.1,30.4,33.5,27.7,29.8,0.0,76,1010.3,60,7.9,4.1,28.6,30.8
2017-08-19,34.0,28.4,30.6,33.8,27.8,30.2,0.0,71,1009.8,61,10.2,4.6,28.5,30.1
2017-08-20,33.4,28.5,30.5,33.4,28.1,30.3,0.0,75,1007.1,29,10.2,7.1,29.0,30.7
2017-08-21,34.5,28.6,31.3,34.8,28.1,31.2,0.0,72,1003.2,42,10.1,8.6,29.1,30.3
2017-08-22,36.6,28.0,30.9,36.9,27.0,31.0,2.0,76,999.7,74,7.3,8.3,29.4,31.9
2017-08-23,29.5,25.4,26.9,29.3,24.9,26.6,67.1,89,996.9,93,0.1,22.2,25.1,26.2
2017-08-24,31.5,27.3,29.1,31.8,27.2,29.0,0.0,86,1007.8,85,7.0,13.6,28.8,30.6
2017-08-25,32.7,27.8,29.2,32.3,27.2,28.7,0.1,81,1008.3,81,5.9,7.9,27.8,30.5
2017-08-26,34.3,26.2,29.8,33.3,25.9,29.5,6.3,73,1006.4,65,9.9,12.0,27.6,29.2
2017-08-27,26.9,24.0,25.6,27.6,23.7,25.2,165.3,95,1004.3,89,0.0,21.8,24.8,25.5
2017-08-28,26.3,24.5,25.2,26.6,24.2,25.1,98.3,96,1010.2,90,0.0,6.2,24.6,26.3
2017-08-29,31.4,24.6,28.2,31.8,24.3,28.1,0.0,79,1010.1,34,11.1,5.4,27.8,29.7
2017-08-30,31.6,27.0,28.9,31.9,26.4,28.7,0.4,79,1008.3,49,7.3,5.7,27.9,30.0
2017-08-31,32.8,26.2,28.9,32.6,25.9,28.9,4.1,77,1007.3,80,6.9,4.3,27.8,29.9
2017-09-01,31.7,26.1,27.9,32.1,25.6,28.0,6.5,83,1005.6,85,2.4,5.0,27.2,29.6
2017-09-02,30.4,26.4,27.9,30.7,26.3,27.9,1.0,83,1004.5,88,1.1,5.0,27.1,28.7
2017-09-03,29.9,25.6,27.3,30.1,25.6,27.2,23.8,88,1005.4,88,0.8,8.8,26.8,29.3
2017-09-04,27.6,25.3,26.4,27.3,24.9,26.0,32.8,89,1006.7,90,0.2,9.8,24.9,27.0
2017-09-05,30.7,25.9,28.3,31.1,25.6,28.1,6.4,87,1008.5,83,2.6,5.0,27.4,29.2
2017-09-06,32.3,27.3,29.1,32.4,27.1,29.0,0.0,82,1007.5,82,7.2,4.2,28.2,29.7
2017-09-07,30.7,27.5,28.5,30.7,26.7,28.3,1.8,84,1008.2,86,1.1,4.3,27.1,29.7
2017-09-08,30.9,26.9,28.4,31.3,26.3,28.3,1.1,83,1009.3,64,6.5,5.8,27.5,29.5
2017-09-09,32.0,26.0,28.1,32.2,25.5,27.7,25.8,86,1009.0,77,4.0,4.9,27.3,30.0
2017-09-10,32.2,26.7,29.1,32.0,26.5,28.9,0.0,81,1010.1,68,8.3,6.7,28.4,30.2
2017-09-11,32.4,27.6,29.8,32.5,27.3,29.8,0.0,75,1009.7,30,10.8,6.7,28.2,29.6
2017-09-12,32.8,27.9,29.9,33.6,27.7,30.2,0.6,77,1009.3,51,5.8,5.6,28.6,30.9
2017-09-13,34.0,28.3,30.0,33.0,27.9,29.7,0.0,73,1009.5,71,8.6,12.4,27.6,29.5
2017-09-14,31.5,27.6,29.0,31.4,27.0,28.7,0.0,64,1008.5,76,6.8,13.5,25.0,27.7
2017-09-15,33.2,27.8,29.4,33.2,27.2,29.2,0.0,77,1009.5,76,4.9,7.9,27.6,30.1
2017-09-16,32.6,27.7,29.9,33.5,27.5,30.1,0.0,73,1009.9,52,10.6,6.9,28.2,29.8
2017-09-17,32.6,28.5,30.1,33.1,28.2,30.0,0.0,72,1009.4,36,8.5,5.6,28.0,30.0
2017-09-18,32.9,27.8,29.7,32.3,27.4,29.3,0.0,75,1009.8,30,10.9,8.0,27.9,29.6
2017-09-19,32.2,27.6,29.1,31.7,27.0,28.8,0.0,75,1010.2,39,9.3,9.8,27.3,29.0
2017-09-20,32.0,27.6,29.3,31.9,27.2,29.0,0.2,78,1009.3,73,6.8,7.3,27.7,29.3
2017-09-21,32.0,27.9,29.4,31.3,27.4,28.9,0.0,79,1008.6,70,7.9,7.8,27.7,29.4
2017-09-22,32.0,26.1,29.1,31.5,25.3,28.8,17.9,83,1009.9,72,6.9,10.5,27.8,29.8
2017-09-23,31.4,26.7,29.0,31.0,26.1,28.7,33.4,85,1010.8,75,5.5,11.0,28.0,30.0
2017-09-24,30.5,27.1,28.8,30.5,26.9,28.7,5.6,84,1008.8,81,2.4,15.1,27.1,29.2
2017-09-25,31.9,27.7,29.4,31.7,27.5,29.1,0.5,81,1010.1,81,5.4,9.9,28.1,29.8
2017-09-26,32.9,27.8,29.7,32.7,27.3,29.6,0.0,78,1011.0,41,9.6,5.5,28.4,30.0
2017-09-27,33.0,27.7,29.9,32.6,27.4,29.7,0.0,78,1009.6,34,7.9,5.1,28.4,30.5
2017-09-28,34.1,28.2,30.3,33.6,27.8,29.9,0.0,72,1009.2,25,10.9,6.8,28.2,30.5
2017-09-29,33.1,28.8,30.2,32.8,28.1,29.8,0.0,78,1012.2,63,8.9,12.5,28.5,29.9
2017-09-30,30.3,25.9,28.3,30.1,25.4,28.0,35.0,86,1013.7,72,4.5,12.9,26.8,28.7
2017-10-01,30.1,27.6,28.4,30.4,27.2,28.2,6.6,86,1011.7,80,2.9,13.8,27.3,29.0
2017-10-02,32.7,26.4,29.2,32.1,25.8,28.9,3.6,83,1011.1,66,8.7,11.0,28.4,30.3
2017-10-03,33.5,28.3,30.1,33.3,27.8,29.7,0.0,78,1012.3,52,9.7,8.9,28.6,30.7
2017-10-04,31.0,27.5,28.7,30.8,25.7,28.3,9.5,82,1014.0,76,2.4,13.4,26.7,29.2
2017-10-05,30.3,27.5,28.5,30.0,27.0,28.1,0.0,76,1013.3,76,6.7,13.4,25.9,27.6
2017-10-06,31.1,27.4,28.9,31.0,26.5,28.5,0.2,75,1013.1,83,8.9,12.1,26.4,28.3
2017-10-07,31.7,27.9,29.3,31.7,27.5,28.9,0.0,74,1013.0,76,8.5,13.5,26.9,28.6
2017-10-08,31.5,27.3,28.9,31.4,26.9,28.6,0.0,75,1011.8,82,6.8,10.8,26.6,28.9
2017-10-09,30.9,28.1,29.4,31.0,27.8,29.3,0.0,71,1010.1,85,3.8,14.9,26.4,27.8
2017-10-10,32.3,28.6,29.8,32.1,28.1,29.6,0.0,74,1010.8,69,9.0,12.8,27.1,28.8
2017-10-11,32.5,28.3,29.8,32.0,27.4,29.5,0.2,73,1011.2,43,10.4,13.6,27.3,28.5
2017-10-12,32.7,27.6,29.5,32.7,27.2,29.3,0.0,69,1009.9,69,8.4,10.0,26.5,28.7
2017-10-13,30.6,24.5,27.0,29.9,23.9,26.5,0.0,64,1007.9,59,10.7,12.4,23.6,25.6
2017-10-14,25.6,21.9,24.5,25.3,21.5,24.1,0.4,68,1004.5,88,0.0,14.8,20.9,21.8
2017-10-15,26.9,20.4,23.3,26.9,20.4,23.4,20.7,89,1000.3,89,0.3,22.5,21.2,25.3
2017-10-16,27.5,25.6,26.7,28.8,25.6,26.8,17.1,91,1008.1,88,1.5,13.5,26.0,28.1
2017-10-17,27.6,24.7,25.8,27.8,24.5,25.7,41.3,87,1012.2,89,0.6,9.5,24.5,26.2
2017-10-18,29.5,24.0,26.2,29.6,23.9,26.2,0.0,74,1013.0,67,9.6,8.0,24.4,26.3
2017-10-19,27.9,23.4,25.4,27.7,22.8,25.1,0.0,71,1011.9,70,5.0,7.1,22.7,25.2
2017-10-20,27.8,22.3,24.1,27.8,21.7,23.8,0.0,69,1012.1,72,4.6,9.6,22.0,25.2
2017-10-21,27.2,21.6,23.6,26.7,21.2,23.3,0.0,64,1012.1,33,10.5,10.9,21.3,23.7
2017-10-22,26.3,20.2,22.9,26.2,19.5,22.7,0.0,60,1012.4,9,10.4,6.2,20.2,22.8
2017-10-23,27.7,20.8,23.7,27.3,20.3,23.3,0.0,62,1015.6,6,7.4,6.3,20.3,23.3
2017-10-24,27.3,22.5,24.4,27.6,22.0,24.1,0.0,65,1018.5,14,10.2,8.3,21.4,23.5
2017-10-25,26.4,22.7,24.1,26.9,22.1,23.8,0.0,69,1018.8,18,10.0,10.5,21.5,23.4
2017-10-26,28.1,22.1,24.4,28.3,21.6,24.2,0.0,71,1016.3,18,10.3,5.1,22.5,24.6
2017-10-27,28.6,22.1,24.9,29.1,22.1,24.8,0.0,60,1013.9,40,10.5,4.5,21.0,23.6
2017-10-28,28.0,22.5,24.8,28.8,22.4,25.0,0.0,54,1014.8,21,10.2,6.6,20.9,23.8
2017-10-29,27.0,21.7,24.1,27.0,21.5,24.0,0.0,53,1018.0,31,10.3,12.6,19.9,22.4
2017-10-30,25.0,20.5,22.7,25.1,20.0,22.3,0.0,55,1020.9,55,10.2,10.7,18.2,20.6
2017-10-31,25.0,19.0,22.0,25.4,18.5,21.5,0.0,61,1019.7,51,10.1,7.8,18.3,20.9
2017-11-01,26.4,20.5,23.0,26.7,20.1,22.7,0.0,66,1017.2,29,10.3,7.9,20.1,22.1
2017-11-02,27.8,20.9,23.8,28.7,20.3,23.7,0.0,67,1014.3,22,10.3,6.0,21.0,23.7
2017-11-03,27.6,22.0,24.5,28.2,22.0,24.4,0.0,63,1015.5,64,10.2,10.9,20.2,22.5
2017-11-04,25.8,20.7,23.6,25.8,20.6,23.5,0.3,58,1018.9,86,1.5,11.2,18.4,21.9
2017-11-05,25.6,20.3,23.0,25.7,19.8,22.8,0.0,64,1018.5,78,8.3,8.3,19.2,21.4
2017-11-06,25.8,21.3,23.3,26.0,20.3,23.2,0.0,68,1016.4,87,1.5,6.1,20.3,22.1
2017-11-07,26.0,21.8,23.6,26.5,20.9,23.6,0.3,75,1016.0,88,0.0,5.4,21.4,23.0
2017-11-08,27.3,23.1,24.6,27.2,22.8,24.4,0.0,78,1015.9,88,1.0,6.8,22.8,25.4
2017-11-09,26.8,22.8,24.4,27.5,22.4,24.3,0.0,74,1015.8,77,6.2,11.8,22.6,25.1
2017-11-10,28.4,22.9,25.0,29.7,22.2,25.1,0.0,74,1014.9,56,9.2,8.6,23.8,26.3
2017-11-11,26.5,23.4,24.7,27.4,22.8,24.5,0.0,78,1014.1,89,1.5,9.3,23.1,25.7
2017-11-12,23.5,21.1,22.1,23.2,20.6,21.7,14.7,87,1013.6,93,0.0,11.5,20.5,21.3
2017-11-13,22.7,21.5,21.9,22.7,21.1,21.6,12.5,91,1013.2,95,0.0,9.8,20.7,21.2
2017-11-14,24.0,22.0,23.0,24.6,21.7,22.8,0.2,88,1014.6,88,0.2,9.2,21.9,23.4
2017-11-15,23.9,22.6,23.2,24.0,22.1,22.9,0.0,84,1016.0,84,0.1,12.5,21.6,22.4
2017-11-16,26.2,22.2,23.4,26.3,21.8,23.4,0.0,81,1015.1,68,7.9,11.6,22.3,24.1
2017-11-17,26.2,22.9,24.2,27.3,22.4,24.2,0.0,84,1011.6,42,9.8,8.3,23.8,25.7
2017-11-18,26.5,20.1,23.9,26.9,19.6,23.7,1.9,83,1012.2,60,3.2,5.9,22.7,24.8
2017-11-19,20.2,19.4,19.9,19.8,18.9,19.4,1.0,84,1017.7,88,0.0,9.7,17.7,19.0
2017-11-20,20.3,17.9,19.3,20.0,17.3,18.7,0.0,78,1018.8,91,0.0,7.6,16.8,18.0
2017-11-21,21.4,17.5,19.3,21.5,16.8,18.9,0.0,77,1018.0,88,0.6,6.2,17.0,19.3
2017-11-22,22.9,17.3,19.8,23.4,16.7,19.5,0.0,70,1016.5,60,9.0,8.8,18.0,20.5
2017-11-23,20.3,15.5,17.8,20.9,14.7,17.3,0.0,64,1019.9,47,5.4,9.0,14.7,17.7
2017-11-24,20.8,16.5,18.0,20.6,15.9,17.5,0.0,65,1022.1,86,3.8,7.6,14.9,18.2
2017-11-25,19.1,16.9,18.0,18.9,16.2,17.5,0.0,73,1021.5,88,0.0,5.2,15.3,16.4
2017-11-26,22.4,18.1,19.7,23.6,17.7,19.9,0.0,73,1020.2,73,4.7,3.1,18.1,21.5
2017-11-27,22.1,18.5,20.3,22.3,18.0,20.0,0.0,78,1018.1,84,0.7,7.4,18.3,20.0
2017-11-28,24.6,20.6,22.2,25.4,20.2,22.1,0.0,79,1017.4,76,2.4,8.9,20.5,23.1
2017-11-29,26.4,21.6,23.8,27.8,21.1,23.7,0.0,82,1016.9,74,5.7,8.4,22.8,25.5
2017-11-30,23.2,21.8,22.3,23.1,21.2,21.9,0.3,90,1016.9,86,0.8,8.2,21.0,22.5
2017-12-01,23.2,19.7,21.2,24.0,19.3,21.0,0.0,73,1018.8,74,3.7,9.1,18.7,21.6
2017-12-02,22.9,17.5,20.1,24.0,17.0,19.9,0.0,73,1019.1,65,8.5,6.2,18.1,21.3
2017-12-03,22.9,18.9,20.6,23.6,18.3,20.4,0.0,76,1017.7,52,7.6,4.1,18.9,21.2
2017-12-04,22.3,18.0,20.1,23.9,17.5,20.0,0.0,71,1018.3,36,9.4,6.4,18.6,21.3
2017-12-05,20.4,17.7,18.9,19.9,16.9,18.4,0.0,71,1020.0,78,2.7,8.2,15.4,17.9
2017-12-06,21.1,17.5,18.8,22.0,16.9,18.5,0.0,73,1018.5,41,8.8,9.1,,
2017-12-07,21.8,17.8,19.4,22.3,17.1,19.2,0.0,69,1018.2,57,5.0,6.3,,
2017-12-08,19.4,15.3,17.6,20.0,14.7,17.4,0.0,49,1021.2,9,9.6,12.5,,10.9
2017-12-09,18.0,13.3,15.5,18.9,12.0,15.1,0.0,56,1019.7,15,9.3,6.4,,
2017-12-10,20.4,14.9,17.8,21.1,14.1,17.7,0.0,60,1018.2,37,7.3,4.3,,
2017-12-11,21.1,17.0,18.9,22.4,16.2,18.8,0.0,58,1018.3,57,9.6,8.1,,15.4
2017-12-12,20.6,17.4,18.6,21.5,16.8,18.3,0.0,70,1018.4,83,2.7,9.8,15.6,18.5
2017-12-13,19.0,17.9,18.4,19.3,17.5,18.2,0.0,79,1017.7,89,0.2,13.4,16.1,17.4
2017-12-14,21.1,18.0,19.3,21.7,17.6,19.2,0.0,78,1018.1,84,4.0,12.0,17.9,20.2
2017-12-15,21.3,18.5,19.6,22.5,18.1,19.5,0.0,81,1019.2,79,5.2,9.0,18.6,21.5
2017-12-16,19.5,12.2,15.8,19.2,11.5,15.1,0.0,67,1023.4,69,6.1,14.0,13.2,17.2
2017-12-17,14.0,10.8,12.3,13.5,9.9,11.5,0.0,64,1026.6,81,0.2,12.8,9.4,11.1
2017-12-18,15.8,9.8,12.8,16.4,8.9,12.5,0.0,57,1025.5,23,9.4,8.7,10.7,13.7
2017-12-19,16.5,10.7,13.6,17.2,9.8,13.4,0.0,46,1025.6,40,7.8,11.7,10.1,13.9
2017-12-20,17.8,12.4,15.2,19.0,11.9,15.2,0.0,40,1027.3,29,9.2,13.0,11.0,13.9
2017-12-21,17.0,12.4,15.0,17.9,12.5,15.1,0.0,53,1025.7,23,9.4,11.9,11.6,14.1
2017-12-22,19.1,14.5,16.8,20.5,14.2,16.9,0.0,65,1021.2,52,8.9,10.4,14.7,17.5
2017-12-23,21.1,17.1,19.0,21.8,16.8,18.9,0.0,73,1017.5,91,0.3,5.1,17.0,19.5
2017-12-24,23.1,18.1,20.2,24.4,17.1,20.5,0.0,60,1018.1,28,9.4,7.3,18.3,20.7
2017-12-25,19.7,16.3,17.7,20.4,16.2,17.6,0.0,53,1019.8,64,8.6,11.5,13.5,16.0
2017-12-26,19.7,16.3,17.6,20.8,15.7,17.3,0.0,73,1021.0,69,7.3,10.4,16.0,19.0
2017-12-27,19.4,16.2,17.6,20.8,15.6,17.6,0.0,75,1021.2,51,9.2,12.8,16.2,18.2
2017-12-28,20.6,17.1,18.5,20.9,16.7,18.3,0.0,76,1020.7,84,2.9,9.0,16.7,19.0
2017-12-29,21.5,17.7,19.0,22.8,17.0,19.0,0.0,77,1021.3,46,9.1,7.9,18.2,20.2
2017-12-30,22.6,17.6,19.5,23.9,16.6,19.6,0.0,71,1021.6,44,8.7,7.5,,
2017-12-31,21.0,15.9,18.1,22.6,15.4,17.9,0.0,65,1021.5,33,9.5,7.7,,
2018-01-01,19.0,16.3,17.3,19.6,15.6,16.9,0.0,78,1020.5,75,3.0,9.0,,
2018-01-02,19.2,16.0,17.8,20.0,15.0,17.6,0.0,78,1019.3,77,3.6,9.0,,
2018-01-03,22.0,18.2,19.4,22.8,17.9,19.4,0.0,76,1018.5,79,8.4,11.1,19.1,20.6
2018-01-04,20.5,18.1,18.8,21.5,17.6,18.8,0.2,82,1016.7,86,0.6,12.0,17.4,20.0
2018-01-05,22.8,17.2,19.3,23.2,16.6,19.1,0.2,87,1015.3,88,0.2,6.4,19.2,21.9
2018-01-06,17.3,15.9,16.2,16.7,15.4,15.7,3.7,92,1014.6,94,0.0,15.6,14.8,15.8
2018-01-07,17.6,15.7,16.8,17.8,15.4,16.7,16.2,93,1014.3,95,0.0,16.6,16.2,17.3
2018-01-08,18.7,9.5,15.1,18.7,8.7,14.8,11.6,95,1015.2,91,0.0,8.4,15.7,18.4
2018-01-09,10.7,7.9,9.0,10.6,7.0,8.6,9.9,82,1023.1,97,0.0,8.8,6.6,7.8
2018-01-10,15.2,10.5,12.8,15.9,10.6,13.0,0.0,46,1024.9,82,2.9,12.2,8.3,11.2
2018-01-11,16.1,12.1,13.8,16.8,11.7,13.9,0.0,42,1026.1,37,9.3,12.3,9.7,12.8
2018-01-12,15.3,10.5,12.8,16.6,10.0,12.7,0.0,46,1027.1,11,9.8,11.6,8.9,12.1
2018-01-13,14.6,11.3,12.9,14.9,10.4,12.7,0.0,67,1026.0,18,9.7,11.5,10.8,12.5
2018-01-14,17.2,12.0,14.2,18.3,10.7,14.1,0.0,70,1022.9,11,9.9,9.7,12.8,15.9
2018-01-15,18.2,13.0,15.3,19.8,12.4,15.3,0.0,79,1018.9,16,9.6,8.3,14.9,18.2
2018-01-16,22.6,14.8,17.8,21.9,14.1,17.3,0.0,75,1015.4,23,9.6,5.0,17.2,20.0
2018-01-17,25.5,15.9,19.8,25.5,14.9,19.1,0.0,60,1014.4,9,9.8,4.5,17.7,21.0
2018-01-18,24.0,15.9,19.2,22.6,15.1,18.5,0.0,76,1016.6,39,9.0,11.8,18.2,20.7
2018-01-19,19.3,17.9,18.6,18.8,17.6,18.2,0.8,89,1017.8,92,0.0,7.3,17.5,18.3
2018-01-20,22.7,17.4,19.1,21.3,17.0,18.4,0.0,79,1016.8,70,7.7,11.4,17.9,20.0
2018-01-21,21.5,16.8,18.7,21.3,16.2,18.2,0.0,81,1015.6,78,4.9,7.9,17.5,20.3
2018-01-22,24.8,17.1,20.0,23.2,16.5,19.4,0.0,80,1013.9,62,8.0,3.9,19.3,22.2
2018-01-23,22.8,17.2,19.2,22.2,16.7,18.6,0.0,78,1015.3,79,4.7,9.5,17.7,20.8
2018-01-24,18.6,16.6,17.7,19.2,16.1,17.3,0.0,78,1015.5,80,7.7,14.6,16.2,18.1
2018-01-25,18.8,16.1,17.2,18.9,15.6,16.8,0.0,79,1015.7,82,5.7,14.2,15.7,18.0
2018-01-26,18.3,15.6,17.1,17.7,14.7,16.3,0.0,85,1017.2,95,0.2,8.2,15.7,17.0
2018-01-27,17.1,14.0,15.5,17.5,13.4,14.9,0.0,81,1017.0,90,1.6,10.4,13.5,16.0
2018-01-28,18.4,12.6,16.5,18.7,11.8,16.1,0.0,81,1014.7,88,0.0,5.0,16.1,17.5
2018-01-29,12.9,8.9,10.5,11.8,7.8,9.5,0.1,76,1020.1,94,0.0,9.0,7.9,10.0
2018-01-30,11.0,8.9,10.1,10.6,7.8,9.1,0.2,82,1020.4,100,0.0,7.0,7.8,8.5
2018-01-31,10.6,7.8,9.4,10.0,7.2,8.9,19.3,87,1021.0,86,0.2,9.4,8.2,9.5
2018-02-01,12.3,6.8,10.2,11.9,6.0,9.8,0.0,64,1022.2,76,2.0,5.2,7.8,10.0
2018-02-02,12.3,9.3,11.1,11.8,8.7,10.5,0.0,64,1024.6,88,0.0,9.9,8.2,9.0
2018-02-03,11.8,8.8,10.2,11.5,8.1,9.7,0.0,55,1025.9,88,0.0,10.5,6.4,8.4
2018-02-04,11.7,9.1,10.2,11.6,8.5,9.6,0.0,51,1026.1,88,0.0,10.1,6.5,8.5
2018-02-05,11.8,8.1,9.8,11.7,7.4,9.2,0.0,48,1026.6,79,1.7,9.1,6.0,9.3
2018-02-06,14.2,7.9,11.1,14.6,7.0,10.8,0.0,50,1023.7,48,10.1,10.2,8.2,11.7
2018-02-07,15.3,10.5,12.7,15.1,10.0,12.3,0.0,56,1021.0,79,1.4,6.5,9.6,12.8
2018-02-08,16.7,11.3,14.0,17.5,10.6,13.7,0.0,61,1018.8,73,8.1,9.7,11.5,15.5
2018-02-09,17.1,13.7,15.5,17.6,13.2,15.3,0.0,76,1016.5,90,1.4,8.8,13.5,16.1
2018-02-10,22.1,15.9,18.0,22.8,15.3,17.8,0.0,78,1017.4,71,6.9,4.6,17.5,20.8
2018-02-11,19.7,14.5,16.1,20.1,13.8,15.8,0.0,63,1022.7,78,7.1,7.6,13.4,16.8
2018-02-12,19.0,11.9,14.9,19.6,11.1,14.3,0.0,59,1026.4,26,10.3,6.9,12.2,15.9
2018-02-13,18.4,12.8,15.2,18.4,12.0,14.5,0.0,64,1023.8,32,10.5,9.5,12.7,15.6
2018-02-14,18.6,14.6,16.8,19.0,13.7,16.4,0.0,58,1019.1,74,2.3,9.2,13.4,15.5
2018-02-15,24.0,17.2,19.8,24.7,16.3,19.6,0.0,76,1016.0,57,4.7,3.6,19.3,23.1
2018-02-16,24.8,17.5,20.6,24.9,16.7,20.3,0.0,78,1015.0,10,10.2,4.0,20.1,23.0
2018-02-17,20.2,16.6,17.7,19.3,16.0,17.1,0.0,85,1016.9,72,2.7,13.5,16.1,18.0
2018-02-18,20.2,16.5,18.3,20.5,15.7,18.0,0.0,79,1017.6,87,0.4,10.0,16.9,18.7
2018-02-19,24.4,19.5,21.4,24.7,18.8,21.3,0.0,81,1016.0,82,2.8,3.5,20.7,23.5
2018-02-20,25.0,18.8,21.0,26.3,18.2,20.8,0.0,86,1014.3,83,1.5,6.4,21.1,24.8
2018-02-21,19.4,16.7,18.2,19.3,16.1,17.7,0.0,84,1014.9,92,0.0,13.3,16.8,18.3
2018-02-22,16.8,13.0,15.1,16.1,12.4,14.4,2.3,89,1018.2,100,0.0,8.8,13.5,14.5
2018-02-23,16.5,12.8,14.8,16.5,12.4,14.5,2.0,85,1019.9,87,1.4,9.3,13.6,15.0
2018-02-24,20.8,15.5,18.3,21.8,15.1,18.1,0.2,72,1019.0,86,2.8,10.4,16.6,19.6
2018-02-25,23.5,18.4,20.4,24.8,18.0,20.6,0.0,80,1018.0,81,4.9,4.5,20.6,23.2
2018-02-26,18.7,16.5,17.3,18.2,15.9,16.7,0.0,81,1019.8,83,0.1,8.7,15.3,17.1
2018-02-27,23.2,15.8,19.1,24.0,15.0,18.8,0.0,71,1017.3,83,8.5,7.9,17.7,21.4
2018-02-28,26.2,18.5,21.4,25.8,17.8,21.1,0.0,79,1013.7,57,6.9,4.3,21.0,24.6
2018-03-01,24.8,19.4,21.3,25.0,18.6,21.1,0.0,86,1012.5,47,7.4,7.0,21.4,24.3
2018-03-02,24.7,19.5,21.3,24.6,19.0,21.1,0.0,78,1012.1,80,5.4,13.0,19.7,22.1
2018-03-03,23.6,21.0,22.0,24.0,20.7,21.8,0.0,91,1011.2,86,0.5,8.1,21.6,23.4
2018-03-04,27.3,21.9,24.0,26.5,21.6,23.6,0.0,89,1011.0,86,0.5,4.3,23.4,25.2
2018-03-05,27.8,23.4,25.1,28.4,23.1,25.0,0.0,84,1012.4,71,7.9,4.9,24.9,27.2
2018-03-06,23.5,18.3,19.8,23.1,17.6,19.3,0.0,83,1017.2,82,1.8,16.3,16.9,22.2
2018-03-07,20.6,17.6,19.1,20.9,16.9,18.6,0.0,79,1016.7,86,1.1,12.4,17.3,19.4
2018-03-08,20.5,12.5,14.5,19.7,11.9,13.9,20.3,82,1019.4,90,0.0,10.8,11.7,18.3
2018-03-09,19.8,11.1,14.8,19.1,10.2,14.1,0.0,61,1022.8,12,10.7,9.1,12.8,15.9
2018-03-10,20.3,13.7,16.7,20.3,12.6,16.1,0.0,66,1022.1,12,10.8,8.6,14.4,16.9
2018-03-11,22.5,15.3,18.0,22.2,14.4,17.4,0.0,69,1021.5,20,10.7,9.5,16.0,18.9
2018-03-12,23.3,16.9,19.6,23.5,15.7,19.0,0.0,71,1019.0,10,10.7,7.6,17.8,20.0
2018-03-13,24.5,18.1,20.9,24.9,16.8,20.4,0.0,75,1016.7,48,9.2,7.1,20.2,22.7
2018-03-14,20.8,19.4,20.2,20.7,19.3,19.7,2.4,83,1014.8,88,0.0,8.7,18.3,19.4
2018-03-15,25.1,20.1,22.1,25.6,19.6,21.8,0.0,84,1013.2,76,3.3,2.8,21.7,24.3
2018-03-16,26.3,20.3,22.7,26.7,19.5,22.2,0.0,81,1014.8,39,9.4,3.0,22.3,24.7
2018-03-17,22.0,18.6,19.5,21.2,18.1,19.0,0.0,85,1017.3,87,0.0,16.2,17.4,20.2
2018-03-18,24.1,19.2,20.8,23.9,18.6,20.6,0.0,83,1016.0,85,4.9,11.3,20.2,23.2
2018-03-19,25.6,20.7,22.8,25.0,20.2,22.5,0.0,86,1011.7,87,2.5,6.4,22.1,24.5
2018-03-20,25.3,16.9,21.4,24.4,15.9,20.7,0.0,70,1013.0,55,6.2,9.6,19.4,21.7
2018-03-21,24.1,14.5,18.7,22.9,13.5,18.0,0.0,51,1016.7,5,11.2,8.3,15.2,18.2
2018-03-22,24.1,16.2,19.5,23.1,15.3,18.8,0.0,57,1016.9,9,10.7,7.8,16.7,19.8
2018-03-23,24.7,17.2,20.5,24.0,16.6,19.7,0.0,68,1018.4,11,11.0,9.6,17.9,19.7
2018-03-24,23.8,19.6,21.1,23.9,18.7,20.5,0.0,77,1018.9,78,4.7,9.5,19.7,22.1
2018-03-25,24.5,20.5,21.7,24.2,19.8,21.2,0.0,68,1019.4,80,4.3,8.7,18.8,21.8
2018-03-26,26.5,20.4,22.6,25.7,19.4,22.1,0.0,71,1018.3,69,6.8,3.8,20.8,23.3
2018-03-27,26.0,20.8,22.8,25.9,20.4,22.4,0.0,73,1016.2,50,8.2,5.1,21.3,23.8
2018-03-28,26.7,21.0,22.7,25.9,19.9,22.0,0.0,77,1014.7,41,8.7,8.5,21.5,23.3
2018-03-29,27.0,21.1,22.9,26.7,19.9,22.2,0.0,78,1014.3,69,7.1,9.0,21.7,24.2
2018-03-30,27.9,21.2,23.5,27.0,20.3,22.8,0.0,76,1015.4,46,9.9,9.3,21.9,23.7
2018-03-31,27.5,21.4,23.5,26.6,20.6,22.8,0.0,65,1015.5,31,10.6,11.5,20.5,22.3
2018-04-01,27.9,21.3,23.6,27.1,20.1,22.9,0.0,73,1014.5,51,9.7,6.8,21.9,23.6
2018-04-02,28.7,21.5,24.3,27.7,20.2,23.5,0.0,71,1013.6,22,10.4,4.0,22.6,24.5
2018-04-03,29.4,21.9,24.7,28.9,20.7,24.0,0.0,74,1013.6,38,10.8,4.2,23.4,25.1
2018-04-04,28.5,22.6,24.7,28.7,21.3,24.2,0.0,78,1012.7,33,10.5,5.9,24.0,26.1
2018-04-05,27.8,22.7,24.6,27.6,21.4,24.0,0.0,78,1011.6,57,8.8,7.1,23.7,25.3
2018-04-06,26.6,17.5,22.3,27.4,16.6,21.6,0.0,70,1015.1,71,4.2,8.6,21.0,25.2
2018-04-07,20.3,16.1,18.0,19.8,14.9,17.2,0.0,45,1023.6,88,0.5,13.3,12.2,14.7
2018-04-08,24.9,16.3,20.1,23.8,15.7,19.4,0.0,53,1020.7,22,11.1,7.8,17.3,19.9
2018-04-09,26.5,19.0,22.0,25.7,17.5,21.4,0.0,75,1017.6,43,10.7,5.2,21.2,23.7
2018-04-10,28.5,21.1,23.8,27.8,20.1,23.1,0.0,78,1014.7,48,8.0,9.5,22.9,25.2
2018-04-11,27.6,22.5,24.6,27.8,21.7,24.1,0.0,83,1012.3,75,2.2,6.5,23.9,26.0
2018-04-12,28.1,23.9,25.6,28.2,23.2,25.2,0.0,82,1011.1,84,5.3,6.8,24.6,25.9
2018-04-13,30.6,24.6,26.7,30.2,23.9,26.3,0.0,79,1011.7,71,6.0,8.5,25.5,27.2
2018-04-14,29.9,25.2,26.7,29.6,24.3,26.4,0.0,79,1011.3,82,2.0,6.4,25.1,26.5
2018-04-15,25.7,18.6,21.0,25.3,17.9,20.7,17.2,85,1014.2,89,0.9,8.8,19.1,24.1
2018-04-16,19.4,17.5,18.5,18.7,16.9,17.8,2.0,88,1016.5,93,0.0,6.1,16.7,17.4
2018-04-17,22.9,17.4,19.9,23.3,16.9,19.4,0.2,82,1017.1,90,0.5,6.8,18.2,21.6
2018-04-18,25.6,21.1,22.5,24.9,20.5,21.9,0.1,78,1015.8,89,3.1,9.4,20.7,23.1
2018-04-19,26.3,21.4,23.2,25.8,20.4,22.6,0.0,76,1014.6,78,8.4,10.4,21.8,23.8
2018-04-20,26.2,22.5,23.2,25.5,21.6,22.7,0.0,83,1014.1,88,0.5,11.8,21.7,24.2
2018-04-21,27.5,23.0,24.5,27.4,22.5,24.1,0.0,83,1013.1,83,4.6,11.5,23.7,26.0
2018-04-22,29.0,23.7,25.2,28.3,23.1,24.8,0.0,86,1011.2,77,4.5,12.4,25.0,27.0
2018-04-23,30.2,24.3,26.3,30.1,23.6,26.1,0.0,79,1009.2,77,7.1,7.1,,23.9
2018-04-24,26.7,23.9,25.2,26.7,24.1,24.9,8.2,85,1009.9,85,0.4,5.2,24.2,25.7
2018-04-25,24.7,23.3,23.7,24.2,22.7,23.2,0.0,79,1012.1,85,0.0,10.5,21.2,22.0
2018-04-26,24.6,22.7,23.4,24.4,22.0,22.9,0.3,84,1013.6,92,0.0,10.7,21.7,22.6
2018-04-27,28.5,22.9,24.9,28.4,22.3,24.6,0.0,80,1015.0,86,1.7,7.1,23.8,26.3
2018-04-28,26.4,23.1,24.5,26.5,22.7,24.2,0.1,84,1015.0,89,0.7,9.4,23.0,24.9
2018-04-29,29.3,23.9,25.6,29.2,23.4,25.3,0.0,82,1013.3,74,7.8,10.2,25.1,27.4
2018-04-30,29.2,24.6,26.1,29.7,23.8,25.8,0.0,85,1012.9,83,3.1,9.5,25.7,28.2
2018-05-01,30.6,25.4,27.3,29.9,24.7,26.7,0.0,80,1012.5,76,6.0,6.2,26.4,28.5
2018-05-02,31.8,25.6,27.9,31.4,25.0,27.6,0.0,75,1012.4,64,10.4,8.1,27.2,28.7
2018-05-03,33.5,22.9,27.1,33.0,22.2,26.5,1.9,80,1014.1,82,7.0,11.2,26.4,28.9
2018-05-04,25.1,22.1,23.8,24.9,21.3,23.1,0.8,82,1016.1,89,0.8,16.0,22.1,23.5
2018-05-05,27.7,23.6,25.3,27.9,22.8,24.9,0.0,82,1015.5,86,4.2,12.3,24.2,26.3
2018-05-06,31.0,25.4,27.6,30.5,24.6,27.4,1.0,80,1011.3,80,7.8,10.3,26.8,28.8
2018-05-07,29.6,24.4,28.0,30.4,23.4,27.8,6.7,82,1007.2,88,2.6,13.2,26.9,28.4
2018-05-08,27.1,23.7,25.2,27.5,23.2,24.8,28.4,91,1008.3,88,0.1,5.9,24.5,26.8
2018-05-09,25.7,22.8,24.6,25.2,22.3,24.0,5.4,88,1012.9,88,0.1,15.1,23.2,24.1
2018-05-10,23.9,22.2,23.0,24.4,21.7,22.4,8.0,89,1015.0,90,0.4,18.9,21.6,23.7
2018-05-11,25.3,22.3,23.8,25.5,21.8,23.4,1.0,86,1014.2,88,0.2,13.2,22.7,24.6
2018-05-12,30.6,24.2,26.5,30.1,23.6,26.2,0.0,82,1012.3,71,8.1,7.2,26.3,28.1
2018-05-13,31.5,25.3,27.7,30.9,24.8,27.4,0.0,79,1011.0,41,11.1,8.0,27.6,29.1
2018-05-14,31.9,26.6,28.6,31.7,25.8,28.3,0.0,77,1010.0,43,10.8,8.8,28.2,29.7
2018-05-15,32.3,27.1,28.7,31.9,26.3,28.3,0.0,76,1009.3,54,7.4,7.9,27.2,29.2
2018-05-16,32.2,26.1,28.6,31.8,25.2,28.3,0.0,74,1008.8,46,10.6,8.0,27.4,28.8
2018-05-17,33.1,27.4,29.4,32.5,26.6,29.0,0.0,75,1008.2,64,9.5,7.8,28.2,29.9
2018-05-18,33.4,27.7,29.8,32.6,27.0,29.4,0.0,74,1007.7,73,10.3,9.2,28.5,29.9
2018-05-19,33.4,27.8,29.8,33.2,27.2,29.5,0.0,74,1007.7,72,11.3,9.7,28.7,30.2
2018-05-20,34.5,27.8,30.1,33.1,27.1,29.5,0.0,72,1008.4,41,11.3,8.6,28.5,29.8
2018-05-21,34.7,28.1,30.3,33.4,27.3,29.5,0.0,71,1009.5,54,9.4,7.5,28.3,30.1
2018-05-22,34.8,27.9,30.4,33.2,27.1,29.5,0.0,69,1010.5,28,8.3,6.6,27.7,29.6
2018-05-23,35.1,27.6,30.5,34.3,27.0,30.1,0.0,69,1009.6,18,11.8,7.7,28.4,29.5
2018-05-24,33.5,28.4,30.0,32.7,27.3,29.3,0.0,73,1009.3,46,5.5,9.4,27.8,29.7
2018-05-25,33.1,27.6,29.8,32.7,26.6,29.4,0.0,71,1008.2,47,8.4,7.9,27.8,29.5
2018-05-26,34.7,28.8,30.7,33.8,27.8,30.3,0.9,72,1008.3,49,10.9,9.2,29.0,30.6
2018-05-27,33.4,26.9,30.0,33.6,26.8,29.8,3.4,76,1008.9,63,9.7,8.8,29.3,30.8
2018-05-28,34.5,27.8,30.3,34.2,27.4,30.0,0.0,72,1009.0,47,10.4,8.7,28.3,29.7
2018-05-29,35.3,28.3,31.1,34.9,27.7,30.9,0.0,69,1009.6,24,12.2,8.5,29.0,30.1
2018-05-30,35.4,29.0,31.2,34.9,28.4,30.8,0.0,69,1009.7,60,8.4,9.3,29.1,31.1
2018-05-31,34.8,28.9,31.1,34.5,28.2,30.8,0.0,70,1009.7,57,11.9,9.2,29.2,30.6
2018-06-01,35.1,27.8,30.2,35.1,27.1,29.8,0.0,75,1009.9,74,5.2,10.3,28.2,31.1
2018-06-02,32.8,27.2,29.1,32.4,26.4,28.5,0.0,74,1010.5,73,10.0,13.7,27.0,29.0
2018-06-03,32.6,27.3,29.3,32.1,26.6,28.7,0.0,74,1008.4,78,8.3,13.0,26.9,28.9
2018-06-04,31.2,26.5,28.0,31.0,25.9,27.5,12.4,85,1007.4,85,2.1,13.2,26.4,28.2
2018-06-05,29.5,25.9,27.1,29.2,25.4,26.8,28.2,92,1006.8,88,0.3,10.1,26.4,28.6
2018-06-06,28.4,26.0,27.2,28.1,25.5,26.8,58.3,93,1005.0,96,0.0,11.1,25.9,27.0
2018-06-07,28.6,26.0,27.3,28.2,25.5,26.9,47.4,92,1004.3,92,0.0,13.0,26.3,27.3
2018-06-08,30.2,25.3,27.8,29.2,24.7,27.3,70.2,88,1001.0,93,0.7,13.0,26.2,29.1
2018-06-09,30.4,26.5,28.6,30.6,26.1,28.4,4.8,79,999.1,86,4.5,8.4,27.3,28.8
2018-06-10,33.4,27.4,30.0,33.7,27.0,30.1,0.0,69,1000.4,69,7.5,8.2,27.9,29.8
2018-06-11,34.3,28.0,30.5,34.1,27.8,30.3,0.0,59,1002.4,54,11.7,6.5,26.4,28.6
2018-06-12,30.1,25.2,27.5,30.1,24.6,26.9,39.6,88,1002.4,89,0.0,9.1,26.1,28.4
2018-06-13,28.5,25.6,26.6,28.5,25.1,26.2,109.3,94,998.2,94,0.0,5.9,26.2,27.7
2018-06-14,28.6,25.4,26.8,28.8,24.7,26.6,1.3,82,998.3,89,0.6,6.3,25.5,26.8
2018-06-15,29.1,25.7,27.1,29.3,25.3,26.8,0.2,76,1001.8,86,3.0,7.5,25.0,27.0
2018-06-16,31.5,26.9,28.4,30.3,26.2,27.8,0.0,70,1003.6,66,7.3,14.0,25.5,27.0
2018-06-17,30.8,26.2,28.3,31.1,25.8,28.0,0.0,72,1002.3,60,7.7,12.0,26.2,27.9
2018-06-18,31.9,27.4,28.9,31.6,26.8,28.7,0.0,77,1002.0,82,6.2,8.8,27.8,29.7
2018-06-19,31.5,28.6,29.6,31.3,28.0,29.1,0.0,79,1004.1,85,2.5,8.8,28.1,29.8
2018-06-20,32.4,28.8,30.2,32.8,28.1,30.0,0.0,78,1005.5,87,7.5,8.1,29.2,31.0
2018-06-21,31.6,28.7,30.0,32.2,28.5,29.7,2.6,81,1005.9,85,3.1,7.6,29.0,30.8
2018-06-22,30.4,25.4,27.8,30.6,24.9,27.3,32.9,87,1006.2,87,1.1,6.9,26.4,29.3
2018-06-23,29.7,24.4,27.0,29.5,24.0,26.5,25.6,90,1006.7,89,0.2,8.5,25.8,27.9
2018-06-24,32.5,26.4,28.7,32.3,25.9,28.5,18.1,84,1008.2,84,7.1,10.0,28.3,30.2
2018-06-25,31.3,26.0,28.1,30.8,25.6,27.7,6.2,85,1008.9,83,2.1,10.2,27.1,28.8
2018-06-26,33.4,25.9,29.2,32.7,25.5,28.9,1.7,80,1010.6,61,9.4,7.8,28.7,30.3
2018-06-27,31.9,27.4,29.2,31.0,27.0,28.6,0.0,78,1010.0,63,5.2,6.1,27.9,29.4
2018-06-28,32.6,27.7,29.7,32.4,27.0,29.4,0.0,75,1007.0,38,11.2,9.4,28.6,29.9
2018-06-29,32.5,28.4,30.1,32.5,28.0,29.9,0.0,76,1004.2,73,11.0,9.0,29.0,30.8
2018-06-30,32.8,28.9,30.4,33.1,28.4,30.3,0.0,76,1004.1,80,9.7,8.7,29.4,30.8
2018-07-01,32.9,28.0,30.2,33.0,28.1,30.0,4.1,77,1004.1,81,8.7,8.9,29.0,30.7
2018-07-02,30.6,25.6,29.5,31.1,24.9,29.2,2.1,81,1003.4,88,1.6,8.8,27.7,29.7
2018-07-03,30.5,27.0,29.7,30.2,26.7,29.2,15.4,81,1002.5,88,0.4,9.2,27.7,28.4
2018-07-04,32.6,28.4,30.3,32.6,27.9,29.9,3.4,78,1002.2,88,9.0,11.5,29.0,30.5
2018-07-05,31.6,28.4,30.0,31.2,28.1,29.4,1.5,78,1002.3,88,2.6,9.3,27.9,29.4
2018-07-06,32.1,27.6,30.1,32.8,27.5,29.9,5.0,80,1002.6,88,6.0,7.3,29.1,30.9
2018-07-07,30.0,26.4,29.0,30.0,26.2,28.6,5.2,84,1003.3,87,0.2,7.0,27.3,29.0
2018-07-08,30.6,26.7,28.2,31.2,26.9,28.3,14.4,88,1004.4,87,3.5,8.8,28.0,30.2
2018-07-09,31.8,25.9,28.2,30.8,25.4,28.1,11.3,85,1005.7,83,7.0,12.9,27.6,29.6
2018-07-10,32.6,26.8,29.0,30.6,25.9,28.4,1.3,80,1005.1,57,8.9,10.8,27.5,29.1
2018-07-11,32.8,27.2,29.6,32.3,26.7,29.3,0.0,74,1001.8,56,12.0,7.1,28.4,30.1
2018-07-12,33.4,28.3,30.0,32.6,27.0,29.2,0.0,77,1003.3,85,8.5,10.9,28.5,30.2
2018-07-13,28.7,25.9,26.7,27.7,25.3,26.2,50.4,93,1003.9,92,0.0,11.0,25.5,26.3
2018-07-14,29.5,25.3,27.0,29.3,25.0,26.8,52.7,91,1004.0,90,0.8,17.1,26.4,28.1
2018-07-15,28.3,25.0,26.6,28.2,24.6,26.3,67.4,89,1004.0,92,0.3,18.3,25.3,26.5
2018-07-16,31.4,25.7,28.2,30.7,25.4,28.0,5.8,81,1003.8,80,5.6,14.9,26.6,28.6
2018-07-17,34.3,26.9,30.0,33.5,26.5,29.6,6.5,78,1002.4,83,8.0,13.4,28.4,30.2
2018-07-18,29.5,26.4,27.7,29.5,25.9,27.4,29.6,88,1003.9,89,1.0,17.5,26.5,28.2
2018-07-19,29.7,26.6,27.9,30.0,26.3,27.7,17.3,87,1004.6,85,2.3,14.7,26.9,28.5
2018-07-20,31.6,26.0,28.2,30.8,25.7,28.0,7.1,87,1003.8,71,6.4,11.2,27.6,29.4
2018-07-21,33.1,27.4,29.5,32.6,26.6,29.3,0.0,75,1002.6,54,8.0,6.9,28.0,29.6
2018-07-22,32.4,27.9,29.0,32.4,27.3,28.8,0.0,76,1002.3,67,9.3,8.2,28.0,29.8
2018-07-23,31.2,26.3,28.4,30.1,25.5,27.9,30.8,87,1001.8,81,1.0,10.9,27.3,29.3
2018-07-24,32.0,28.0,29.8,31.8,27.8,29.4,0.1,80,1003.6,84,4.2,12.0,28.5,29.8
2018-07-25,31.7,27.0,29.4,31.9,26.3,29.2,2.7,83,1005.8,70,7.5,9.4,28.9,30.5
2018-07-26,32.3,27.3,29.6,32.0,26.7,29.1,3.4,82,1006.5,82,7.9,8.8,28.9,30.5
2018-07-27,33.0,27.7,29.8,32.6,27.2,29.2,0.3,78,1006.7,77,8.9,8.3,28.7,30.6
2018-07-28,33.7,28.2,30.2,33.2,27.3,29.9,0.0,75,1006.7,55,11.1,7.3,29.2,30.4
2018-07-29,34.3,27.9,30.2,33.3,27.3,29.8,0.0,73,1005.8,41,10.0,6.9,28.5,30.7
2018-07-30,33.7,28.1,30.4,33.2,27.6,30.0,0.0,74,1005.6,53,10.7,8.7,28.9,30.5
2018-07-31,33.2,27.1,30.2,33.3,27.3,30.0,3.3,76,1005.5,65,9.7,8.8,28.9,31.1
2018-08-01,32.4,27.9,29.9,32.5,27.5,29.5,2.7,78,1004.6,76,5.6,8.6,28.4,30.8
2018-08-02,32.9,26.6,30.0,32.7,26.5,29.7,6.1,78,1003.8,79,9.1,9.3,29.1,30.9
2018-08-03,31.8,29.1,30.1,32.1,28.2,29.7,0.0,77,1003.4,86,6.2,9.5,28.8,30.8
2018-08-04,32.5,27.3,29.8,31.8,26.7,29.3,5.0,79,1004.7,80,5.3,7.0,28.2,30.4
2018-08-05,33.1,28.9,30.3,33.0,28.3,29.7,0.5,77,1005.9,84,5.6,5.5,28.7,31.4
2018-08-06,33.8,28.8,30.2,33.3,28.2,29.6,0.0,76,1005.4,84,5.1,5.3,28.2,31.4
2018-08-07,34.2,28.4,30.0,33.3,28.0,29.7,0.0,78,1004.4,78,5.1,5.5,28.3,31.1
2018-08-08,33.9,27.1,30.3,32.4,26.5,29.7,0.5,75,1004.2,72,8.6,11.1,28.3,30.1
2018-08-09,33.6,29.2,30.4,32.7,28.3,29.8,0.0,74,1003.3,79,7.8,15.2,28.1,29.3
2018-08-10,29.5,26.0,27.2,29.1,25.5,26.9,47.9,92,1001.7,91,0.6,10.9,26.7,28.7
2018-08-11,28.2,25.8,27.0,27.8,25.3,26.7,51.9,93,998.7,90,0.0,11.3,26.0,26.9
2018-08-12,28.1,25.8,26.9,28.4,25.6,26.6,18.9,93,996.5,90,0.2,11.5,26.1,28.1
2018-08-13,32.6,27.3,28.9,31.6,26.9,28.5,0.1,84,996.3,80,7.0,11.3,28.1,30.5
2018-08-14,29.9,26.4,27.6,30.2,26.1,27.4,32.9,90,996.2,89,2.5,11.9,27.1,29.4
2018-08-15,30.9,26.4,28.2,31.2,26.1,27.8,2.2,86,999.2,88,2.9,10.9,27.4,29.9
2018-08-16,29.0,26.7,27.8,29.6,26.4,27.4,3.2,89,1000.1,88,0.8,9.3,27.0,28.7
2018-08-17,28.3,25.5,27.2,28.3,25.3,26.8,36.1,91,1000.2,89,0.1,4.9,26.1,27.6
2018-08-18,30.9,25.9,28.4,31.3,25.4,28.1,21.8,84,1001.4,88,3.0,7.3,27.9,30.2
2018-08-19,30.4,26.4,28.6,31.0,25.9,28.2,31.2,84,1002.5,89,3.2,7.6,27.7,30.6
2018-08-20,30.5,26.1,27.8,30.3,25.9,27.4,61.1,88,1002.3,91,0.9,5.5,27.0,29.0
2018-08-21,30.2,26.7,28.3,30.6,26.1,28.0,25.7,86,1000.2,83,4.0,4.5,27.8,29.9
2018-08-22,31.8,24.7,28.5,32.0,24.3,28.3,26.4,83,1000.1,71,8.5,7.5,28.5,31.0
2018-08-23,30.9,24.6,27.7,31.0,24.1,27.5,24.9,86,1001.7,86,3.2,7.7,27.7,30.0
2018-08-24,31.9,25.6,29.1,32.4,25.2,28.9,0.1,82,1001.6,83,4.9,7.2,28.6,30.4
2018-08-25,32.9,27.8,30.3,33.4,28.1,30.2,0.0,73,999.8,66,9.6,9.2,28.3,29.9
2018-08-26,31.4,25.5,28.9,32.1,25.0,28.6,80.2,77,999.5,86,3.3,6.4,27.0,29.4
2018-08-27,29.9,25.2,27.0,30.2,24.7,26.7,27.3,87,1001.3,89,1.8,6.6,26.6,28.6
2018-08-28,29.2,25.2,26.3,29.7,24.9,26.0,71.6,93,1002.2,93,1.2,5.1,26.0,28.9
2018-08-29,29.3,26.1,27.4,28.9,25.8,26.9,23.3,89,1002.5,89,0.1,9.5,26.3,27.7
2018-08-30,28.9,26.9,28.0,28.4,26.5,27.5,6.3,87,1005.5,90,0.0,12.8,26.4,27.2
2018-08-31,29.0,27.0,27.9,28.8,26.5,27.4,7.2,88,1009.3,89,0.0,10.1,26.4,27.6
2018-09-01,27.9,25.0,26.3,27.3,24.7,25.8,32.0,93,1009.9,89,0.0,5.0,25.2,27.1
2018-09-02,29.9,24.6,26.8,30.3,24.3,26.4,9.8,88,1007.9,76,4.8,6.1,26.4,29.4
2018-09-03,30.5,25.6,27.7,30.2,25.5,27.4,0.3,82,1006.9,70,5.1,6.7,26.8,29.1
2018-09-04,32.0,27.0,29.1,32.0,26.3,28.9,0.0,80,1005.7,40,11.1,9.3,28.7,30.4
2018-09-05,33.1,27.9,29.8,33.3,27.3,29.4,0.1,79,1004.9,54,9.0,7.3,29.3,31.4
2018-09-06,31.8,28.2,29.6,32.9,27.3,29.3,0.0,82,1005.4,77,7.6,8.0,29.1,31.3
2018-09-07,31.2,28.0,29.4,31.1,27.3,29.0,0.0,80,1006.3,76,3.5,6.3,28.0,30.6
2018-09-08,29.6,25.6,27.4,29.8,25.2,27.3,24.6,81,1008.6,86,2.7,7.7,25.6,27.8
2018-09-09,30.5,24.6,27.1,29.4,24.0,26.6,16.7,76,1011.5,86,1.7,9.3,24.6,27.1
2018-09-10,28.3,24.3,26.1,29.1,23.8,26.0,0.2,80,1012.5,83,3.3,7.5,24.8,27.6
2018-09-11,32.7,25.2,28.2,32.5,24.7,28.4,0.0,65,1009.3,46,11.0,6.8,25.5,27.2
2018-09-12,28.7,26.9,27.8,28.6,26.3,27.3,0.0,78,1007.7,87,1.2,14.0,25.0,26.6
2018-09-13,30.3,26.3,27.7,30.1,26.1,27.5,2.5,84,1009.4,69,5.5,12.6,26.6,28.7
2018-09-14,31.7,26.7,28.8,32.2,26.2,28.5,0.0,78,1009.2,72,7.0,7.6,27.7,29.6
2018-09-15,35.1,26.8,30.7,34.7,26.4,31.0,0.0,65,1002.8,59,9.7,11.6,28.0,29.6
2018-09-16,31.8,23.6,26.4,31.7,23.0,26.0,167.5,86,990.9,97,0.0,38.9,24.3,25.1
2018-09-17,30.4,25.8,27.5,29.1,25.6,27.1,12.0,89,1008.6,93,1.3,18.8,25.9,27.2
2018-09-18,31.8,26.5,28.2,31.4,26.0,27.8,1.2,85,1013.7,65,8.9,11.9,28.3,29.4
2018-09-19,31.4,26.2,28.6,31.7,25.6,28.3,0.0,77,1012.7,43,10.1,6.3,27.7,29.6
2018-09-20,31.9,27.0,29.0,31.6,26.5,28.6,0.0,77,1011.0,63,8.4,7.1,27.6,29.5
2018-09-21,31.9,27.4,29.2,31.8,26.8,28.7,0.0,71,1011.6,33,10.7,8.4,27.4,29.3
2018-09-22,33.2,27.0,29.2,32.6,25.9,28.5,0.0,76,1013.3,51,11.2,7.0,27.7,29.8
2018-09-23,32.4,27.6,29.0,32.4,26.7,28.8,0.0,78,1013.1,76,6.6,7.5,27.8,30.0
2018-09-24,29.6,24.8,27.0,30.0,24.4,26.7,72.2,88,1011.1,80,2.5,7.3,26.0,29.2
2018-09-25,30.2,24.8,27.0,30.1,24.3,26.7,34.5,80,1009.9,82,5.9,9.4,25.3,27.4
2018-09-26,28.6,25.1,26.8,28.8,24.7,26.5,9.7,81,1009.6,77,3.4,5.9,25.2,27.9
2018-09-27,30.2,26.0,27.3,30.1,25.7,27.0,0.0,77,1009.8,88,4.0,7.0,25.5,27.7
2018-09-28,31.3,25.8,27.6,30.4,25.1,27.3,0.0,70,1009.9,74,5.9,8.7,24.8,27.1
2018-09-29,31.3,24.3,27.4,30.6,23.9,27.1,0.0,60,1008.9,26,10.6,10.0,23.8,26.1
2018-09-30,30.6,25.0,27.5,30.6,24.5,27.1,0.0,60,1010.5,29,10.6,10.5,23.6,25.8
2018-10-01,29.6,23.2,26.8,29.9,23.2,26.5,2.9,70,1013.9,70,5.2,7.6,24.2,25.8
2018-10-02,30.4,25.3,27.2,30.0,24.7,26.5,0.0,67,1014.9,33,9.8,10.1,23.9,25.6
2018-10-03,30.5,25.0,26.9,29.8,23.9,26.1,0.0,68,1015.3,30,10.4,9.1,23.9,25.7
2018-10-04,30.5,24.2,26.9,30.1,23.2,26.4,0.0,54,1013.8,8,10.7,6.9,22.1,24.1
2018-10-05,31.4,23.6,27.1,29.7,23.3,26.5,0.0,40,1012.1,16,10.8,10.3,20.3,22.5
2018-10-06,30.9,23.5,26.8,30.7,23.1,26.1,0.0,48,1013.4,18,10.9,7.3,21.3,23.8
2018-10-07,30.5,25.1,27.1,30.1,24.1,26.4,0.0,69,1014.7,43,10.4,10.2,24.3,25.7
2018-10-08,29.8,24.3,26.7,29.6,23.8,26.2,2.0,75,1014.2,60,9.5,11.1,24.5,26.2
2018-10-09,29.3,25.1,26.5,29.0,24.3,25.9,0.6,78,1013.7,72,4.5,8.9,24.5,26.7
2018-10-10,29.2,22.5,24.8,28.4,22.3,24.4,42.8,83,1014.7,82,1.6,6.2,23.6,26.8
2018-10-11,24.7,22.3,23.2,24.8,21.8,22.7,0.0,72,1017.6,88,0.3,10.2,20.4,22.4
2018-10-12,27.1,22.0,23.8,26.6,21.4,23.2,0.3,73,1018.9,85,4.1,9.0,21.2,24.1
2018-10-13,26.8,22.7,24.7,26.8,22.2,24.2,0.4,72,1017.5,86,5.5,11.6,21.9,23.9
2018-10-14,27.3,23.6,25.3,27.0,23.0,24.7,0.6,79,1015.5,82,2.7,13.3,23.3,25.6
2018-10-15,27.9,24.3,25.6,27.9,23.6,25.2,31.4,84,1014.6,83,2.8,10.5,24.3,26.6
2018-10-16,25.8,23.2,24.3,26.2,23.0,24.0,8.9,92,1013.2,91,0.6,6.4,23.7,26.7
2018-10-17,25.2,21.9,23.5,25.2,21.4,23.0,1.5,84,1012.5,90,0.0,6.3,21.8,23.4
2018-10-18,23.9,20.9,22.5,23.6,20.3,22.2,12.6,87,1014.7,91,0.2,10.2,21.2,22.4
2018-10-19,26.0,23.0,24.2,26.7,22.1,23.8,0.2,77,1017.2,87,1.6,15.7,22.0,24.7
2018-10-20,24.9,23.3,24.0,25.2,22.7,23.6,0.0,78,1018.6,86,3.2,14.2,21.7,23.5
2018-10-21,27.3,23.2,24.8,28.0,22.5,24.4,0.0,77,1017.6,49,8.1,11.7,23.2,25.5
2018-10-22,27.4,23.7,25.0,28.0,22.7,24.5,0.0,81,1015.9,62,4.6,6.7,23.6,26.5
2018-10-23,27.4,24.1,25.3,27.7,23.3,24.8,0.1,79,1016.5,78,0.1,6.6,23.2,25.3
2018-10-24,27.4,24.0,25.2,27.5,23.3,24.8,0.0,80,1016.8,78,4.5,10.8,23.5,25.6
2018-10-25,27.7,24.4,25.5,27.8,23.5,25.0,0.0,79,1017.0,54,7.0,10.6,24.0,25.8
2018-10-26,28.6,23.9,26.3,29.4,22.5,25.9,0.0,76,1016.5,41,8.2,7.4,24.8,26.7
2018-10-27,27.9,23.7,25.4,28.1,23.0,25.0,0.0,61,1018.1,53,6.7,8.9,21.7,24.2
2018-10-28,27.5,21.7,24.3,27.8,21.1,23.9,0.0,54,1017.4,13,10.6,6.1,19.8,22.5
2018-10-29,28.9,22.2,25.2,29.1,20.7,25.0,0.0,35,1015.1,4,10.6,8.4,18.5,20.8
2018-10-30,28.5,23.4,25.7,28.0,23.0,25.5,0.0,33,1014.8,24,10.5,15.6,17.9,20.3
2018-10-31,27.2,22.9,25.0,26.4,22.2,24.6,0.0,37,1014.2,83,6.2,16.9,17.4,19.6
2018-11-01,27.4,22.6,24.6,27.0,21.7,24.0,0.0,45,1012.5,84,7.0,14.8,18.9,21.4
2018-11-02,24.8,20.1,22.4,24.3,19.0,21.7,0.1,70,1015.5,91,1.7,11.1,19.6,22.2
2018-11-03,23.4,19.4,21.5,23.1,18.9,21.5,8.3,86,1016.7,99,0.0,5.2,20.4,22.0
2018-11-04,25.7,22.3,23.7,25.2,21.8,23.3,0.0,83,1016.6,92,2.9,9.4,22.1,23.9
2018-11-05,26.7,23.5,24.5,27.8,22.9,24.2,0.0,79,1016.8,77,5.6,13.5,22.8,25.4
2018-11-06,27.1,23.3,24.7,27.5,22.6,24.3,0.0,78,1017.5,41,10.2,13.4,22.2,24.1
2018-11-07,27.1,23.6,25.0,28.0,23.0,24.8,0.0,77,1017.6,73,6.9,11.5,23.5,25.5
2018-11-08,27.3,23.9,25.2,28.3,23.3,25.3,0.0,75,1016.6,81,5.9,6.1,23.9,25.9
2018-11-09,27.1,22.9,24.5,28.1,22.3,24.2,0.0,74,1016.8,82,5.1,10.3,22.3,25.2
2018-11-10,25.4,23.4,23.9,25.2,22.6,23.3,0.0,78,1017.9,88,0.8,15.0,21.5,23.4
2018-11-11,25.7,22.5,23.8,26.5,21.7,23.4,0.0,79,1017.0,68,6.7,9.4,22.5,24.6
2018-11-12,28.0,23.2,24.9,28.6,22.0,24.5,0.0,77,1014.2,76,4.5,5.5,23.4,25.7
2018-11-13,26.3,23.2,24.3,26.8,22.4,23.8,0.0,76,1014.1,80,6.0,11.4,22.5,24.8
2018-11-14,25.5,22.7,23.5,25.9,22.0,23.0,0.0,76,1015.6,80,3.9,14.4,21.3,23.7
2018-11-15,23.6,22.7,23.2,23.1,22.1,22.6,0.0,82,1015.8,86,0.0,16.0,21.0,21.6
2018-11-16,24.9,22.9,23.9,25.2,22.4,23.4,1.1,85,1015.2,87,0.6,11.3,22.2,23.9
2018-11-17,23.8,23.1,23.5,23.5,22.5,23.0,0.5,87,1015.8,96,0.0,11.7,22.0,22.8
2018-11-18,25.8,22.7,23.8,26.1,22.0,23.4,0.0,84,1016.2,85,4.5,10.8,22.8,25.0
2018-11-19,25.8,22.0,23.9,27.2,21.3,23.6,0.0,75,1017.5,78,6.4,8.6,21.7,24.8
2018-11-20,24.0,22.0,23.1,24.0,21.6,22.5,0.1,80,1017.4,84,2.9,13.1,21.0,22.2
2018-11-21,27.2,21.2,23.9,28.7,21.2,23.9,2.4,81,1016.4,82,8.8,9.6,23.8,26.4
2018-11-22,21.9,18.8,20.4,21.7,18.2,19.9,0.2,65,1019.9,88,1.4,11.3,16.7,18.7
2018-11-23,23.4,18.1,20.9,24.4,17.2,20.5,0.0,66,1020.1,40,9.3,8.0,18.7,21.3
2018-11-24,23.1,20.5,21.7,23.4,19.8,21.2,0.0,73,1019.7,78,6.7,11.3,19.3,21.4
2018-11-25,21.6,17.4,19.5,21.5,16.7,19.0,21.0,84,1018.8,95,0.0,6.8,17.3,18.7
2018-11-26,20.9,17.0,19.0,21.1,16.5,18.8,15.7,89,1018.9,93,0.3,5.9,18.0,19.9
2018-11-27,22.5,19.0,20.5,23.0,18.5,20.1,16.3,83,1019.0,89,0.2,6.7,18.9,20.7
2018-11-28,21.4,19.2,20.3,21.4,18.8,20.0,7.7,89,1019.3,88,0.0,7.0,19.2,20.3
2018-11-29,23.3,19.8,21.3,24.1,19.2,21.1,0.0,75,1021.0,46,6.1,9.8,19.4,21.4
2018-11-30,23.2,20.1,21.5,23.7,19.3,21.2,0.0,72,1020.4,46,9.5,12.5,19.1,20.6
2018-12-01,24.2,21.1,22.1,25.3,20.5,21.9,0.0,78,1018.3,56,6.2,11.5,20.8,23.4
2018-12-02,24.3,21.2,22.4,25.1,20.2,22.1,0.0,83,1016.4,51,9.3,9.9,21.6,23.4
2018-12-03,26.0,22.0,23.7,27.6,21.0,23.4,0.0,79,1016.5,58,7.2,8.7,22.7,25.1
2018-12-04,27.1,22.7,24.8,29.3,21.5,24.7,0.0,78,1016.0,58,9.1,4.9,24.4,26.6
2018-12-05,24.8,22.5,23.6,24.6,21.9,23.1,0.0,82,1015.5,82,0.6,12.5,21.6,22.5
2018-12-06,25.1,21.6,23.3,25.5,21.0,22.9,0.1,84,1015.5,83,2.0,10.3,22.2,23.9
2018-12-07,23.3,18.5,21.1,22.7,17.5,20.4,1.0,88,1018.5,90,0.0,9.3,19.8,21.4
2018-12-08,19.7,16.7,18.0,19.6,15.8,17.1,0.0,76,1021.6,88,0.2,8.4,15.7,17.5
2018-12-09,18.3,16.4,17.0,17.8,15.5,16.4,0.0,75,1021.5,90,0.5,6.5,14.6,16.3
2018-12-10,18.3,15.1,17.0,18.5,14.3,16.7,0.2,75,1019.7,88,0.1,5.2,14.6,16.5
2018-12-11,20.4,16.5,18.0,20.7,15.8,17.6,0.0,68,1020.3,84,4.9,7.6,16.2,18.9
2018-12-12,16.5,13.7,14.9,15.9,12.8,14.0,0.0,67,1024.2,84,0.0,9.4,11.9,13.2
2018-12-13,18.1,13.5,15.6,17.6,12.7,14.9,0.0,68,1025.1,86,2.6,8.3,13.3,15.8
2018-12-14,18.2,15.5,16.8,17.7,14.7,16.1,0.0,72,1025.3,88,0.0,6.2,14.1,15.6
2018-12-15,21.2,17.2,18.9,23.1,16.4,18.7,0.0,75,1023.5,64,6.6,6.8,17.5,20.5
2018-12-16,20.9,18.0,19.3,21.3,17.4,19.0,0.0,74,1022.0,88,1.2,5.9,17.8,20.4
2018-12-17,21.0,15.6,18.0,21.7,14.9,17.6,0.0,56,1022.2,38,8.4,8.9,14.9,18.4
2018-12-18,20.2,16.2,18.1,20.8,14.6,17.5,0.0,60,1022.2,38,8.5,10.2,14.5,17.2
2018-12-19,21.5,18.5,19.9,22.4,17.8,19.6,0.0,78,1019.5,78,6.4,12.1,18.5,21.0
2018-12-20,23.2,20.1,21.6,24.4,19.5,21.3,0.0,84,1016.5,80,2.0,9.6,20.7,23.0
2018-12-21,25.0,21.4,22.4,25.6,20.4,22.2,0.0,86,1016.1,68,8.7,10.5,22.2,24.0
2018-12-22,25.2,20.0,22.2,26.1,19.0,22.0,0.0,77,1017.0,66,7.1,9.3,20.8,23.6
2018-12-23,22.5,17.5,20.1,22.0,17.1,19.7,10.5,89,1017.6,96,0.0,10.8,19.0,20.1
2018-12-24,19.0,16.8,18.0,18.6,16.2,17.4,0.1,86,1017.5,99,0.0,8.1,16.3,17.2
2018-12-25,21.1,18.5,19.7,21.4,17.8,19.2,0.0,81,1015.5,90,0.1,8.2,18.0,19.7
2018-12-26,23.6,18.7,20.9,24.0,17.3,20.4,0.0,84,1014.3,27,9.4,4.5,20.8,22.8
2018-12-27,22.8,18.9,20.6,23.5,17.6,19.9,0.0,79,1016.6,77,3.5,7.6,18.8,21.4
2018-12-28,20.2,16.3,18.1,20.5,15.3,17.4,0.0,70,1021.6,79,6.8,12.3,16.2,18.6
2018-12-29,16.3,12.5,14.0,15.3,11.5,13.1,0.0,68,1026.1,87,0.6,13.4,11.1,13.7
2018-12-30,15.4,10.3,12.6,15.2,9.2,11.9,0.0,67,1026.5,83,5.6,11.9,10.4,13.9
2018-12-31,15.6,11.8,13.2,15.3,10.9,12.4,0.0,68,1027.0,77,4.4,8.1,11.2,13.9
2019-01-01,15.9,11.4,13.8,17.4,10.5,13.6,0.0,68,1026.5,84,4.6,7.9,12.5,15.9
2019-01-02,16.4,13.5,14.8,16.0,12.7,14.1,0.0,68,1025.4,87,0.1,10.2,11.9,13.6
2019-01-03,17.3,14.9,16.2,17.3,14.2,15.8,0.1,84,1024.3,91,0.0,6.1,14.6,15.8
2019-01-04,20.9,16.8,18.8,22.0,16.3,18.6,0.1,83,1022.8,87,1.3,9.0,17.7,20.4
2019-01-05,22.7,18.9,19.8,23.0,18.6,20.0,0.0,87,1020.5,88,0.5,4.5,19.8,22.5
2019-01-06,20.0,17.6,18.6,20.3,16.9,18.3,0.0,83,1021.5,92,0.0,6.5,17.2,18.7
2019-01-07,20.0,17.4,18.5,19.8,16.7,18.1,0.0,83,1021.4,89,0.0,10.3,17.1,18.5
2019-01-08,20.7,17.2,19.2,20.7,16.7,18.7,0.2,84,1021.3,94,0.0,4.9,18.0,19.3
2019-01-09,18.7,17.2,17.8,19.0,16.5,17.3,0.0,84,1022.3,89,2.7,11.3,16.7,18.3
2019-01-10,20.8,17.4,19.2,21.3,16.7,18.8,0.0,82,1020.2,88,2.6,9.6,18.0,20.4
2019-01-11,23.3,18.2,20.6,25.4,17.4,20.4,0.0,84,1018.6,55,6.5,6.4,20.3,23.9
2019-01-12,22.8,19.3,20.9,24.2,18.7,20.9,0.0,83,1018.3,64,8.6,4.9,20.9,23.3
2019-01-13,19.8,17.7,18.5,19.1,17.0,17.9,0.0,89,1019.3,91,0.0,9.8,17.5,18.3
2019-01-14,19.7,17.6,18.5,19.5,16.9,17.9,0.0,86,1018.8,94,0.1,10.1,17.4,18.6
2019-01-15,21.1,17.0,19.0,21.8,16.4,18.8,4.0,88,1018.8,88,1.2,7.7,18.7,21.1
2019-01-16,19.9,15.9,17.3,19.4,14.8,16.7,0.0,72,1020.5,87,0.8,9.7,15.1,18.8
2019-01-17,19.5,14.6,16.7,20.9,13.7,16.3,0.0,70,1022.2,55,8.1,6.6,15.4,18.6
2019-01-18,18.5,15.8,17.1,18.3,14.5,16.5,0.0,75,1022.1,79,2.0,8.3,14.7,15.9
2019-01-19,21.9,17.1,18.8,22.3,16.1,18.4,0.2,75,1019.6,85,1.7,10.1,16.9,19.5
2019-01-20,23.4,18.1,20.4,17.7,17.4,17.5,0.1,73,1018.9,76,5.2,7.2,19.1,22.1
2019-01-21,20.0,15.8,17.8,20.0,14.9,17.0,0.0,64,1021.8,66,4.2,10.5,15.1,17.8
2019-01-22,19.1,13.1,16.0,19.5,12.0,15.4,0.0,53,1022.3,21,10.0,8.3,12.7,15.9
2019-01-23,19.2,13.7,16.2,20.3,12.3,15.6,0.0,62,1021.0,3,9.8,7.7,13.7,17.0
2019-01-24,19.6,15.0,16.9,20.3,13.6,16.4,0.0,71,1020.6,10,10.0,11.3,14.9,16.9
2019-01-25,22.2,16.1,18.7,24.2,14.8,18.4,0.0,67,1021.2,13,10.2,7.8,16.9,20.2
2019-01-26,21.2,16.7,18.2,21.7,15.6,17.6,0.0,73,1023.1,17,8.6,11.3,16.9,19.4
2019-01-27,19.4,15.6,16.9,19.4,14.5,16.3,0.0,71,1023.6,80,7.0,13.0,14.7,16.8
2019-01-28,20.3,15.7,17.5,20.5,14.9,16.9,0.0,68,1021.6,63,3.3,13.5,14.6,16.6
2019-01-29,20.5,16.9,18.5,20.8,15.8,18.0,0.0,74,1021.4,39,9.8,11.2,16.7,18.9
2019-01-30,21.6,17.2,19.3,22.2,16.1,19.0,0.0,73,1020.8,69,6.7,11.7,17.3,19.5
2019-01-31,24.5,18.9,21.7,25.2,18.1,21.6,0.0,76,1018.9,67,7.7,5.5,20.7,23.2
2019-02-01,22.0,17.6,18.8,21.4,16.5,18.0,0.0,70,1021.6,84,0.0,9.2,15.0,18.3
2019-02-02,20.7,16.9,18.6,21.5,16.2,18.2,0.0,80,1018.4,84,5.1,12.8,17.3,20.2
2019-02-03,25.3,19.6,21.8,25.8,18.8,21.6,0.0,83,1017.2,70,7.8,4.9,21.7,24.7
2019-02-04,25.5,19.5,21.7,26.1,18.8,21.4,0.0,83,1018.1,61,7.4,8.0,21.6,24.7
2019-02-05,22.3,18.2,20.1,23.0,17.5,19.8,0.0,84,1017.4,84,4.3,11.6,19.0,21.3
2019-02-06,24.9,20.5,22.1,25.3,19.7,21.8,0.0,85,1014.5,83,3.7,7.6,21.4,23.4
2019-02-07,25.8,21.3,23.0,26.0,20.3,22.5,0.0,83,1014.8,57,7.1,7.8,22.3,24.4
2019-02-08,25.1,19.7,21.7,25.3,18.9,21.1,0.0,87,1015.3,78,4.4,11.2,21.0,24.2
2019-02-09,20.1,18.4,19.3,20.2,17.7,18.8,0.8,90,1017.9,99,0.0,14.7,18.3,19.3
2019-02-10,18.8,17.4,18.0,18.2,16.8,17.5,0.8,90,1021.7,89,0.0,14.2,16.7,17.3
2019-02-11,19.4,17.3,18.4,19.1,16.7,17.8,0.0,85,1024.3,94,0.0,8.3,16.9,17.9
2019-02-12,21.9,16.9,19.0,22.5,16.1,18.6,0.2,82,1024.2,69,8.1,9.0,18.4,20.6
2019-02-13,25.1,19.0,21.1,25.4,17.9,20.7,0.0,80,1021.8,68,3.5,6.9,20.1,23.1
2019-02-14,23.2,18.5,20.4,23.6,17.8,20.0,0.0,83,1020.6,78,7.3,13.9,19.4,22.0
2019-02-15,22.4,18.8,20.4,23.0,18.2,20.0,0.2,84,1019.9,84,2.6,11.4,19.1,21.6
2019-02-16,26.0,20.1,22.4,26.5,19.4,21.9,0.0,81,1017.9,72,9.8,8.9,21.7,23.9
2019-02-17,20.2,18.0,18.8,19.8,17.5,18.4,0.1,86,1017.8,91,0.8,15.8,17.3,18.7
2019-02-18,19.3,16.8,17.9,18.7,16.1,17.3,18.1,90,1015.4,91,0.2,14.5,16.6,17.5
2019-02-19,23.8,18.5,20.3,24.7,17.9,20.2,31.0,91,1016.8,79,3.8,13.3,20.3,23.8
2019-02-20,25.6,20.8,22.6,25.6,20.5,22.4,0.2,92,1018.5,84,1.2,9.8,22.8,25.2
2019-02-21,23.2,20.4,21.4,23.9,19.8,21.2,0.0,93,1017.4,88,3.1,11.8,21.3,23.4
2019-02-22,24.3,18.4,20.4,25.2,18.3,20.4,1.6,82,1017.2,79,4.6,7.0,20.0,22.9
2019-02-23,20.5,15.6,18.1,19.9,15.0,17.4,12.3,87,1015.8,95,0.0,13.3,16.6,17.8
2019-02-24,19.5,14.1,16.9,19.9,13.5,16.6,3.4,83,1016.9,88,0.7,5.4,15.6,18.1
2019-02-25,18.9,16.7,18.0,18.7,15.7,17.5,0.0,85,1017.5,92,0.0,6.5,16.4,17.4
2019-02-26,19.7,17.6,18.7,19.5,17.0,18.4,0.0,88,1017.6,96,0.1,12.6,17.4,18.5
2019-02-27,23.6,18.6,20.7,23.8,18.0,20.3,0.0,85,1015.5,82,5.7,12.0,20.1,22.9
2019-02-28,26.7,20.6,22.8,26.2,19.8,22.3,0.0,85,1014.7,67,5.6,7.8,22.2,24.4
2019-03-01,22.4,19.6,20.8,22.1,18.9,20.2,0.4,89,1016.1,91,0.4,13.6,19.3,21.2
2019-03-02,23.9,19.9,21.5,23.9,19.3,21.1,0.0,87,1012.7,84,5.0,12.5,20.6,22.5
2019-03-03,23.5,20.0,21.5,23.9,19.7,21.1,6.3,87,1011.3,85,4.2,6.2,20.5,23.1
2019-03-04,22.6,19.3,20.9,23.6,18.9,20.6,10.2,82,1013.7,83,3.2,11.3,19.4,21.5
2019-03-05,26.7,17.7,22.2,26.6,17.2,21.8,30.3,88,1012.1,89,2.0,14.0,22.2,24.9
2019-03-06,22.0,19.6,20.5,21.2,19.2,20.0,45.5,92,1013.2,91,0.0,11.8,19.2,20.5
2019-03-07,20.5,15.5,17.9,20.0,15.1,17.4,29.6,93,1015.8,89,0.0,10.7,16.6,18.8
2019-03-08,17.4,15.1,16.5,16.8,14.6,16.0,11.5,92,1016.0,95,0.0,16.0,15.5,16.2
2019-03-09,18.7,17.0,17.8,18.4,16.4,17.3,14.5,95,1012.2,95,0.0,12.9,17.3,18.3
2019-03-10,18.5,17.0,17.7,18.5,16.7,17.4,4.6,87,1013.6,86,0.0,5.0,16.7,17.7
2019-03-11,22.6,15.5,18.4,22.5,14.8,17.9,7.6,81,1014.9,58,6.5,6.7,17.2,20.1
2019-03-12,24.2,17.4,20.1,23.8,16.0,19.5,0.0,77,1016.4,15,10.7,8.8,19.0,21.0
2019-03-13,22.9,19.1,20.8,23.5,18.3,20.6,0.0,71,1017.8,66,6.1,12.3,18.3,21.0
2019-03-14,21.5,19.8,20.4,21.5,19.1,20.0,6.4,83,1018.3,95,0.0,9.8,18.7,20.2
2019-03-15,20.0,17.3,18.7,19.7,16.3,18.1,0.4,81,1020.6,89,0.0,8.9,16.0,18.1
2019-03-16,22.8,18.8,20.2,22.4,18.0,19.9,0.0,65,1020.0,85,7.1,13.7,16.5,17.9
2019-03-17,22.7,19.7,20.9,23.4,19.2,20.5,0.0,77,1018.9,85,4.9,13.6,19.2,21.6
2019-03-18,24.7,19.7,21.7,24.8,18.9,21.2,0.0,82,1016.8,70,5.1,9.5,20.7,23.1
2019-03-19,27.4,20.7,23.4,27.7,19.8,22.9,0.0,84,1014.8,42,10.0,7.8,23.0,25.2
2019-03-20,25.0,22.1,23.5,24.9,21.6,23.0,0.0,88,1013.0,86,1.8,10.5,22.6,24.1
2019-03-21,27.2,23.4,25.3,27.3,22.8,25.0,0.0,81,1011.4,79,4.1,7.6,24.0,25.4
2019-03-22,27.5,24.8,25.8,27.5,24.1,25.4,0.0,84,1012.0,84,0.9,7.8,24.3,25.4
2019-03-23,25.0,17.4,20.0,24.3,16.8,19.3,3.3,89,1017.1,99,0.0,13.8,18.6,23.5
2019-03-24,18.2,16.6,17.5,17.6,15.8,16.8,0.3,88,1018.0,100,0.0,13.0,15.9,16.7
2019-03-25,23.3,17.9,20.5,23.8,17.3,20.2,1.0,85,1016.8,92,2.0,7.0,19.9,21.9
2019-03-26,24.6,20.8,21.9,24.3,20.1,21.5,0.0,85,1018.5,86,3.2,10.7,21.0,23.0
2019-03-27,25.3,20.3,22.3,25.1,19.8,21.9,0.0,82,1017.1,77,4.8,11.7,21.4,23.6
2019-03-28,27.8,22.2,24.4,27.3,21.5,24.1,0.0,84,1012.6,57,6.6,5.8,24.1,25.8
2019-03-29,26.5,23.1,24.4,27.0,22.3,24.0,6.9,86,1010.5,81,2.0,7.6,24.1,25.7
2019-03-30,24.0,22.5,23.1,23.8,21.9,22.7,0.0,86,1013.3,81,0.6,9.9,21.6,22.8
2019-03-31,22.9,20.2,21.4,22.3,19.8,21.0,7.7,85,1016.8,93,0.1,17.5,19.5,21.1
2019-04-01,21.6,19.7,20.3,21.6,19.0,19.8,0.0,81,1019.3,91,0.2,15.8,18.5,20.1
2019-04-02,23.0,18.9,20.7,22.6,18.4,20.4,0.0,76,1018.2,89,3.6,13.9,19.0,20.6
2019-04-03,25.7,20.7,22.8,25.4,20.2,22.4,0.0,80,1016.9,85,7.0,10.9,21.7,23.2
2019-04-04,23.8,20.4,21.7,23.5,19.8,21.1,0.0,83,1016.7,86,1.6,12.4,20.1,21.8
2019-04-05,27.4,20.9,24.0,27.6,19.9,23.6,0.0,76,1014.5,37,9.2,6.6,23.1,25.2
2019-04-06,28.1,22.4,25.1,27.8,21.6,24.5,0.0,79,1013.0,27,10.3,7.0,24.2,25.8
2019-04-07,28.0,23.7,25.7,28.0,22.8,25.2,0.0,80,1012.5,48,8.8,8.9,24.8,26.3
2019-04-08,29.9,25.1,26.7,29.8,24.4,26.3,0.0,80,1011.6,80,6.4,7.8,25.6,27.6
2019-04-09,28.9,25.5,26.6,29.4,25.0,26.4,0.0,81,1011.1,79,5.0,7.9,25.2,26.7
2019-04-10,30.1,25.3,27.1,29.8,24.5,26.6,0.0,80,1010.9,79,6.6,8.1,26.0,27.9
2019-04-11,29.9,25.3,27.3,29.8,24.9,26.8,0.7,81,1010.0,84,3.9,6.6,25.8,27.4
2019-04-12,25.2,21.0,22.3,24.9,20.3,21.7,6.1,89,1013.3,91,0.0,16.0,20.6,23.4
2019-04-13,22.3,20.3,21.2,21.7,19.8,20.7,3.8,92,1014.3,98,0.0,14.9,20.0,20.6
2019-04-14,24.4,21.9,22.7,25.4,21.5,22.3,10.4,90,1013.8,92,0.6,11.8,21.9,24.6
2019-04-15,23.1,20.9,22.1,23.3,20.3,21.6,1.1,85,1014.4,91,0.3,14.6,20.0,22.0
2019-04-16,23.6,19.5,21.2,23.3,18.9,20.8,9.2,91,1012.6,87,0.6,9.8,20.3,23.1
2019-04-17,26.1,21.5,23.5,27.4,20.6,23.2,0.0,85,1012.2,77,3.9,6.1,23.0,25.2
2019-04-18,25.0,23.0,24.0,25.0,22.2,23.5,6.7,90,1010.0,91,0.0,12.0,22.8,23.8
2019-04-19,28.6,21.3,23.7,28.7,20.7,23.4,75.8,93,1007.7,90,0.6,11.3,23.9,27.1
2019-04-20,26.2,21.9,23.3,25.7,21.3,22.9,43.6,95,1007.2,93,0.0,11.1,23.1,25.3
2019-04-21,30.1,23.2,26.2,30.1,23.0,26.3,0.3,88,1008.0,81,2.6,7.5,26.0,29.1
2019-04-22,30.1,25.6,27.5,30.5,25.2,27.3,0.0,84,1009.3,72,6.3,6.6,26.6,28.5
2019-04-23,31.0,26.0,28.0,31.2,25.6,27.6,0.0,81,1010.4,58,8.7,7.6,27.4,29.3
2019-04-24,31.2,26.2,28.0,30.7,25.2,27.7,0.0,78,1009.9,57,9.6,8.7,27.0,28.5
2019-04-25,31.1,26.4,28.5,31.0,25.7,28.2,0.0,77,1009.3,39,10.5,9.3,27.4,28.9
2019-04-26,31.5,26.2,28.4,31.5,25.4,27.9,0.9,81,1010.4,58,7.6,9.3,27.4,29.6
2019-04-27,26.4,22.3,24.9,26.1,21.3,24.4,16.6,86,1012.8,91,0.0,14.6,23.2,24.5
2019-04-28,26.9,22.7,24.3,26.3,22.2,24.0,3.1,89,1013.2,85,2.1,12.3,23.5,25.5
2019-04-29,29.2,24.7,26.4,28.8,24.0,26.0,0.0,86,1010.9,71,5.8,9.8,25.8,27.6
2019-04-30,28.8,25.3,26.7,28.5,25.1,26.4,7.5,82,1008.0,83,1.3,8.0,25.2,27.4
2019-05-01,27.1,23.8,25.4,27.8,22.8,25.2,0.2,78,1009.1,85,3.0,9.5,23.9,26.2
2019-05-02,24.4,21.7,23.0,24.2,20.9,22.3,0.5,80,1012.1,89,0.2,13.4,20.5,21.7
2019-05-03,24.0,19.3,21.8,24.4,18.6,21.3,5.3,81,1014.5,91,1.7,12.3,19.5,22.3
2019-05-04,23.6,21.0,22.6,23.5,20.5,22.1,8.4,76,1013.2,88,0.0,16.6,19.7,21.0
2019-05-05,22.3,20.9,21.7,21.9,20.4,21.3,8.3,93,1009.4,94,0.0,14.3,20.7,21.1
2019-05-06,22.8,20.0,21.8,22.8,19.6,21.4,11.3,90,1008.7,95,0.0,15.0,21.0,22.0
2019-05-07,21.4,18.9,20.5,21.1,18.5,20.1,17.0,87,1010.2,95,0.0,16.4,19.1,19.8
2019-05-08,21.2,19.8,20.4,21.2,19.4,19.9,25.1,88,1009.3,93,0.0,15.0,19.0,20.0
2019-05-09,26.3,20.2,22.7,26.2,19.7,22.6,10.0,90,1008.1,92,1.0,5.9,22.5,25.1
2019-05-10,26.7,22.7,23.9,26.2,22.1,23.5,0.0,87,1010.0,63,3.4,8.1,23.3,25.1
2019-05-11,28.9,22.8,25.3,28.4,22.1,25.1,0.0,76,1011.5,14,11.3,11.1,24.4,26.0
2019-05-12,28.9,23.5,25.5,28.2,22.7,25.0,0.0,80,1011.2,57,9.7,12.4,24.1,25.6
2019-05-13,26.3,23.9,25.1,26.7,23.3,24.7,0.0,89,1010.5,92,0.5,11.1,24.1,25.8
2019-05-14,31.1,25.2,27.5,30.3,24.7,27.2,0.0,84,1009.2,64,8.0,6.7,27.2,28.9
2019-05-15,30.9,26.4,28.5,30.6,26.0,28.2,0.0,85,1009.1,85,1.8,5.5,27.1,29.0
2019-05-16,31.5,27.8,29.2,31.4,26.9,28.9,0.8,83,1007.4,82,5.0,8.9,28.0,29.3
2019-05-17,31.6,28.4,29.6,31.5,27.9,29.2,0.1,80,1005.5,82,3.9,8.8,28.3,29.9
2019-05-18,32.3,28.5,30.0,32.3,28.0,29.7,0.0,80,1005.2,77,9.0,10.3,28.9,30.3
2019-05-19,32.3,29.2,30.2,32.3,28.7,30.0,0.0,80,1006.9,79,7.2,8.8,29.0,30.5
2019-05-20,32.0,25.0,29.1,31.8,24.3,28.7,9.0,83,1008.0,85,2.7,7.7,28.3,30.7
2019-05-21,26.5,22.6,25.0,25.9,21.9,24.5,3.3,82,1010.8,91,0.2,13.9,23.1,24.5
2019-05-22,28.3,22.6,25.3,28.0,21.8,24.9,0.7,83,1010.1,77,8.6,12.2,24.4,26.3
2019-05-23,26.8,24.7,25.9,26.9,24.1,25.4,6.5,90,1010.2,89,0.1,10.7,25.0,26.3
2019-05-24,25.8,23.8,24.8,25.3,23.3,24.4,21.5,92,1011.0,97,0.1,13.5,23.7,24.7
2019-05-25,28.9,25.1,26.7,29.1,24.7,26.3,2.4,90,1008.8,89,1.2,11.9,26.1,28.8
2019-05-26,28.1,24.7,26.5,28.3,24.4,26.1,15.1,92,1007.8,83,2.5,9.0,25.9,27.7
2019-05-27,28.0,25.4,26.5,27.7,24.9,26.1,27.8,93,1008.1,87,0.0,6.1,25.8,27.2
2019-05-28,27.7,23.9,25.9,28.2,23.6,25.6,43.9,92,1008.7,87,0.9,6.9,25.4,27.3
2019-05-29,25.7,23.4,24.7,25.1,23.1,24.3,3.2,91,1009.9,95,0.0,13.8,23.6,24.4
2019-05-30,25.9,23.2,24.4,26.6,22.9,24.1,3.2,89,1010.1,97,1.0,13.3,23.4,25.4
2019-05-31,26.7,25.0,25.7,27.2,24.8,25.4,11.0,93,1008.7,93,0.1,7.2,25.2,27.2
2019-06-01,30.6,24.9,27.2,30.2,24.4,26.8,32.6,87,1007.5,85,2.0,7.2,26.8,29.0
2019-06-02,31.2,25.4,27.2,31.0,24.5,26.8,3.0,86,1007.2,81,4.5,7.7,27.1,29.5
2019-06-03,30.2,25.3,27.5,29.8,24.9,27.1,34.1,85,1007.3,83,3.8,8.0,26.6,29.0
2019-06-04,31.1,25.9,28.0,31.0,25.3,27.6,38.1,89,1008.6,84,3.4,6.9,27.3,30.1
2019-06-05,32.6,27.4,29.4,32.7,26.8,29.2,0.0,82,1009.5,78,7.3,7.5,28.7,30.7
2019-06-06,33.0,28.5,30.2,32.8,27.7,29.7,0.0,78,1010.4,76,7.8,8.9,28.7,30.4
2019-06-07,33.2,28.6,30.1,32.8,27.9,29.7,0.0,77,1010.4,72,9.9,9.6,28.6,30.1
2019-06-08,32.4,28.2,30.1,32.2,28.1,29.8,1.1,76,1008.5,76,9.6,10.0,28.8,30.5
2019-06-09,32.3,28.4,30.1,31.9,27.6,29.7,4.1,79,1005.4,82,6.4,11.5,28.6,30.5
2019-06-10,31.7,25.8,29.5,31.7,25.6,29.1,3.3,81,1003.5,86,2.3,10.0,28.5,30.1
2019-06-11,29.4,24.6,27.5,30.2,24.3,27.2,111.6,91,1004.4,90,0.3,5.6,27.5,29.6
2019-06-12,29.6,26.5,27.5,30.6,25.9,27.2,1.5,91,1005.3,89,1.4,11.0,27.3,30.2
2019-06-13,30.7,25.5,27.7,30.7,25.1,27.2,55.8,88,1003.0,90,0.2,8.3,26.8,30.1
2019-06-14,31.6,25.4,28.4,31.4,25.6,28.4,16.5,76,1002.4,58,10.7,8.6,26.8,28.9
2019-06-15,31.4,26.4,28.6,31.0,25.9,28.3,0.0,74,1005.3,42,11.1,11.1,26.7,28.1
2019-06-16,30.1,26.8,27.9,29.4,26.1,27.4,0.0,80,1006.5,77,9.0,13.8,26.3,27.6
2019-06-17,28.7,26.8,27.6,29.1,26.3,27.2,4.7,88,1007.3,87,0.5,11.8,26.2,27.7
2019-06-18,30.0,27.5,28.6,30.0,27.2,28.3,11.1,88,1008.1,82,2.4,7.2,27.8,29.6
2019-06-19,31.7,26.5,28.9,31.5,26.3,28.6,14.0,87,1007.8,84,2.8,6.4,28.2,30.0
2019-06-20,32.5,28.2,30.1,32.4,27.8,29.9,0.5,80,1006.9,66,9.2,8.8,29.3,30.7
2019-06-21,32.8,29.5,30.8,32.7,28.6,30.4,0.7,77,1005.9,79,8.7,10.0,29.6,31.1
2019-06-22,33.0,28.7,30.7,32.7,28.5,30.4,0.7,78,1004.7,81,8.9,10.0,29.6,30.8
2019-06-23,32.2,29.1,30.3,32.0,28.3,29.9,3.2,80,1004.8,84,3.9,9.5,29.0,30.5
2019-06-24,30.6,24.7,29.1,30.3,24.4,28.5,16.8,85,1006.2,88,0.2,8.5,28.0,29.4
2019-06-25,29.7,24.8,27.2,30.0,24.3,26.9,35.4,89,1006.7,88,0.4,5.7,26.6,28.5
2019-06-26,31.4,26.1,28.6,31.2,25.6,28.3,0.9,86,1004.0,78,3.7,6.3,27.7,30.0
2019-06-27,32.5,28.3,30.2,32.7,28.0,29.9,3.5,83,1001.7,78,5.3,8.8,29.3,30.8
2019-06-28,32.7,29.3,30.5,32.4,29.0,30.3,2.2,82,1001.7,77,5.3,7.7,29.5,31.8
2019-06-29,33.3,29.5,31.0,33.4,29.2,30.8,0.6,79,1001.6,72,6.5,8.2,29.5,31.1
2019-06-30,33.0,26.9,29.5,32.5,26.3,29.3,33.1,85,1001.6,74,6.4,7.3,28.9,30.8
2019-07-01,33.2,26.8,30.0,32.5,26.4,29.7,15.3,82,1001.6,72,8.5,11.7,28.6,30.6
2019-07-02,31.1,26.3,28.9,31.4,25.6,28.3,19.1,85,1001.4,82,3.5,12.6,27.8,29.9
2019-07-03,28.7,25.5,26.6,28.2,24.9,26.2,79.1,95,1004.0,93,0.0,8.8,25.8,27.4
2019-07-04,32.3,27.0,29.1,31.9,26.6,28.6,13.0,84,1006.3,85,2.4,10.7,27.8,30.0
2019-07-05,32.0,26.8,29.5,32.0,26.3,29.3,1.3,79,1004.9,83,7.4,9.5,28.4,30.0
2019-07-06,31.6,27.9,29.8,31.5,27.5,29.4,1.5,80,1003.5,85,3.8,9.3,28.5,30.1
2019-07-07,31.4,28.9,29.7,31.7,28.7,29.4,4.3,81,1004.7,88,1.8,10.8,28.0,30.6
2019-07-08,32.3,29.1,30.1,31.4,28.6,29.7,0.1,79,1005.6,85,1.7,11.1,28.1,29.4
2019-07-09,31.7,28.7,30.0,31.5,28.0,29.5,6.0,80,1003.4,88,3.5,12.4,28.3,29.8
2019-07-10,30.2,26.5,28.6,30.2,26.0,28.0,14.3,86,1003.5,88,0.0,8.3,27.4,29.4
2019-07-11,30.9,27.5,28.8,30.9,26.9,28.3,6.0,86,1007.5,87,1.1,7.9,27.9,29.5
2019-07-12,32.3,28.1,29.9,32.3,27.9,29.6,2.6,80,1007.4,82,6.1,10.1,28.5,30.2
2019-07-13,32.2,29.2,30.1,31.8,28.6,29.7,0.0,77,1005.4,88,6.5,11.2,28.5,30.1
2019-07-14,32.3,29.2,30.1,31.7,28.6,29.6,0.0,79,1004.0,85,2.4,9.7,28.3,30.1
2019-07-15,33.7,28.7,30.4,33.0,28.0,29.9,0.0,77,1004.8,74,9.6,8.5,29.1,30.6
2019-07-16,33.4,28.4,30.3,33.1,27.7,30.0,0.0,76,1004.7,47,10.9,8.0,29.0,30.7
2019-07-17,33.1,28.3,30.5,33.1,28.0,30.3,0.0,79,1001.4,66,6.2,8.3,29.4,30.9
2019-07-18,35.0,29.6,31.3,34.4,28.6,31.0,0.0,75,998.7,53,9.5,8.6,30.2,32.2
2019-07-19,32.8,26.9,29.5,32.7,26.2,29.0,22.6,83,1001.2,73,1.9,8.0,28.5,31.4
2019-07-20,31.9,26.6,28.6,32.4,26.2,28.1,6.4,87,1005.2,85,2.8,7.8,27.9,31.1
2019-07-21,31.5,27.3,29.3,31.1,27.1,28.9,0.1,83,1006.4,85,6.2,8.0,28.5,30.3
2019-07-22,31.5,27.1,29.2,31.0,26.8,28.7,0.4,82,1005.5,88,1.5,7.4,28.0,29.8
2019-07-23,32.7,27.2,29.5,32.4,26.3,29.0,0.0,80,1005.3,75,6.8,8.6,28.4,30.4
2019-07-24,33.1,28.4,30.0,32.3,27.4,29.6,0.0,81,1006.6,68,6.3,9.1,28.8,30.4
2019-07-25,32.6,28.3,30.1,32.2,27.7,29.7,1.0,79,1008.0,62,7.1,7.9,28.8,30.2
2019-07-26,33.5,28.8,30.7,32.7,28.1,30.2,0.0,76,1006.9,63,11.4,10.3,29.4,30.4
2019-07-27,33.3,29.0,30.6,33.0,28.2,30.2,0.0,76,1005.8,78,10.4,10.0,29.1,30.3
2019-07-28,32.3,28.0,29.6,31.8,27.2,28.8,0.5,80,1006.6,77,3.0,8.0,27.7,30.4
2019-07-29,31.4,27.4,28.8,31.3,26.5,28.1,1.0,82,1006.6,79,3.3,11.3,27.2,29.7
2019-07-30,31.5,26.7,28.9,31.1,26.0,28.5,12.8,82,1004.5,84,4.8,17.8,27.5,29.1
2019-07-31,28.1,24.5,26.2,27.8,24.1,25.9,121.1,91,1002.0,91,0.1,20.7,25.1,26.4
2019-08-01,27.6,24.9,26.4,27.3,24.4,26.0,98.3,94,1000.1,94,0.0,22.0,25.3,26.3
2019-08-02,28.5,25.4,27.0,28.9,25.0,26.8,8.2,91,1002.1,88,1.6,15.1,26.3,28.2
2019-08-03,27.5,25.3,26.7,27.4,24.6,26.4,28.4,91,1002.7,88,0.0,11.1,25.7,26.9
2019-08-04,30.2,26.9,27.9,30.8,26.6,27.8,0.0,83,1002.7,87,1.7,9.1,26.2,29.1
2019-08-05,34.5,26.5,29.7,33.2,26.1,29.5,0.0,77,1003.1,34,11.5,10.2,28.3,30.1
2019-08-06,32.2,28.7,29.8,31.7,28.2,29.4,0.0,78,1002.7,65,2.7,8.3,27.8,29.9
2019-08-07,33.6,28.0,30.1,32.8,27.5,29.5,0.0,70,1000.7,43,8.2,10.3,27.1,29.1
2019-08-08,33.5,27.7,30.4,33.5,27.1,30.1,0.0,74,998.5,43,10.9,9.6,28.8,30.7
2019-08-09,35.1,28.1,31.3,34.8,27.9,31.0,0.0,75,997.2,36,11.0,10.8,29.7,31.2
2019-08-10,33.2,29.4,30.6,33.4,29.0,30.3,0.0,83,999.0,83,4.8,10.5,29.8,32.0
2019-08-11,32.7,29.2,30.4,32.2,28.4,30.0,1.1,82,1000.7,85,7.8,11.5,29.3,30.5
2019-08-12,34.0,29.2,30.8,33.5,28.8,30.5,0.4,80,1001.6,78,8.5,9.2,30.2,32.4
2019-08-13,33.3,28.8,30.8,33.3,28.3,30.4,9.2,79,1001.7,67,10.8,10.0,29.9,31.0
2019-08-14,33.4,25.2,30.0,33.2,24.6,29.7,54.4,80,1002.0,70,7.7,9.2,29.0,31.4
2019-08-15,32.4,26.5,30.0,32.9,26.4,29.7,5.6,79,1001.9,69,8.6,10.5,28.9,31.4
2019-08-16,32.0,27.6,30.0,32.4,27.2,29.5,1.1,81,1003.4,82,3.8,8.8,28.9,31.1
2019-08-17,30.1,25.9,28.0,30.5,25.2,27.6,42.2,87,1005.6,87,3.2,6.3,27.1,29.2
2019-08-18,31.6,25.0,27.8,32.0,24.5,27.3,19.0,86,1005.1,84,4.9,8.8,27.4,30.6
2019-08-19,31.8,26.8,28.8,31.7,26.4,28.5,0.1,83,1003.9,81,4.0,6.4,28.0,30.5
2019-08-20,31.7,28.0,29.1,30.9,27.1,28.6,0.0,79,1004.8,74,7.5,9.5,27.6,29.0
2019-08-21,32.8,27.6,29.5,32.5,26.9,28.9,0.0,74,1005.9,74,9.7,10.0,27.6,28.9
2019-08-22,33.0,27.5,29.7,32.6,26.7,29.1,0.0,77,1006.6,62,9.4,6.2,28.3,30.1
2019-08-23,31.4,28.2,29.4,31.0,27.7,28.8,0.7,80,1006.7,65,3.8,6.7,27.9,30.2
2019-08-24,33.9,27.7,30.9,33.9,27.1,30.7,0.0,75,1002.3,56,10.0,10.5,29.3,30.8
2019-08-25,32.6,25.1,27.2,32.0,24.2,26.4,88.4,89,1000.8,95,0.0,8.5,26.2,28.7
2019-08-26,28.7,22.9,25.7,28.3,22.6,25.4,178.3,95,1006.3,81,1.4,7.3,25.8,28.5
2019-08-27,31.4,26.9,28.6,31.0,26.4,28.3,2.9,88,1008.1,57,4.3,9.0,28.3,30.1
2019-08-28,33.8,27.2,29.9,34.3,26.7,29.8,0.0,77,1006.2,72,10.2,9.1,28.8,30.7
2019-08-29,30.7,27.8,29.0,31.2,27.0,28.7,5.9,83,1005.6,80,4.7,14.8,27.8,29.7
2019-08-30,30.1,25.0,27.7,30.0,24.4,27.4,8.5,86,1007.6,83,3.6,7.9,26.3,28.6
2019-08-31,30.3,25.0,26.9,30.3,24.4,26.8,43.7,91,1007.8,90,2.3,9.6,26.6,29.2
2019-09-01,31.0,26.2,28.2,31.6,25.8,28.1,8.5,82,1006.5,85,4.7,14.5,27.0,29.0
2019-09-02,28.1,25.2,26.9,28.4,25.1,26.9,38.4,90,1007.0,88,0.1,14.5,26.0,27.0
2019-09-03,30.9,26.2,28.4,30.7,26.3,28.4,12.9,80,1005.6,85,5.9,14.4,26.6,28.0
2019-09-04,28.3,25.5,26.8,29.1,25.2,26.9,62.2,91,1004.0,89,1.4,12.4,25.9,28.3
2019-09-05,29.3,25.4,27.2,29.4,24.9,27.1,31.8,88,1003.1,89,4.1,10.0,26.6,28.1
2019-09-06,32.4,26.8,28.9,32.0,26.4,28.8,0.2,79,1002.5,55,9.5,9.9,27.5,28.9
2019-09-07,33.3,27.5,29.8,33.1,27.2,29.7,0.4,79,1003.6,25,8.2,5.3,28.6,30.4
2019-09-08,33.0,28.0,30.0,33.0,27.9,29.7,0.4,80,1004.7,31,9.0,6.3,29.0,30.4
2019-09-09,33.3,28.3,30.0,31.7,27.9,29.2,0.0,78,1005.8,47,4.1,6.8,28.0,29.5
2019-09-10,33.3,28.2,30.1,32.8,27.4,29.7,0.0,76,1008.9,27,10.5,9.2,28.2,29.4
2019-09-11,33.3,28.4,30.2,32.6,27.7,29.9,0.0,73,1011.3,38,10.0,8.2,28.3,30.1
2019-09-12,33.5,28.3,30.3,33.2,27.7,29.9,0.0,73,1009.9,44,9.8,9.0,28.3,29.8
2019-09-13,33.0,28.7,30.1,32.7,28.1,29.6,0.0,77,1008.4,64,6.1,8.8,28.3,30.5
2019-09-14,32.3,28.4,29.8,32.1,27.8,29.4,0.0,78,1008.4,69,4.8,6.8,28.0,30.0
2019-09-15,32.2,25.9,29.2,32.0,25.2,28.8,11.0,76,1008.2,51,5.5,6.5,26.9,29.2
2019-09-16,32.3,26.3,29.3,32.5,26.0,29.1,4.3,76,1007.7,73,7.4,8.1,27.4,28.9
2019-09-17,31.8,27.9,29.2,31.9,27.6,28.8,2.1,76,1009.0,80,4.8,11.3,27.1,29.2
2019-09-18,32.0,25.8,28.8,32.0,24.7,28.5,18.0,79,1010.9,79,5.2,7.5,27.3,29.1
2019-09-19,32.4,24.9,28.0,32.1,24.6,27.8,8.7,74,1011.3,54,10.3,7.3,25.9,27.4
2019-09-20,32.6,26.2,29.0,32.1,25.9,28.9,0.0,52,1008.7,9,11.0,8.7,23.5,25.2
2019-09-21,32.5,26.5,29.2,31.6,26.6,29.0,0.0,42,1008.0,2,11.1,11.0,22.6,24.9
2019-09-22,31.3,25.9,28.3,30.2,25.6,27.9,0.0,40,1012.2,7,11.2,13.6,21.2,23.2
2019-09-23,30.7,25.4,27.7,30.0,24.7,27.2,0.0,57,1016.2,41,8.0,11.3,23.2,25.7
2019-09-24,30.3,26.3,27.5,29.9,25.3,27.0,0.0,70,1017.5,59,7.0,9.6,24.8,27.0
2019-09-25,30.8,25.7,27.3,30.8,24.8,26.8,0.0,71,1017.3,32,5.9,7.5,24.4,26.4
2019-09-26,30.8,25.5,27.5,30.2,24.6,26.7,0.0,71,1017.2,43,7.6,8.9,25.0,27.1
2019-09-27,30.6,25.7,27.6,30.7,24.8,27.0,0.0,72,1016.6,46,5.7,6.8,24.9,27.2
2019-09-28,32.2,25.9,28.2,32.1,24.7,27.5,0.0,71,1015.0,33,8.6,6.7,25.3,27.9
2019-09-29,31.7,26.6,28.7,31.9,25.4,28.3,0.0,75,1012.8,33,8.8,6.0,26.7,28.5
2019-09-30,33.4,27.2,30.1,33.5,26.6,29.9,0.0,64,1008.8,21,10.0,8.0,26.5,27.8
2019-10-01,33.2,28.4,30.3,33.1,27.7,29.9,0.0,59,1009.4,11,10.7,8.9,25.9,27.5
2019-10-02,32.1,27.9,29.5,31.9,27.2,29.0,0.0,71,1011.2,20,10.6,9.9,27.4,28.6
2019-10-03,31.8,27.4,29.0,31.7,26.8,28.6,0.0,67,1012.1,22,10.5,8.9,26.4,27.8
2019-10-04,31.3,26.9,28.6,30.9,25.9,27.9,0.0,70,1012.2,22,8.0,7.2,25.9,28.2
2019-10-05,32.3,26.8,29.1,32.4,25.7,28.6,0.0,69,1012.9,18,9.9,6.9,26.5,28.8
2019-10-06,29.1,23.1,26.3,28.6,22.5,25.7,46.8,81,1014.7,87,0.2,12.0,23.8,25.3
2019-10-07,28.3,23.2,26.3,28.9,22.6,26.4,17.9,86,1015.4,83,3.2,13.2,25.4,26.9
2019-10-08,30.4,25.3,27.7,30.5,24.7,27.5,4.9,79,1015.6,66,8.4,11.2,26.0,27.4
2019-10-09,29.8,26.7,27.8,29.8,26.2,27.5,0.0,75,1014.7,55,9.0,13.7,25.5,26.9
2019-10-10,30.3,26.6,27.9,30.9,25.8,27.4,0.0,76,1013.5,35,8.4,10.8,25.9,27.8
2019-10-11,31.1,26.3,28.5,31.4,25.9,28.3,0.0,75,1011.8,24,10.1,8.3,26.7,28.5
2019-10-12,31.5,27.4,28.6,30.6,26.2,27.9,0.3,78,1011.8,51,4.8,6.7,26.4,28.2
2019-10-13,30.8,24.5,27.2,30.5,23.7,26.5,13.6,84,1014.6,81,5.0,8.8,25.6,28.9
2019-10-14,28.9,24.2,25.8,28.5,23.5,25.6,52.1,86,1017.6,80,2.2,9.5,24.4,26.6
2019-10-15,29.7,23.1,26.0,28.8,22.8,25.7,10.4,74,1019.0,56,8.4,12.1,23.3,24.6
2019-10-16,28.9,23.2,25.5,27.9,23.4,25.1,0.0,67,1018.3,37,9.4,12.7,22.0,24.1
2019-10-17,29.7,23.9,26.2,28.7,23.5,25.6,0.0,70,1017.2,31,10.4,9.9,23.0,24.7
2019-10-18,29.0,24.7,26.5,29.2,24.3,26.1,0.0,70,1016.9,57,8.3,7.0,23.4,25.1
2019-10-19,29.6,24.2,26.2,28.9,23.8,25.5,0.0,72,1017.2,34,9.0,8.9,23.2,25.2
2019-10-20,28.3,23.4,25.4,28.1,23.0,24.9,3.5,76,1016.5,42,7.7,9.7,23.1,24.5
2019-10-21,28.8,23.5,25.3,28.5,22.8,24.7,0.0,72,1014.0,35,8.5,9.8,23.0,25.5
2019-10-22,28.0,23.4,25.0,27.1,22.5,24.2,0.0,68,1012.2,21,9.9,9.8,22.0,23.9
2019-10-23,28.7,23.5,25.5,27.5,22.7,24.8,0.0,71,1012.2,28,10.2,11.1,23.0,24.4
2019-10-24,29.5,24.5,26.2,28.9,23.9,25.6,0.0,71,1014.9,51,8.7,11.1,23.4,25.2
2019-10-25,28.3,24.3,25.8,28.3,23.6,25.3,0.0,75,1016.7,33,9.6,12.6,23.5,25.5
2019-10-26,28.3,24.7,25.9,27.9,24.0,25.3,0.0,75,1017.0,73,4.3,12.7,23.4,25.4
2019-10-27,29.0,24.0,25.7,28.6,23.3,25.1,0.0,76,1015.3,59,8.1,9.2,23.7,26.1
2019-10-28,29.0,22.4,25.2,29.3,21.5,24.6,0.0,77,1014.7,79,3.2,9.1,23.9,27.4
2019-10-29,24.7,20.3,22.7,24.4,19.5,22.2,0.0,65,1015.7,54,4.5,10.3,19.1,21.6
2019-10-30,26.4,21.5,24.0,26.3,21.2,23.6,0.0,60,1016.7,81,4.4,9.7,19.8,22.3
2019-10-31,27.2,23.2,24.8,27.1,22.6,24.4,0.0,68,1016.2,78,5.1,10.6,21.2,23.2
2019-11-01,29.3,24.0,25.7,29.1,23.3,25.3,0.0,73,1015.7,49,9.7,12.8,23.3,25.4
2019-11-02,28.2,23.9,25.3,27.9,23.3,24.7,0.0,74,1014.6,31,9.6,11.6,22.9,25.3
2019-11-03,28.8,23.8,25.7,28.9,22.8,25.3,0.0,74,1013.9,48,9.3,7.8,24.2,26.0
2019-11-04,28.6,22.8,25.0,28.1,22.4,24.6,0.0,56,1014.5,28,9.5,12.5,20.1,22.7
2019-11-05,27.4,21.6,23.9,27.0,21.1,23.4,0.0,56,1013.4,11,10.2,10.5,19.5,22.0
2019-11-06,26.5,22.3,23.8,26.2,21.4,23.1,0.0,69,1012.0,47,9.0,10.5,20.8,22.6
2019-11-07,26.9,21.4,23.8,26.3,21.1,23.5,0.0,56,1013.7,32,10.1,11.7,19.0,21.1
2019-11-08,26.8,20.8,23.3,26.1,20.3,23.0,0.0,51,1017.0,21,10.2,13.8,18.7,21.2
2019-11-09,26.0,20.4,22.7,25.4,19.9,22.1,0.0,62,1017.6,33,10.1,11.3,19.0,21.2
2019-11-10,26.7,20.6,22.7,26.5,19.4,22.0,0.0,70,1016.1,16,10.1,8.3,20.1,22.2
2019-11-11,26.8,20.9,23.1,26.5,19.3,22.5,0.0,72,1014.7,32,10.2,10.2,20.7,23.4
2019-11-12,25.2,22.3,23.3,25.5,21.4,22.8,0.0,78,1016.4,70,4.6,11.1,21.3,23.3
2019-11-13,26.8,22.3,24.1,27.2,21.3,23.6,0.0,75,1018.3,39,9.0,8.9,22.3,24.4
2019-11-14,25.9,21.1,23.0,26.0,20.7,22.5,0.0,64,1018.9,42,8.6,10.3,19.5,22.2
2019-11-15,25.7,21.5,22.8,25.2,20.7,22.2,0.0,70,1016.9,29,9.8,11.5,20.2,22.0
2019-11-16,25.6,21.5,22.5,25.5,20.4,21.9,0.0,76,1015.7,33,6.8,10.7,20.7,22.8
2019-11-17,26.5,21.4,23.4,27.3,20.6,23.1,0.0,79,1015.0,18,9.8,7.6,22.4,24.9
2019-11-18,28.4,20.6,24.3,28.9,19.6,24.0,0.0,69,1015.7,18,9.9,7.3,22.8,25.6
2019-11-19,22.7,17.9,20.5,22.3,16.8,19.8,0.0,63,1018.4,49,4.3,7.4,17.1,19.0
2019-11-20,24.0,19.4,21.1,24.2,18.8,20.5,0.0,66,1019.5,56,6.3,8.3,18.3,20.5
2019-11-21,25.2,19.2,21.7,25.3,18.6,21.2,0.0,66,1018.9,16,10.0,6.9,19.1,20.9
2019-11-22,26.3,19.6,22.3,26.3,19.0,22.0,0.0,66,1017.1,14,10.0,6.1,19.2,21.8
2019-11-23,26.9,21.4,23.3,27.0,20.4,22.8,0.0,78,1016.9,44,8.7,6.6,21.9,24.6
2019-11-24,27.4,21.1,23.4,28.4,20.0,23.1,0.0,77,1017.5,24,9.9,7.8,22.2,24.2
2019-11-25,26.6,22.4,23.8,26.8,21.7,23.7,0.0,73,1019.6,58,8.2,12.1,21.9,24.1
2019-11-26,23.4,21.0,22.0,23.3,20.6,21.4,0.0,76,1020.7,88,0.9,13.2,19.0,20.9
2019-11-27,24.8,21.1,22.3,24.9,20.3,21.9,0.0,78,1020.0,53,9.0,11.7,20.7,22.5
2019-11-28,23.1,18.0,20.3,22.6,17.1,19.8,0.0,61,1021.9,41,9.8,11.4,16.8,19.5
2019-11-29,22.6,17.0,19.7,22.8,16.0,19.0,0.0,65,1022.3,48,9.6,10.6,16.8,19.6
2019-11-30,23.8,17.9,20.4,23.9,17.2,20.0,0.0,71,1020.4,34,9.8,11.1,18.2,20.7
2019-12-01,25.5,18.8,21.5,25.8,17.9,21.4,0.0,69,1018.3,8,9.6,6.8,20.0,22.2
2019-12-02,20.3,15.1,17.4,20.1,14.2,16.8,0.0,54,1021.6,18,9.3,14.2,13.9,16.2
2019-12-03,20.1,13.8,16.4,19.3,12.8,15.8,0.0,46,1023.1,32,9.7,11.5,12.0,15.0
2019-12-04,20.1,13.9,17.5,20.8,13.3,17.2,0.0,40,1022.9,55,9.5,13.8,12.2,15.4
2019-12-05,18.3,13.1,15.3,17.9,12.2,14.6,1.4,54,1024.8,88,0.0,14.4,10.1,11.3
2019-12-06,19.5,12.7,16.5,19.8,12.8,16.3,0.3,39,1024.7,47,7.2,16.5,11.2,14.4
2019-12-07,19.1,13.2,16.2,19.3,12.5,16.0,0.0,39,1024.8,1,9.6,15.6,11.0,13.3
2019-12-08,19.5,13.0,15.9,20.5,12.4,15.5,0.0,47,1024.8,16,9.6,9.0,11.8,15.0
2019-12-09,21.7,14.7,17.4,21.9,13.6,17.0,0.0,62,1021.8,56,8.6,6.7,14.2,16.7
2019-12-10,21.9,15.7,18.4,22.4,14.2,18.1,0.0,69,1018.6,39,8.8,6.5,16.2,18.4
2019-12-11,24.0,16.5,19.1,24.4,15.4,19.0,0.0,64,1018.4,2,9.6,5.5,16.4,18.9
2019-12-12,21.4,17.4,19.1,22.2,16.4,18.8,0.0,67,1020.9,43,7.1,11.8,15.7,18.3
2019-12-13,22.0,18.0,19.2,22.0,17.3,18.9,0.0,75,1022.4,43,7.3,13.4,17.3,19.2
2019-12-14,23.3,17.6,19.5,23.7,16.4,19.2,0.0,75,1021.7,17,9.6,10.8,17.8,19.9
2019-12-15,20.5,18.5,19.5,20.6,17.8,19.1,0.0,81,1020.0,85,0.0,13.5,17.7,18.8
2019-12-16,23.7,19.7,21.3,24.5,19.2,21.1,0.0,76,1018.1,86,1.0,9.7,19.0,21.7
2019-12-17,26.2,21.2,23.2,27.4,20.8,23.1,0.0,71,1017.7,79,5.1,7.1,21.4,24.3
2019-12-18,27.3,20.0,22.8,27.8,19.1,22.4,0.0,77,1018.1,70,5.3,9.4,21.9,24.6
2019-12-19,21.4,18.8,19.8,22.5,18.1,19.1,0.1,84,1019.8,94,0.6,10.9,18.4,21.6
2019-12-20,21.6,17.7,19.1,21.9,17.0,18.6,0.7,78,1019.6,83,4.7,9.5,17.1,19.6
2019-12-21,21.9,17.0,19.3,22.8,16.6,18.9,1.4,84,1017.8,86,3.0,7.2,18.1,20.8
2019-12-22,22.8,19.2,20.5,23.1,18.4,20.2,0.0,84,1015.8,60,5.5,5.9,19.9,22.0
2019-12-23,21.4,18.9,20.0,21.9,18.1,19.5,0.0,85,1016.7,81,0.3,10.0,18.6,20.3
2019-12-24,23.3,19.0,20.4,24.4,18.1,20.1,0.0,80,1017.9,44,8.6,9.6,19.8,22.1
2019-12-25,22.9,19.0,20.1,23.1,18.1,19.7,0.0,80,1016.4,65,7.7,10.3,19.1,21.0
2019-12-26,24.5,17.5,21.0,25.7,16.8,20.9,0.0,73,1016.3,29,9.4,7.5,20.3,22.7
2019-12-27,21.3,15.6,18.0,21.7,14.5,17.4,0.0,65,1020.3,23,9.4,10.3,15.3,18.1
2019-12-28,20.9,16.8,18.5,21.4,15.5,18.0,0.0,72,1020.2,64,6.1,9.9,15.9,18.7
2019-12-29,19.6,17.9,18.8,19.3,17.1,18.4,9.3,88,1018.3,92,0.0,6.4,17.3,18.7
2019-12-30,22.5,18.8,20.3,22.3,18.4,20.0,0.3,91,1020.0,90,0.0,7.8,19.8,21.2
2019-12-31,20.2,18.0,19.2,19.8,17.3,18.6,0.0,86,1024.9,93,0.0,12.8,17.5,18.5
2020-01-01,18.7,17.2,17.9,18.5,16.3,17.2,0.0,80,1026.5,92,0.2,9.8,15.6,16.5
2020-01-02,20.4,17.4,18.3,21.2,16.0,17.7,0.0,78,1025.2,54,3.6,7.6,16.7,19.7
2020-01-03,22.0,17.2,18.9,22.6,15.8,18.5,0.0,82,1023.0,47,8.9,8.3,18.4,20.7
2020-01-04,22.0,17.6,19.2,23.6,15.9,18.6,0.0,83,1020.9,62,8.6,8.7,18.7,21.7
2020-01-05,22.1,18.7,20.0,22.8,18.2,19.8,0.0,79,1020.5,81,6.6,13.8,18.5,20.8
2020-01-06,24.0,19.5,21.0,24.8,19.1,20.8,0.0,78,1019.3,75,6.7,13.5,19.7,22.1
2020-01-07,25.8,20.4,22.4,27.1,19.8,22.2,0.0,83,1017.2,57,8.0,3.7,22.1,24.7
2020-01-08,26.0,19.7,21.9,26.6,18.7,21.6,0.0,72,1018.5,35,8.1,9.1,19.9,22.2
2020-01-09,20.6,18.4,19.3,21.6,17.7,18.8,0.0,77,1018.1,76,5.0,14.9,17.2,19.3
2020-01-10,21.8,18.8,19.9,21.8,18.2,19.4,0.0,82,1016.4,67,6.1,12.6,18.4,20.0
2020-01-11,23.9,18.7,20.9,24.6,18.2,20.7,0.0,81,1015.3,59,7.0,8.0,20.6,22.9
2020-01-12,20.3,15.7,17.9,21.2,14.9,17.5,0.0,65,1017.1,75,7.9,8.0,14.6,17.9
2020-01-13,19.7,17.2,18.3,20.4,16.2,17.7,0.0,76,1017.8,77,2.5,11.7,15.9,18.6
2020-01-14,21.9,17.5,19.0,23.0,16.8,18.6,0.0,76,1019.0,42,9.4,10.2,17.4,19.8
2020-01-15,21.7,17.9,19.5,22.0,17.2,19.0,0.1,80,1018.3,77,5.8,14.2,17.8,20.1
2020-01-16,22.2,18.4,19.8,23.6,17.7,19.5,0.0,84,1017.7,57,7.2,11.1,19.2,21.6
2020-01-17,20.0,17.2,18.5,19.5,16.4,18.0,0.0,69,1019.6,88,0.1,7.3,14.8,18.1
2020-01-18,21.0,17.1,18.3,21.0,16.2,17.7,0.0,73,1019.6,63,6.5,9.2,16.1,18.5
2020-01-19,20.7,16.6,18.2,20.8,15.8,17.7,0.0,75,1020.9,83,1.1,8.1,16.3,18.3
2020-01-20,20.6,15.7,18.0,20.7,15.0,17.3,0.0,75,1021.9,80,2.9,7.6,16.0,18.5
2020-01-21,21.1,17.3,18.8,21.2,16.1,18.2,0.0,80,1022.4,85,4.9,10.3,17.0,19.3
2020-01-22,23.6,18.0,20.5,24.8,17.3,20.4,0.0,82,1019.1,84,4.3,8.3,19.6,22.7
2020-01-23,25.7,20.5,21.9,26.6,19.9,21.7,0.0,86,1017.2,63,7.6,8.0,21.5,24.1
2020-01-24,23.1,20.1,21.5,24.2,19.2,21.2,0.0,89,1018.1,86,4.6,9.1,21.2,23.4
2020-01-25,22.2,18.8,19.7,23.3,18.4,19.3,2.1,89,1016.2,91,0.9,10.9,18.8,21.8
2020-01-26,19.2,13.7,16.5,19.5,12.8,16.1,12.3,86,1014.9,80,1.5,8.0,15.4,18.2
2020-01-27,16.0,11.5,13.0,16.5,10.6,12.4,0.2,70,1016.4,71,2.7,9.6,10.3,14.3
2020-01-28,16.1,10.8,13.0,15.8,9.9,12.4,0.1,66,1018.6,68,4.4,8.8,10.3,13.8
2020-01-29,17.1,11.0,13.8,16.6,10.2,13.2,0.0,55,1020.6,42,7.2,8.8,10.2,13.2
2020-01-30,18.5,11.6,14.7,18.6,11.0,14.4,0.0,44,1021.5,3,10.2,11.0,10.3,13.4
2020-01-31,18.9,11.8,14.8,18.6,11.2,14.7,0.0,52,1022.4,4,10.2,9.0,11.2,14.0
2020-02-01,18.8,14.1,16.0,18.9,13.1,15.6,0.0,72,1022.4,29,9.1,11.2,14.2,16.7
2020-02-02,19.5,15.9,17.1,19.1,15.3,16.7,0.0,77,1022.0,85,1.6,13.4,15.0,16.8
2020-02-03,20.4,16.6,18.1,20.6,15.6,17.8,0.0,78,1020.3,68,1.9,11.8,16.3,18.0
2020-02-04,19.0,15.4,17.3,19.2,15.1,16.9,0.8,84,1020.2,88,0.6,8.5,15.4,17.5
2020-02-05,18.3,16.6,17.5,18.3,16.2,17.1,1.0,83,1020.6,88,0.2,12.0,15.8,17.2
2020-02-06,18.6,15.9,17.1,19.4,15.3,16.7,0.0,77,1019.8,81,1.5,15.0,15.0,17.7
2020-02-07,20.6,17.3,18.7,20.9,16.7,18.4,0.0,82,1021.1,85,0.5,9.3,17.5,19.2
2020-02-08,19.6,16.7,17.8,19.4,15.9,17.1,0.0,76,1024.0,88,0.1,7.6,15.4,17.4
2020-02-09,18.5,15.0,16.5,18.1,14.1,15.9,0.0,77,1025.7,88,0.1,6.8,14.0,16.2
2020-02-10,18.6,15.5,16.9,18.5,14.7,16.4,0.0,76,1023.1,88,0.3,5.7,14.4,16.3
2020-02-11,19.1,16.8,17.6,19.0,16.2,17.2,0.8,86,1020.5,88,0.0,9.5,15.8,17.2
2020-02-12,24.7,18.4,20.6,25.7,18.1,20.4,0.0,89,1017.9,77,4.9,4.8,20.6,24.1
2020-02-13,20.5,18.9,19.6,20.5,18.5,19.3,41.6,94,1015.4,80,0.3,7.3,18.8,20.0
2020-02-14,22.5,19.5,20.4,22.8,19.2,20.2,9.7,94,1013.8,92,1.7,12.5,20.3,23.0
2020-02-15,22.3,19.4,21.0,22.3,19.0,20.8,0.0,95,1013.6,92,0.8,10.6,20.4,21.9
2020-02-16,22.4,10.6,14.2,22.1,10.0,13.8,25.5,82,1020.1,92,0.9,11.5,12.0,21.5
2020-02-17,18.0,10.3,13.6,17.0,9.6,13.2,0.0,53,1026.2,26,10.3,9.8,9.8,12.7
2020-02-18,18.4,11.6,14.7,17.7,10.9,14.1,0.0,57,1026.4,6,10.5,10.4,11.0,14.0
2020-02-19,19.4,14.0,16.3,18.7,12.9,15.7,0.0,69,1024.6,37,7.6,11.2,13.5,15.4
2020-02-20,21.2,15.4,17.7,20.9,14.8,17.3,0.0,70,1024.9,31,6.7,10.5,14.8,17.1
2020-02-21,22.6,16.5,18.9,22.0,15.8,18.4,0.0,73,1026.7,7,10.6,11.2,17.0,19.2
2020-02-22,25.5,17.1,20.1,25.4,16.0,19.6,0.0,73,1025.7,11,10.5,7.3,18.8,21.8
2020-02-23,23.9,17.5,19.4,23.9,16.9,19.1,0.0,71,1024.6,67,6.7,15.5,17.1,20.1
2020-02-24,22.0,17.5,19.6,22.6,16.8,19.4,0.0,76,1020.7,81,1.5,13.3,17.8,20.1
2020-02-25,25.0,19.7,21.8,26.1,19.1,21.6,0.0,84,1017.9,56,3.6,8.4,21.3,24.2
2020-02-26,28.1,20.6,23.3,27.0,19.9,22.9,0.0,82,1017.9,29,10.4,3.5,23.1,25.3
2020-02-27,22.6,19.1,20.5,21.9,18.3,19.7,0.4,84,1019.6,78,4.1,12.4,18.2,20.1
2020-02-28,25.3,18.1,20.8,25.1,17.5,20.3,0.0,78,1018.0,84,5.5,11.6,19.0,22.4
2020-02-29,26.6,20.2,22.5,26.3,19.0,21.9,0.0,80,1014.7,54,5.7,4.7,21.5,24.1
2020-03-01,26.6,20.4,22.8,26.0,19.8,22.3,0.0,82,1014.2,21,10.0,4.5,22.4,24.3
2020-03-02,21.8,18.8,20.1,21.5,18.2,19.4,0.0,84,1017.6,69,0.0,12.5,17.9,19.8
2020-03-03,21.0,18.2,19.4,20.8,17.5,18.9,0.0,81,1018.2,89,0.4,12.7,17.3,19.0
2020-03-04,21.5,18.2,19.9,21.5,17.6,19.5,3.1,84,1018.0,88,0.0,8.3,18.7,19.7
2020-03-05,20.7,16.5,18.2,19.8,15.7,17.5,0.4,85,1019.4,88,3.4,10.7,16.5,18.6
2020-03-06,19.8,17.2,18.3,20.5,16.5,17.8,0.0,80,1017.5,88,1.8,14.3,16.3,18.7
2020-03-07,24.3,18.8,20.6,24.5,18.3,20.5,0.0,88,1014.0,86,2.2,10.3,20.2,23.3
2020-03-08,23.6,20.9,22.1,24.1,20.4,21.8,0.0,92,1010.7,90,0.4,9.7,21.4,23.3
2020-03-09,26.8,20.8,23.4,26.8,20.3,23.2,0.0,89,1008.5,90,1.3,9.7,22.3,24.9
2020-03-10,26.7,20.7,23.4,26.1,20.0,23.0,0.0,67,1013.3,70,8.5,10.0,19.9,23.0
2020-03-11,20.8,17.9,19.2,20.8,17.0,18.5,0.0,72,1017.7,89,0.9,15.1,16.0,18.8
2020-03-12,20.2,18.0,19.2,20.4,17.4,18.8,0.0,89,1015.7,88,0.0,15.5,18.2,19.5
2020-03-13,25.0,19.3,21.4,25.2,18.8,21.3,0.0,91,1015.7,89,3.4,8.5,21.5,24.2
2020-03-14,25.9,19.8,21.6,24.8,19.2,21.1,0.4,78,1017.6,72,7.3,8.7,19.2,21.5
2020-03-15,23.0,18.9,20.2,22.9,18.2,19.6,0.0,70,1019.3,76,5.4,9.4,16.9,19.4
2020-03-16,22.8,18.5,20.3,22.8,17.6,19.7,0.0,75,1019.7,70,8.1,12.3,18.0,19.6
2020-03-17,21.7,19.5,20.3,21.4,18.9,19.8,0.0,79,1018.7,83,0.6,11.0,17.8,19.8
2020-03-18,21.6,19.7,20.5,21.6,19.1,20.0,10.7,86,1015.8,79,0.0,7.0,19.1,20.4
2020-03-19,23.0,20.3,21.1,23.1,19.7,20.7,0.8,88,1014.7,89,0.3,7.5,20.3,22.0
2020-03-20,23.0,20.5,21.2,23.0,19.9,20.8,0.4,87,1015.4,88,0.2,10.5,19.9,21.9
2020-03-21,23.0,20.2,21.2,23.2,19.8,20.9,0.2,94,1015.4,87,0.4,10.4,21.1,23.1
2020-03-22,28.5,21.6,24.2,27.7,21.3,23.9,0.0,84,1014.0,44,9.7,5.8,24.2,25.9
2020-03-23,28.5,22.0,24.6,28.1,21.6,24.2,0.0,81,1014.2,37,10.7,6.9,24.5,26.8
2020-03-24,26.6,21.0,22.8,25.3,20.3,22.1,0.0,82,1015.3,70,6.3,13.5,21.3,23.2
2020-03-25,26.5,21.2,22.8,25.3,20.7,22.2,0.0,83,1014.2,88,4.3,11.1,21.4,23.5
2020-03-26,26.3,22.0,23.3,26.0,21.5,22.9,1.0,90,1013.5,77,2.9,7.3,23.1,25.3
2020-03-27,27.7,22.4,24.4,27.2,21.8,23.9,0.0,86,1013.0,73,5.9,8.6,24.0,26.0
2020-03-28,25.9,19.8,22.8,26.4,19.2,22.5,9.8,91,1013.3,89,1.6,6.3,22.9,25.6
2020-03-29,21.9,19.1,20.2,21.4,18.4,19.6,2.2,91,1013.5,90,0.2,17.7,19.4,21.1
2020-03-30,21.4,19.7,20.4,21.5,19.1,20.0,6.5,95,1012.2,96,0.0,11.4,19.9,21.8
2020-03-31,21.3,19.2,20.3,21.2,19.0,20.0,5.8,95,1013.1,98,0.0,11.6,20.2,21.1
2020-04-01,21.3,18.9,19.7,21.4,18.8,19.5,0.2,91,1015.0,96,0.0,7.0,19.2,20.7
2020-04-02,20.7,19.3,19.9,20.6,18.9,19.6,0.4,86,1017.0,94,0.0,17.1,18.5,19.4
2020-04-03,21.3,19.4,20.4,21.2,18.9,20.0,0.6,88,1017.2,88,0.0,12.7,19.3,20.2
2020-04-04,24.1,19.7,20.8,23.7,18.9,20.4,1.1,89,1018.0,89,1.2,9.0,20.2,22.6
2020-04-05,19.9,16.9,18.2,19.2,16.4,17.6,4.6,88,1019.0,94,0.0,12.5,16.6,18.4
2020-04-06,17.9,16.1,17.1,17.8,15.6,16.7,21.5,92,1016.8,97,0.0,9.3,15.9,16.9
2020-04-07,21.1,17.2,19.1,21.3,17.2,18.9,0.0,86,1015.5,88,0.7,5.8,18.3,20.2
2020-04-08,24.0,18.7,20.6,24.0,18.4,20.3,0.0,71,1016.5,83,4.3,10.2,17.7,19.8
2020-04-09,25.6,18.8,21.6,24.8,18.4,21.2,0.0,69,1017.5,31,9.8,9.9,18.9,20.3
2020-04-10,24.6,19.9,21.7,23.7,19.2,21.2,0.0,73,1018.1,39,10.5,13.8,19.1,21.1
2020-04-11,24.3,20.5,22.5,25.5,20.4,22.2,20.5,88,1015.0,89,0.3,6.9,22.0,24.3
2020-04-12,25.6,18.1,20.8,24.2,17.8,20.5,0.4,59,1017.3,45,9.5,12.5,17.3,19.4
2020-04-13,25.4,16.4,20.2,24.2,16.0,19.5,0.0,44,1019.2,49,10.6,9.5,14.9,17.3
2020-04-14,24.1,19.6,21.1,23.1,18.7,20.5,0.0,65,1017.5,80,3.5,7.5,18.1,20.7
2020-04-15,25.9,19.0,22.2,25.6,17.9,21.6,0.0,66,1015.4,46,11.0,4.8,20.2,22.1
2020-04-16,28.3,20.0,23.3,27.1,18.9,22.4,0.0,77,1014.5,41,11.1,6.0,22.1,24.1
2020-04-17,28.3,22.0,24.1,27.8,21.1,23.6,0.0,79,1014.8,59,10.6,8.9,23.1,24.7
2020-04-18,27.8,22.4,24.4,27.3,21.4,23.8,0.0,81,1013.9,73,5.2,5.7,23.2,25.0
2020-04-19,30.0,23.7,25.9,28.4,23.1,25.2,0.0,80,1012.6,47,9.7,5.8,24.9,26.8
2020-04-20,29.4,24.6,26.4,29.0,23.9,25.9,0.0,81,1012.5,53,8.7,7.7,25.8,27.8
2020-04-21,30.0,24.9,26.7,29.8,24.2,26.3,0.0,82,1012.4,69,5.5,6.6,25.6,27.4
2020-04-22,25.7,19.4,22.1,24.9,18.8,21.4,25.8,94,1014.9,93,0.0,13.9,20.9,23.9
2020-04-23,21.7,19.4,20.6,21.5,18.8,20.1,1.3,89,1017.2,93,0.0,9.8,19.6,20.6
2020-04-24,21.4,18.1,19.4,21.7,17.7,18.9,0.6,84,1019.0,94,0.1,7.3,17.7,20.4
2020-04-25,22.7,18.4,20.5,22.8,17.6,20.1,0.1,83,1018.1,90,0.7,4.5,19.1,20.7
2020-04-26,27.8,19.9,23.1,27.2,19.5,22.9,0.7,75,1017.0,79,7.2,3.8,21.8,23.9
2020-04-27,28.5,21.6,24.4,27.7,21.1,23.8,0.0,65,1017.1,65,7.9,7.0,21.3,23.5
2020-04-28,27.9,22.4,24.3,26.6,21.4,23.6,0.0,64,1017.5,56,11.3,12.7,21.5,23.6
2020-04-29,28.5,21.7,24.2,27.1,20.8,23.3,0.0,72,1017.0,39,10.6,10.9,22.6,24.2
2020-04-30,30.3,22.2,25.3,23.2,23.2,23.2,0.0,74,1015.3,52,10.3,7.2,23.5,25.2
2020-05-01,30.2,23.6,25.7,29.1,22.6,25.1,0.0,81,1012.5,70,7.1,5.0,24.9,27.3
2020-05-02,30.0,23.9,26.3,29.1,23.0,25.8,0.0,77,1010.0,52,10.4,6.7,25.4,27.1
2020-05-03,31.3,24.9,27.3,30.7,24.2,26.9,0.0,78,1009.2,32,11.3,8.4,26.8,28.3
2020-05-04,31.5,25.9,27.8,31.0,25.3,27.6,0.0,79,1009.8,57,9.8,9.9,27.3,29.2
2020-05-05,29.9,26.6,27.9,30.8,26.1,27.9,0.0,80,1008.8,75,8.8,10.4,27.3,28.8
2020-05-06,31.4,27.2,28.7,31.6,26.6,28.6,0.0,81,1008.6,83,4.8,7.4,27.7,29.2
2020-05-07,30.8,27.7,29.0,30.9,27.0,28.9,0.0,81,1008.7,83,3.9,8.2,27.6,28.8
2020-05-08,32.0,28.2,29.3,31.8,27.8,29.1,0.1,81,1008.6,86,3.5,9.9,28.0,29.2
2020-05-09,31.7,27.7,29.2,31.7,26.9,28.8,0.1,79,1009.2,81,3.5,8.6,27.8,29.2
2020-05-10,32.4,26.4,29.0,31.9,26.3,28.5,0.8,78,1009.8,60,8.5,8.2,28.3,29.8
2020-05-11,33.5,24.2,28.9,32.1,23.6,28.5,14.8,76,1010.3,77,6.9,5.8,27.6,29.7
2020-05-12,30.4,24.4,27.0,30.1,23.6,26.7,3.6,82,1010.8,78,3.1,5.6,26.0,28.3
2020-05-13,28.0,25.8,26.6,28.6,25.1,26.1,0.3,84,1012.3,80,2.3,10.5,25.1,27.5
2020-05-14,29.8,25.1,27.1,29.1,24.5,26.4,0.1,83,1011.2,86,3.8,12.5,25.9,28.2
2020-05-15,31.7,26.7,28.5,30.7,25.9,27.9,0.0,81,1008.3,72,7.4,10.8,27.4,28.8
2020-05-16,32.9,26.5,28.9,31.9,26.0,28.2,0.0,80,1007.5,57,7.8,6.5,27.7,29.6
2020-05-17,32.5,26.7,28.9,32.2,26.3,28.6,0.0,77,1005.3,58,9.5,7.3,27.6,29.1
2020-05-18,28.6,24.1,25.8,28.3,23.6,25.3,46.7,88,1004.6,88,1.4,5.8,25.1,27.9
2020-05-19,31.7,25.6,28.0,30.3,25.1,27.5,0.0,82,1005.1,72,7.5,6.4,26.9,28.6
2020-05-20,28.5,26.7,27.6,28.5,26.0,27.1,4.3,87,1006.1,87,1.6,11.7,26.3,27.3
2020-05-21,29.5,25.5,27.6,29.0,24.9,27.2,84.6,92,1003.8,90,0.0,7.2,26.8,28.3
2020-05-22,29.4,27.0,27.9,28.9,26.3,27.5,17.0,88,1003.2,89,0.1,9.6,26.5,27.8
2020-05-23,27.0,24.9,25.7,26.3,24.4,25.1,1.5,88,1006.8,88,0.0,10.1,24.5,25.4
2020-05-24,29.4,25.2,26.7,28.9,24.2,26.3,0.0,82,1009.4,80,2.8,9.8,25.5,27.1
2020-05-25,28.1,24.8,26.6,28.3,24.4,26.1,32.4,91,1009.6,85,1.2,8.3,25.9,28.2
2020-05-26,31.1,26.6,28.3,31.0,26.1,28.0,14.4,87,1007.6,86,2.0,6.2,28.1,30.3
2020-05-27,30.5,26.5,28.2,30.7,26.3,28.0,0.1,83,1008.6,86,3.7,5.5,27.5,29.6
2020-05-28,29.5,26.7,27.7,29.6,26.2,27.3,0.2,86,1010.1,86,2.4,9.5,27.0,28.7
2020-05-29,30.8,26.7,28.2,29.8,26.1,27.7,0.2,85,1010.0,85,3.6,9.6,27.2,28.8
2020-05-30,28.5,24.4,26.0,27.9,24.1,25.7,131.3,94,1010.9,92,0.0,4.7,24.9,26.7
2020-05-31,31.0,27.1,29.2,30.8,27.1,28.9,0.0,83,1010.5,86,1.3,7.3,28.0,29.6
2020-06-01,32.2,28.7,29.9,32.7,27.9,29.6,0.0,78,1010.2,85,5.5,8.4,28.4,30.0
2020-06-02,30.5,27.4,29.0,30.6,27.3,28.6,6.4,82,1009.5,87,2.0,8.0,27.6,28.9
2020-06-03,32.1,28.7,29.8,31.8,27.9,29.4,0.0,76,1008.6,82,5.4,9.2,28.0,29.4
2020-06-04,32.7,28.7,30.1,32.6,28.2,29.9,0.0,75,1008.0,83,8.1,9.0,28.4,30.1
2020-06-05,32.3,27.5,30.0,32.2,26.9,29.7,2.6,78,1007.3,88,6.2,10.5,28.4,29.7
2020-06-06,29.9,24.1,26.8,29.4,23.1,26.2,183.8,89,1007.2,94,0.3,6.7,25.1,27.8
2020-06-07,29.4,24.6,27.7,28.4,24.7,27.2,107.4,91,1005.6,92,0.0,12.3,25.9,27.3
2020-06-08,29.3,25.2,28.6,28.5,24.8,27.5,40.9,88,1006.2,92,0.0,8.5,,
2020-06-09,31.4,28.1,29.4,30.9,27.4,28.9,1.3,83,1008.2,87,2.0,9.8,,
2020-06-10,31.7,28.3,29.8,31.6,27.7,29.4,0.2,78,1008.8,81,7.5,,,
2020-06-11,33.9,28.1,30.2,32.9,27.6,29.6,0.0,76,1007.4,55,10.1,6.7,,
2020-06-12,35.0,27.8,30.4,32.9,27.2,29.6,0.0,75,1005.4,32,10.2,8.1,27.8,28.7
2020-06-13,33.7,27.6,29.8,32.5,26.7,29.1,11.7,81,1004.0,84,5.3,14.1,28.3,30.2
2020-06-14,31.5,26.0,28.0,29.8,25.2,27.1,29.3,84,1008.3,82,1.7,11.5,26.3,28.2
2020-06-15,32.6,26.3,29.3,32.5,25.5,28.8,0.2,79,1011.1,64,7.5,9.3,27.7,29.4
2020-06-16,31.1,26.8,28.6,30.6,26.2,28.1,9.4,81,1009.7,70,3.3,7.4,27.3,28.8
2020-06-17,31.7,27.5,29.1,31.5,26.8,28.6,0.9,77,1008.3,54,6.2,7.6,27.5,29.0
2020-06-18,31.8,27.7,29.5,32.1,26.7,29.2,0.1,77,1008.5,56,8.8,8.7,28.4,30.1
2020-06-19,32.4,28.2,29.9,31.8,27.7,29.6,0.0,74,1009.2,52,11.6,8.9,28.7,30.0
2020-06-20,32.7,28.3,30.0,32.3,27.8,29.6,0.0,74,1008.5,54,10.8,9.3,28.8,30.0
2020-06-21,32.6,28.7,30.2,32.6,28.0,29.9,0.0,76,1006.3,77,10.0,8.8,28.9,30.3
2020-06-22,32.6,29.2,30.4,32.7,28.7,30.2,0.0,77,1006.4,79,8.3,9.9,29.1,30.7
2020-06-23,32.6,29.1,30.3,32.2,28.4,30.1,0.0,77,1007.1,72,10.1,9.2,29.2,30.7
2020-06-24,32.9,29.0,30.4,33.1,28.4,30.2,0.0,77,1006.5,86,7.0,9.4,28.9,30.6
2020-06-25,32.4,29.1,30.2,32.5,28.7,30.0,0.1,76,1006.4,87,4.9,9.8,28.1,29.1
2020-06-26,32.0,29.4,30.3,32.4,29.0,30.0,1.3,77,1007.9,86,4.6,10.5,28.2,30.4
2020-06-27,32.5,28.5,30.2,32.6,28.4,29.9,1.2,77,1008.4,83,6.0,8.2,28.3,30.1
2020-06-28,33.0,28.5,30.4,32.9,28.1,30.0,0.0,75,1007.8,81,10.2,7.7,28.8,30.1
2020-06-29,34.2,28.2,30.5,32.9,27.7,29.8,0.4,74,1006.1,78,9.5,7.5,28.2,29.7
2020-06-30,34.9,28.7,30.7,33.6,28.1,30.1,0.0,74,1004.6,72,9.4,8.0,29.0,31.1
2020-07-01,32.7,28.9,30.2,32.1,28.0,29.5,1.1,78,1004.0,83,3.8,8.5,28.2,30.1
2020-07-02,33.3,27.7,30.2,32.6,27.3,29.5,9.3,79,1005.1,83,4.4,8.9,28.1,30.1
2020-07-03,33.1,27.3,29.2,32.4,26.3,28.5,29.5,84,1008.4,82,3.7,7.5,27.8,30.1
2020-07-04,33.3,27.5,29.8,32.6,27.1,29.4,8.3,80,1008.9,84,6.9,8.1,28.3,30.0
2020-07-05,32.9,28.0,30.0,32.5,27.8,29.6,1.3,77,1007.3,77,9.4,9.8,28.4,30.0
2020-07-06,32.3,28.3,30.1,32.5,27.5,29.7,4.1,76,1007.4,77,8.9,9.4,28.2,29.9
2020-07-07,32.7,28.5,30.1,32.6,27.8,29.6,0.7,77,1009.2,78,9.6,8.8,28.8,30.3
2020-07-08,32.2,29.0,30.0,32.1,28.3,29.7,0.6,79,1007.1,88,5.7,9.8,28.5,30.1
2020-07-09,31.9,29.0,30.1,31.8,28.6,29.8,0.0,79,1004.2,88,3.9,10.8,28.4,29.7
2020-07-10,32.2,29.3,30.3,31.7,28.6,29.8,0.0,75,1005.9,88,2.6,11.0,27.7,28.9
2020-07-11,33.4,29.2,30.4,32.0,28.6,30.0,0.0,76,1007.4,83,6.0,9.5,28.2,29.1
2020-07-12,33.5,29.1,30.4,32.7,28.4,30.0,0.0,75,1007.7,59,9.2,8.6,28.7,29.9
2020-07-13,33.2,28.7,30.5,33.0,28.2,30.2,0.0,74,1007.8,38,11.5,8.9,29.0,30.4
2020-07-14,33.6,28.6,30.6,33.5,28.0,30.4,0.0,75,1006.5,57,12.0,10.2,29.0,30.6
2020-07-15,33.9,28.8,30.5,33.2,28.4,30.2,0.0,74,1006.1,80,10.5,10.5,28.7,30.0
2020-07-16,32.7,27.4,30.4,32.6,27.6,30.2,2.4,76,1006.9,73,10.1,9.3,29.0,30.4
2020-07-17,33.4,27.8,30.3,32.8,27.5,30.0,2.5,75,1008.5,76,10.5,8.8,28.5,30.1
2020-07-18,33.2,28.9,30.4,32.7,28.4,30.1,2.2,75,1008.2,84,11.3,10.7,28.9,30.1
2020-07-19,32.9,28.8,30.3,32.7,28.3,30.1,0.0,75,1007.7,84,10.0,9.1,28.9,30.3
2020-07-20,32.2,27.5,29.9,32.0,27.4,29.6,3.1,77,1009.5,82,5.8,7.7,28.1,30.0
2020-07-21,34.7,28.1,30.4,33.1,27.5,29.8,0.0,76,1010.5,61,9.6,6.9,28.6,30.0
2020-07-22,33.1,27.7,30.0,32.4,27.0,29.2,2.5,79,1009.3,50,6.7,9.9,27.8,29.7
2020-07-23,35.3,28.6,31.0,33.7,28.1,30.3,0.0,73,1009.0,32,9.8,7.0,28.6,30.9
2020-07-24,33.9,28.8,30.8,33.6,28.3,30.3,0.0,74,1008.3,47,11.1,8.7,29.2,30.5
2020-07-25,34.0,28.8,30.7,33.9,28.1,30.2,0.0,75,1007.3,83,9.5,8.6,29.1,30.9
2020-07-26,34.9,28.9,30.8,34.2,28.1,30.4,0.0,74,1006.6,78,10.5,9.6,29.1,30.2
2020-07-27,33.5,28.4,30.5,33.4,27.9,30.3,2.3,75,1006.4,76,9.8,9.3,29.1,30.8
2020-07-28,35.0,27.9,30.8,34.1,27.6,30.5,3.0,73,1007.5,55,11.1,8.0,29.0,30.0
2020-07-29,34.9,28.6,30.5,32.9,26.7,29.7,2.6,77,1007.2,69,6.1,8.2,28.3,30.8
2020-07-30,34.9,26.0,30.2,33.4,25.4,29.5,13.3,75,1006.7,76,9.5,11.1,27.7,29.2
2020-07-31,29.7,25.9,27.9,29.1,25.0,27.2,36.6,84,1004.2,86,0.2,18.6,25.6,26.5
2020-08-01,29.4,25.9,27.7,29.5,25.0,27.2,28.3,87,1004.1,90,2.5,20.5,26.3,28.3
2020-08-02,29.4,26.2,27.5,29.2,25.6,27.0,25.6,89,1004.2,88,0.6,12.7,26.5,28.0
2020-08-03,27.8,25.7,26.5,28.0,25.2,26.0,46.9,93,1003.5,88,0.4,6.5,25.7,27.8
2020-08-04,30.1,26.1,27.5,30.2,25.5,27.2,4.7,87,1004.0,86,3.2,6.8,26.9,29.1
2020-08-05,31.9,24.9,27.8,30.9,24.4,27.2,53.3,88,1008.1,89,2.4,9.2,27.3,29.4
2020-08-06,33.5,25.2,29.1,32.2,24.6,28.6,1.7,85,1009.8,83,8.6,9.3,28.8,30.5
2020-08-07,33.9,27.6,30.1,32.3,27.2,29.4,0.2,80,1008.0,82,8.5,10.6,28.6,30.1
2020-08-08,34.4,28.4,30.5,32.7,27.7,29.8,0.0,76,1005.6,44,10.7,9.4,28.8,30.0
2020-08-09,33.4,27.8,29.9,32.8,27.0,29.4,0.0,76,1004.1,46,10.0,6.0,28.2,30.1
2020-08-10,33.0,28.3,30.0,32.4,27.8,29.6,0.0,76,1004.3,73,9.3,7.5,28.5,30.0
2020-08-11,32.2,29.0,30.3,32.4,28.4,29.8,0.6,78,1006.3,83,3.5,8.5,28.2,29.7
2020-08-12,29.5,26.6,27.8,29.9,25.8,27.4,29.4,88,1010.4,88,0.9,8.7,26.4,28.9
2020-08-13,31.2,26.0,28.1,30.3,25.4,27.7,16.5,86,1011.0,83,5.0,8.6,27.0,29.0
2020-08-14,33.4,26.2,29.3,32.7,25.8,29.1,9.3,80,1009.7,59,8.7,7.2,28.1,30.3
2020-08-15,33.0,27.9,29.8,32.4,27.4,29.4,0.0,76,1008.6,61,9.1,7.0,28.4,29.8
2020-08-16,33.8,26.8,30.1,32.3,25.8,29.3,0.0,76,1008.6,79,9.5,8.9,,
2020-08-17,31.4,26.4,28.2,30.9,25.9,27.8,16.6,84,1008.5,72,4.3,8.8,27.1,29.6
2020-08-18,29.9,25.6,27.3,29.5,24.8,27.0,52.7,85,1006.2,74,1.5,10.8,25.7,27.6
2020-08-19,27.9,24.9,26.6,27.7,24.2,26.1,119.5,91,1006.0,93,0.1,15.1,25.6,26.7
2020-08-20,32.2,27.2,29.0,31.4,26.7,28.6,0.0,83,1009.1,75,9.0,9.8,27.9,29.7
2020-08-21,33.5,27.6,29.8,32.6,27.0,29.2,0.0,77,1009.0,71,11.0,6.5,28.2,30.0
2020-08-22,33.3,27.2,29.7,32.5,26.9,29.1,0.0,77,1008.2,51,9.4,5.2,28.1,29.7
2020-08-23,33.8,27.5,29.8,32.6,27.1,29.4,0.0,77,1006.8,60,8.8,4.9,28.0,29.7
2020-08-24,33.4,27.9,30.2,32.9,27.4,29.9,0.0,76,1005.1,59,11.3,8.9,28.6,29.8
2020-08-25,33.8,28.6,30.6,33.5,28.5,30.4,1.1,77,1003.7,63,10.9,9.2,29.4,30.5
2020-08-26,32.7,26.5,29.7,33.0,25.8,29.4,12.3,81,1001.9,77,7.8,9.4,28.9,30.8
2020-08-27,31.0,26.4,28.5,31.3,25.8,28.3,3.1,83,1000.5,81,4.2,7.1,27.6,29.7
2020-08-28,34.2,25.0,28.9,33.3,24.5,28.5,22.6,82,1002.8,79,5.0,4.7,28.0,30.6
2020-08-29,33.2,27.8,29.9,32.2,26.3,29.4,3.2,77,1004.4,40,8.3,5.4,28.2,30.2
2020-08-30,32.4,28.0,29.6,32.1,27.7,29.2,0.6,80,1005.4,58,6.1,6.3,28.0,30.1
2020-08-31,34.3,28.2,29.8,32.8,27.8,29.5,0.2,76,1006.2,79,5.1,6.2,27.7,30.1
2020-09-01,33.6,28.0,30.3,33.6,27.3,30.1,1.1,76,1005.6,55,8.8,7.4,28.9,31.3
2020-09-02,34.2,28.0,30.0,33.9,27.7,29.8,0.4,77,1006.2,52,8.1,6.6,28.2,30.7
2020-09-03,33.6,28.5,30.2,33.9,27.3,29.9,0.4,78,1008.3,49,7.1,6.0,28.4,31.2
2020-09-04,32.3,28.4,29.8,32.1,27.9,29.3,0.1,82,1008.9,68,4.6,7.1,28.2,30.3
2020-09-05,30.6,25.2,28.4,30.1,24.1,27.9,43.9,83,1007.5,74,3.8,6.8,26.4,28.7
2020-09-06,32.3,27.2,29.1,31.5,27.0,28.5,0.0,80,1006.1,62,7.8,6.0,27.7,29.4
2020-09-07,33.3,26.8,29.4,32.3,26.6,28.7,4.7,82,1007.4,84,4.4,6.9,27.6,30.2
2020-09-08,29.0,25.3,27.1,28.4,25.0,26.7,68.9,91,1010.8,89,0.1,6.3,25.7,27.1
2020-09-09,30.7,26.8,27.9,30.3,26.4,27.6,0.2,86,1009.9,84,1.4,4.4,26.7,29.0
2020-09-10,32.1,26.0,28.5,31.6,25.6,28.2,8.2,83,1007.1,86,3.3,5.3,27.0,29.7
2020-09-11,30.4,27.2,28.9,31.0,27.0,28.7,2.7,81,1008.4,78,3.0,5.4,27.5,29.7
2020-09-12,32.4,26.2,28.2,32.6,25.2,28.1,27.9,85,1011.0,82,4.8,5.1,27.2,30.4
2020-09-13,32.5,25.8,28.4,31.4,25.5,28.1,5.7,83,1011.4,86,8.2,6.6,27.6,29.4
2020-09-14,31.0,25.6,28.1,30.4,25.0,27.5,38.2,85,1010.2,88,3.9,11.0,26.8,28.7
2020-09-15,28.8,26.4,27.3,28.4,25.7,26.8,62.6,92,1008.8,88,0.3,9.7,26.0,27.9
2020-09-16,32.9,27.3,29.5,31.8,27.2,29.1,4.4,85,1008.0,78,6.8,12.5,28.5,30.2
2020-09-17,31.4,26.8,28.7,31.0,26.1,28.2,40.6,87,1006.8,88,3.3,13.3,27.5,29.8
2020-09-18,30.2,26.4,28.3,30.0,25.8,27.8,15.9,88,1009.1,87,1.3,14.6,27.2,28.2
2020-09-19,30.3,25.9,27.2,29.8,25.6,26.8,50.8,92,1011.9,88,1.8,9.0,26.6,29.3
2020-09-20,32.1,26.4,28.6,31.5,25.8,28.3,0.7,83,1011.6,66,8.1,7.5,27.8,30.0
2020-09-21,29.7,25.5,27.4,29.8,25.2,27.0,176.8,91,1010.8,88,2.3,8.5,26.6,28.9
2020-09-22,31.4,26.6,28.6,30.7,26.2,28.2,0.5,82,1010.4,75,8.9,11.5,27.3,28.9
2020-09-23,31.9,27.4,29.1,31.1,27.0,28.6,0.0,77,1010.5,81,8.9,10.3,27.4,28.8
2020-09-24,31.3,27.1,28.5,30.9,25.7,28.1,0.6,80,1010.6,87,4.3,7.3,26.8,29.3
2020-09-25,31.4,26.6,28.3,30.5,26.0,27.5,0.0,76,1009.7,69,4.5,8.6,25.9,28.2
2020-09-26,29.7,27.1,28.0,28.8,26.5,27.3,0.0,76,1009.5,84,2.4,15.3,25.2,26.8
2020-09-27,29.4,26.2,27.7,29.1,25.6,27.2,1.3,81,1010.3,86,2.7,13.8,25.7,27.6
2020-09-28,27.4,25.7,26.6,27.1,25.1,26.1,26.2,87,1010.5,89,0.1,10.5,24.8,25.4
2020-09-29,28.9,26.0,26.9,27.9,25.5,26.5,21.9,89,1008.5,76,2.1,9.0,25.7,28.3
2020-09-30,31.1,25.3,27.4,31.1,24.7,27.1,104.1,88,1007.4,82,4.2,7.5,26.8,29.6
2020-10-01,28.8,25.3,26.7,28.1,24.8,26.3,0.1,77,1009.5,80,5.0,14.3,24.2,25.9
2020-10-02,30.4,26.2,27.6,29.3,25.5,27.0,0.0,75,1010.8,52,9.4,14.6,25.3,27.1
2020-10-03,31.9,26.7,28.3,30.7,25.8,27.6,0.0,75,1011.3,33,9.7,10.0,26.2,28.0
2020-10-04,31.4,26.8,28.4,31.3,25.9,28.0,0.0,78,1009.9,34,9.1,7.5,27.0,29.0
2020-10-05,30.6,25.0,28.0,29.7,24.4,27.4,106.1,79,1011.2,73,5.7,11.7,25.8,26.9
2020-10-06,27.4,24.9,25.9,26.7,24.1,25.5,2.7,78,1013.8,83,0.6,10.5,23.3,24.7
2020-10-07,26.3,24.1,24.9,26.2,23.6,24.5,0.0,70,1014.8,85,0.2,11.5,21.8,23.5
2020-10-08,28.8,23.1,25.2,27.4,22.5,24.5,0.0,67,1015.2,71,7.0,11.1,21.8,23.7
2020-10-09,30.0,23.3,26.0,28.7,22.8,25.4,0.0,64,1014.7,54,10.6,11.2,22.4,24.6
2020-10-10,29.7,23.3,26.1,28.5,22.8,25.3,0.0,69,1012.8,40,9.8,8.8,22.8,24.9
2020-10-11,30.4,24.7,27.0,29.7,23.9,26.3,0.0,73,1010.3,46,10.7,10.3,24.2,26.3
2020-10-12,30.9,25.6,28.0,30.2,24.8,27.3,0.6,72,1008.7,68,10.3,13.9,25.1,27.2
2020-10-13,26.5,23.8,24.9,26.6,23.3,24.4,26.0,86,1009.6,88,0.4,19.5,22.7,23.7
2020-10-14,26.4,24.3,25.5,26.3,23.7,25.2,1.2,80,1012.5,88,0.1,20.3,23.0,23.9
2020-10-15,29.4,24.8,26.5,28.5,24.2,25.8,0.0,73,1013.8,75,7.1,15.4,23.4,25.8
2020-10-16,31.4,25.1,27.0,30.2,24.6,26.5,0.0,71,1013.6,74,9.1,12.7,24.3,26.2
2020-10-17,28.9,23.8,25.6,27.2,23.1,24.9,0.2,72,1014.9,78,4.8,13.3,22.6,24.0
2020-10-18,28.5,22.2,24.9,28.1,21.5,24.2,0.7,73,1015.7,53,9.3,10.0,22.6,25.0
2020-10-19,27.9,22.3,24.6,27.2,21.6,24.0,0.0,70,1015.9,83,6.1,10.2,21.6,24.3
2020-10-20,29.0,22.1,25.0,28.2,21.3,24.4,0.0,68,1015.0,64,9.5,9.5,22.3,24.5
2020-10-21,28.4,21.7,24.5,27.0,21.1,23.9,0.0,63,1011.8,69,10.7,10.8,21.1,23.4
2020-10-22,28.3,22.8,24.7,27.1,22.3,24.1,0.0,60,1009.4,74,5.6,12.3,20.8,23.5
2020-10-23,24.8,21.9,23.5,24.3,21.3,23.0,0.0,51,1011.4,85,2.2,14.8,17.4,18.7
2020-10-24,26.3,22.3,23.8,25.1,21.7,23.3,0.0,55,1013.9,87,3.5,12.0,18.0,20.4
2020-10-25,28.1,23.0,24.2,27.0,22.2,23.6,0.0,69,1014.8,81,6.0,14.8,20.6,23.5
2020-10-26,28.1,22.8,24.6,27.4,22.1,24.0,0.0,76,1013.5,38,10.1,12.1,22.6,24.9
2020-10-27,28.6,22.9,25.1,28.4,22.4,24.6,0.0,73,1012.9,45,10.2,15.0,22.6,24.7
2020-10-28,26.7,22.6,24.4,26.4,21.8,23.7,4.7,78,1014.9,82,0.0,13.9,21.6,23.2
2020-10-29,26.7,22.6,24.7,26.4,22.3,24.3,0.1,74,1017.3,88,0.9,12.0,21.8,23.6
2020-10-30,27.0,23.2,24.4,26.7,22.6,23.6,0.0,78,1018.3,88,1.9,9.3,22.1,24.9
2020-10-31,26.0,22.0,23.4,25.1,21.0,22.6,0.0,71,1017.7,55,5.3,12.5,20.1,22.2
2020-11-01,27.8,21.9,24.0,27.4,20.9,23.4,0.0,72,1015.9,31,10.1,7.3,22.0,24.4
2020-11-02,29.5,22.6,25.3,28.6,21.9,24.8,0.0,64,1015.2,51,9.7,9.5,22.1,24.4
2020-11-03,26.4,21.5,23.6,25.4,20.7,22.8,0.1,69,1017.0,70,3.1,9.7,20.1,22.2
2020-11-04,26.1,21.2,23.0,25.8,20.4,22.3,0.4,69,1017.5,59,9.6,11.8,20.0,22.1
2020-11-05,25.6,21.2,22.9,24.7,20.3,22.3,0.0,69,1017.7,26,10.2,13.5,19.7,21.2
2020-11-06,28.6,21.3,24.7,28.3,20.3,24.4,0.0,68,1016.0,28,10.1,6.3,22.0,24.5
2020-11-07,30.2,23.6,26.8,30.5,23.3,26.7,0.0,56,1015.5,33,10.2,6.8,22.8,25.4
2020-11-08,27.5,23.9,25.7,26.8,22.9,25.2,0.0,59,1017.2,81,3.1,10.9,20.8,23.6
2020-11-09,26.1,22.1,23.7,25.5,21.8,23.0,0.0,60,1017.9,75,7.2,11.1,18.6,20.6
2020-11-10,24.5,21.6,22.9,24.2,21.1,22.0,0.0,61,1019.3,87,0.0,10.7,17.0,19.2
2020-11-11,25.3,21.2,22.5,24.8,20.2,21.7,0.0,68,1020.8,44,9.6,11.0,19.2,21.3
2020-11-12,25.9,19.9,22.2,25.7,19.1,21.5,0.0,66,1018.9,17,10.1,10.0,18.4,20.5
2020-11-13,25.7,21.0,22.9,25.0,19.7,22.3,0.4,62,1016.8,71,1.5,9.7,18.0,19.9
2020-11-14,25.0,22.5,23.3,24.3,21.6,22.6,0.0,65,1017.5,88,0.5,9.3,19.0,20.1
2020-11-15,24.7,21.7,23.0,25.5,21.0,22.4,0.0,77,1019.2,84,1.5,12.7,20.3,22.8
2020-11-16,27.7,21.9,24.0,27.7,21.2,23.6,0.0,75,1017.9,34,10.1,12.1,22.2,24.3
2020-11-17,26.4,22.7,24.2,26.5,22.1,23.8,0.0,78,1015.4,79,7.1,13.1,22.3,24.2
2020-11-18,28.5,23.4,24.9,28.7,22.7,24.5,1.0,81,1013.1,85,6.1,11.0,23.5,26.6
2020-11-19,28.7,23.4,25.3,29.0,22.5,24.8,0.0,86,1011.9,68,5.1,6.5,24.7,27.3
2020-11-20,29.5,24.2,25.9,30.0,23.4,25.5,0.0,84,1012.6,66,7.1,5.8,25.2,27.7
2020-11-21,25.2,22.7,23.5,24.5,21.9,22.8,2.0,88,1014.8,89,0.7,15.0,21.6,23.4
2020-11-22,28.2,22.6,24.8,28.7,22.0,24.6,1.1,83,1017.2,48,8.0,9.3,24.1,26.1
2020-11-23,24.0,22.4,23.0,23.2,21.5,22.2,0.0,84,1019.6,88,0.0,12.6,20.4,21.6
2020-11-24,25.9,22.2,23.3,26.2,21.5,22.7,0.0,79,1019.4,78,6.0,9.8,21.5,24.1
2020-11-25,26.6,21.7,23.5,27.3,20.7,23.1,0.0,77,1018.9,56,9.8,11.1,21.9,24.1
2020-11-26,28.0,21.9,24.0,28.4,21.1,23.7,0.0,77,1019.3,30,9.7,8.4,22.8,25.0
2020-11-27,25.8,20.8,22.8,25.4,19.8,22.2,0.0,70,1020.6,26,9.7,9.6,20.5,22.7
2020-11-28,22.7,18.4,20.4,22.4,17.2,19.6,0.0,68,1022.1,81,5.2,9.1,17.1,20.1
2020-11-29,23.0,18.0,20.0,22.6,17.0,19.3,0.0,64,1021.8,79,4.6,9.0,16.5,20.0
2020-11-30,22.3,16.4,19.2,22.2,15.9,18.6,0.1,65,1022.5,64,6.9,9.9,16.0,19.4
2020-12-01,22.4,17.0,19.7,22.8,16.1,19.2,0.0,66,1022.3,54,8.6,9.5,16.9,19.5
2020-12-02,22.7,17.4,19.9,22.9,16.5,19.4,0.0,65,1020.5,28,9.5,9.7,16.5,19.4
2020-12-03,20.6,15.4,17.4,19.7,14.4,16.7,0.0,64,1021.0,11,9.6,12.7,14.9,17.1
2020-12-04,18.5,13.8,15.9,18.2,12.6,15.3,0.0,63,1021.4,14,9.6,11.3,13.4,15.7
2020-12-05,19.8,13.9,16.8,20.1,13.1,16.4,0.0,63,1021.5,35,9.0,8.7,14.4,17.5
2020-12-06,21.6,15.4,18.2,21.9,14.2,17.8,0.0,69,1020.4,26,9.6,5.7,16.2,19.1
2020-12-07,23.2,18.1,20.7,24.0,17.5,20.4,0.0,63,1020.4,75,5.7,6.1,17.5,20.3
2020-12-08,21.9,17.8,19.9,21.7,16.9,19.4,0.0,64,1019.7,83,2.9,7.5,16.2,18.6
2020-12-09,21.4,18.4,19.8,21.0,17.7,19.0,0.0,71,1017.7,88,0.3,7.9,16.5,18.0
2020-12-10,23.5,18.7,20.9,23.5,18.1,20.5,0.3,78,1016.8,88,1.9,6.1,18.7,20.5
2020-12-11,23.6,20.3,21.6,24.3,19.6,21.1,0.0,82,1015.9,81,4.0,6.1,20.3,22.4
2020-12-12,22.1,20.2,20.9,22.6,19.6,20.3,0.0,84,1015.3,88,0.7,6.4,19.0,21.3
2020-12-13,22.5,20.2,20.9,22.7,19.5,20.3,0.0,78,1014.7,86,2.3,12.0,18.6,20.9
2020-12-14,22.1,15.5,19.5,21.6,14.3,18.7,0.0,80,1018.1,88,0.8,11.1,17.8,20.1
2020-12-15,16.8,13.4,15.4,15.8,12.2,14.3,0.0,72,1022.2,88,0.4,8.9,12.4,13.8
2020-12-16,16.5,13.3,14.8,15.6,12.3,13.8,0.0,71,1023.5,88,0.0,7.3,11.9,13.5
2020-12-17,16.5,13.6,14.9,16.2,12.6,14.3,0.0,71,1022.1,88,0.0,6.5,12.6,14.0
2020-12-18,19.3,14.7,16.4,19.2,13.9,15.9,0.0,68,1021.6,81,8.0,7.9,14.1,16.3
2020-12-19,17.8,12.5,15.0,17.4,11.5,14.4,0.0,63,1023.4,70,5.1,10.4,12.2,14.1
2020-12-20,18.5,11.9,14.9,18.7,11.2,14.4,0.0,59,1024.1,80,5.6,11.3,11.9,15.6
2020-12-21,19.6,13.0,16.5,20.9,12.1,16.1,0.0,58,1022.1,79,9.4,8.3,13.5,17.2
2020-12-22,19.6,14.7,17.4,20.0,13.8,16.8,0.0,66,1019.6,84,3.4,7.7,14.3,17.3
2020-12-23,19.7,16.9,18.4,19.8,16.8,18.0,1.2,83,1016.9,88,0.1,6.3,16.7,18.5
2020-12-24,22.5,18.3,20.0,23.5,17.8,19.9,0.0,76,1016.3,67,7.4,5.7,18.7,21.4
2020-12-25,20.9,17.4,18.9,21.5,16.8,18.4,0.0,77,1018.7,84,4.9,10.7,17.1,19.4
2020-12-26,21.1,17.0,18.7,21.2,16.1,18.3,0.0,79,1018.1,42,9.4,13.8,17.1,19.1
2020-12-27,24.5,17.6,20.4,25.1,16.6,20.2,0.0,71,1015.8,24,9.4,5.0,18.9,21.9
2020-12-28,23.7,18.7,20.6,23.8,17.8,20.2,0.0,69,1014.8,46,9.3,13.4,18.2,19.7
2020-12-29,24.5,18.7,21.0,25.8,17.9,20.7,0.0,75,1014.8,30,9.4,9.3,19.6,22.5
2020-12-30,21.6,10.6,15.1,21.6,9.4,14.4,0.0,50,1022.8,21,9.5,15.7,10.6,18.4
2020-12-31,14.2,8.1,10.9,13.8,7.0,10.2,0.0,37,1027.0,15,9.6,13.4,6.7,9.9
2021-01-01,15.0,8.6,11.8,15.4,7.5,11.3,0.0,40,1025.5,14,9.6,9.0,8.3,12.0
2021-01-02,17.8,10.4,14.0,18.2,9.4,13.7,0.0,52,1022.9,12,9.6,8.0,10.5,13.7
2021-01-03,20.6,13.4,16.7,22.1,12.6,16.7,0.0,65,1021.9,54,9.2,5.5,14.4,17.5
2021-01-04,20.7,16.9,18.3,20.9,16.2,17.9,0.0,66,1021.0,87,2.9,4.7,14.8,16.8
2021-01-05,21.9,17.3,18.8,23.2,16.5,18.4,0.0,65,1020.1,60,5.3,5.0,15.4,18.3
2021-01-06,19.6,16.0,17.1,20.0,15.2,16.5,0.0,72,1020.0,68,5.9,9.3,14.7,17.4
2021-01-07,18.3,10.6,15.3,17.6,9.5,14.4,0.0,67,1020.8,88,2.0,11.0,12.7,15.4
2021-01-08,10.7,7.7,9.1,9.7,6.7,8.1,0.0,52,1025.0,88,0.0,13.5,5.1,7.0
2021-01-09,13.1,8.0,10.7,13.1,7.1,10.0,0.0,38,1024.5,84,2.7,9.0,5.7,9.3
2021-01-10,15.2,11.0,12.8,15.1,10.2,12.1,0.0,40,1023.5,88,0.9,8.2,7.5,11.7
2021-01-11,12.4,9.2,10.6,11.7,8.4,9.8,0.0,44,1025.8,88,0.0,10.7,5.4,6.8
2021-01-12,15.7,8.6,11.9,16.1,7.6,11.5,0.0,33,1023.6,8,9.7,9.7,7.4,10.7
2021-01-13,17.8,10.4,13.4,17.8,9.1,12.9,0.0,48,1019.8,11,9.7,3.5,9.5,11.9
2021-01-14,19.5,11.8,15.2,20.0,10.0,14.6,0.0,55,1017.8,18,9.7,4.0,12.0,15.0
2021-01-15,20.9,14.6,17.3,22.3,13.5,17.0,0.0,59,1016.1,26,9.7,6.6,14.5,17.3
2021-01-16,20.3,15.8,17.6,20.6,14.9,17.1,0.0,68,1017.4,69,9.2,12.2,15.1,17.6
2021-01-17,19.6,14.1,16.6,19.1,13.1,16.0,0.0,58,1023.5,39,9.0,12.2,13.1,15.1
2021-01-18,17.3,11.7,14.2,17.8,10.5,13.7,0.0,53,1023.3,5,9.6,6.7,10.9,14.0
2021-01-19,17.4,12.6,15.4,17.2,11.8,14.9,0.0,64,1020.3,50,4.6,11.5,11.6,13.5
2021-01-20,21.4,16.1,18.2,21.8,15.6,17.9,0.0,69,1018.1,85,3.4,13.4,15.7,18.7
2021-01-21,22.8,17.6,20.1,23.0,17.2,19.8,0.0,73,1015.6,69,5.0,9.3,18.0,20.1
2021-01-22,24.5,18.2,20.3,25.5,18.1,20.4,0.0,80,1013.4,61,9.8,5.9,19.9,22.4
2021-01-23,24.4,17.7,20.2,24.8,17.2,19.9,0.0,78,1014.0,24,8.5,5.0,19.0,21.3
2021-01-24,20.0,17.3,18.4,20.3,16.5,17.8,0.0,83,1017.1,73,4.6,12.7,16.6,18.6
2021-01-25,22.9,16.9,19.2,23.2,16.1,18.8,0.0,74,1017.6,28,9.9,10.2,17.6,19.8
2021-01-26,23.5,17.4,19.6,23.7,16.8,19.2,0.0,78,1016.9,9,9.4,6.1,18.3,21.0
2021-01-27,21.9,17.6,18.9,21.6,16.7,18.3,0.0,77,1017.8,46,8.3,10.9,17.0,19.0
2021-01-28,22.8,16.5,19.1,23.2,15.5,18.7,0.0,70,1020.7,27,8.8,8.9,17.4,20.3
2021-01-29,19.7,14.3,16.6,19.0,13.5,15.8,0.0,60,1022.6,11,10.1,12.0,13.0,15.2
2021-01-30,19.5,14.8,16.7,19.0,13.7,15.9,0.0,68,1022.5,27,10.0,13.3,14.1,16.0
2021-01-31,21.6,16.0,18.4,21.9,15.2,17.9,0.0,67,1021.6,31,10.2,11.6,15.8,18.2
2021-02-01,25.1,17.2,20.3,25.2,16.4,20.0,0.0,76,1019.4,19,10.1,6.8,19.7,22.3
2021-02-02,27.6,17.7,20.9,26.4,17.0,20.2,0.0,76,1019.7,21,10.2,7.6,20.1,22.8
2021-02-03,21.7,16.7,18.4,21.5,15.8,17.8,0.0,69,1022.0,25,10.2,16.5,15.4,17.0
2021-02-04,23.8,16.8,19.4,23.6,15.9,18.9,0.0,68,1021.7,11,10.2,11.4,16.6,19.0
2021-02-05,23.9,17.3,19.9,23.4,16.5,19.3,0.0,72,1019.8,30,10.2,10.3,17.9,20.0
2021-02-06,25.7,17.5,20.7,25.1,16.3,20.1,0.0,73,1017.4,3,10.2,2.1,19.3,21.6
2021-02-07,24.1,18.1,20.3,23.5,16.9,19.7,0.0,74,1017.6,13,10.4,8.4,18.3,20.5
2021-02-08,22.7,18.2,19.9,22.0,17.4,19.3,0.0,79,1018.9,75,2.1,15.8,18.1,20.4
2021-02-09,19.7,17.3,18.5,18.9,16.4,17.7,0.0,76,1017.5,88,0.3,19.5,15.8,17.0
2021-02-10,17.4,15.8,16.5,16.8,15.4,16.1,32.2,89,1013.5,90,0.0,11.5,15.1,15.8
2021-02-11,19.9,15.3,17.4,19.6,14.7,17.0,0.0,78,1014.7,78,0.4,7.3,15.6,17.7
2021-02-12,22.3,15.5,18.4,22.3,14.5,18.0,0.0,69,1016.3,28,9.8,4.8,16.6,19.6
2021-02-13,23.8,16.5,19.2,23.3,15.6,18.5,0.0,76,1017.3,62,7.5,6.5,17.5,20.2
2021-02-14,22.8,17.4,19.9,23.4,16.1,19.5,0.0,75,1016.1,28,10.4,5.9,18.4,20.5
2021-02-15,26.2,17.8,21.1,26.3,16.7,20.4,0.0,70,1015.0,8,10.6,6.4,18.4,21.0
2021-02-16,24.2,18.2,20.3,22.5,17.3,19.6,0.0,71,1016.1,20,10.6,8.8,17.6,19.8
2021-02-17,24.6,18.3,20.4,23.4,17.4,19.6,0.0,70,1019.6,23,9.4,8.6,17.4,19.8
2021-02-18,22.9,16.7,18.5,21.5,15.6,17.6,0.0,65,1024.5,18,10.4,9.9,15.0,18.1
2021-02-19,22.9,15.8,18.5,21.7,14.5,17.6,0.0,66,1023.4,7,10.4,7.1,15.7,17.9
2021-02-20,23.9,16.7,19.6,23.6,15.3,18.6,0.0,73,1019.9,40,10.4,5.4,17.9,20.5
2021-02-21,24.9,17.3,20.4,23.9,16.0,19.5,0.0,74,1017.5,20,10.7,4.5,18.5,20.4
2021-02-22,26.0,18.4,21.4,25.3,17.2,20.7,0.0,78,1015.8,8,10.6,2.9,20.2,22.2
2021-02-23,26.4,18.8,21.7,26.2,17.8,21.1,0.0,74,1015.0,9,10.6,7.6,19.5,21.4
2021-02-24,22.9,18.9,20.3,22.2,18.3,19.7,0.0,79,1014.3,88,2.9,15.1,18.1,21.0
2021-02-25,22.7,18.8,20.2,22.3,17.9,19.6,1.8,85,1011.2,74,1.4,11.0,18.6,20.7
2021-02-26,25.1,20.4,22.3,25.2,19.5,21.9,14.7,86,1009.8,84,2.6,5.8,21.6,23.5
2021-02-27,20.8,18.1,18.8,20.5,17.5,18.3,13.4,89,1014.0,88,0.0,9.8,16.9,20.0
2021-02-28,22.8,18.1,19.9,22.2,17.7,19.4,0.0,83,1015.7,86,2.5,12.5,18.3,20.8
2021-03-01,25.0,20.0,21.9,24.7,19.4,21.5,0.0,81,1016.2,78,5.1,7.5,20.5,22.5
2021-03-02,25.6,19.1,21.4,24.8,18.0,20.7,0.0,75,1018.4,59,8.7,10.0,18.5,21.0
2021-03-03,19.1,17.8,18.4,18.4,17.0,17.6,0.3,81,1020.1,88,0.3,15.1,15.8,16.7
2021-03-04,19.4,18.3,18.9,18.7,17.5,18.2,1.0,87,1018.0,93,0.0,12.0,17.2,18.0
2021-03-05,21.1,19.2,20.1,21.4,18.6,19.6,0.0,91,1015.9,88,0.1,13.5,19.3,21.1
2021-03-06,21.7,19.6,20.5,21.5,19.0,20.2,1.5,93,1016.3,93,0.1,11.9,20.0,21.2
2021-03-07,20.5,19.1,19.9,20.0,18.5,19.4,0.2,90,1018.8,88,0.0,9.6,18.6,19.4
2021-03-08,22.6,18.3,19.7,21.3,17.5,18.8,0.3,83,1020.1,83,3.6,11.7,18.1,19.8
2021-03-09,22.9,18.6,20.1,22.0,17.7,19.4,0.0,79,1019.9,55,4.0,10.5,18.3,20.2
2021-03-10,21.7,19.2,19.8,21.3,18.5,19.2,0.0,79,1020.0,87,1.2,16.8,17.6,19.5
2021-03-11,24.2,18.8,21.0,23.2,18.0,20.3,0.0,79,1019.8,64,7.1,13.5,19.5,21.3
2021-03-12,27.7,20.2,23.2,27.4,19.3,22.7,0.0,77,1018.4,32,10.3,4.6,22.1,24.4
2021-03-13,24.7,20.5,22.0,23.4,19.8,21.1,0.0,76,1018.6,57,6.3,14.2,19.4,20.9
2021-03-14,23.6,20.1,21.3,22.5,19.4,20.5,0.0,80,1016.6,76,3.9,10.2,19.1,20.8
2021-03-15,26.3,19.9,22.4,25.4,19.1,21.7,0.0,76,1014.8,46,9.9,11.5,20.3,22.2
2021-03-16,28.8,21.1,24.0,27.4,20.3,23.2,0.0,78,1013.3,22,10.2,5.9,22.5,24.3
2021-03-17,28.8,21.8,24.7,28.3,20.9,24.1,0.0,80,1012.9,42,10.7,7.3,23.6,25.6
2021-03-18,26.2,22.2,23.4,24.7,21.3,22.5,0.2,87,1013.2,81,3.6,10.7,21.8,23.7
2021-03-19,27.7,22.8,24.2,27.0,22.1,23.5,0.0,82,1012.3,55,9.0,10.0,23.1,24.7
2021-03-20,29.7,22.3,25.0,28.2,21.7,24.3,0.0,81,1010.7,32,10.6,4.5,23.8,25.7
2021-03-21,24.2,17.2,21.2,23.6,16.2,20.4,0.0,73,1015.8,80,0.0,9.4,18.3,22.0
2021-03-22,20.9,15.8,17.8,19.7,14.9,16.9,0.0,61,1022.8,87,1.9,11.5,14.0,16.1
2021-03-23,20.0,17.9,18.9,19.3,17.0,18.1,0.0,61,1020.6,88,0.1,8.1,14.6,15.9
2021-03-24,23.5,18.4,20.7,23.2,17.6,20.3,0.0,68,1016.5,86,3.8,5.6,18.1,20.6
2021-03-25,25.2,20.7,22.1,24.0,20.0,21.4,0.0,70,1016.5,45,9.0,12.8,19.1,20.3
2021-03-26,25.2,19.5,21.6,24.1,18.7,20.7,0.0,75,1015.4,65,6.9,14.0,19.2,21.4
2021-03-27,28.6,21.8,24.1,27.7,21.1,23.5,0.0,80,1012.0,62,7.0,7.0,22.9,25.1
2021-03-28,28.1,22.6,24.8,28.1,22.1,24.5,0.0,80,1009.6,46,8.0,5.9,24.0,25.8
2021-03-29,28.5,23.6,25.6,28.7,23.2,25.4,0.0,82,1007.3,81,5.8,8.5,24.7,26.5
2021-03-30,29.0,25.3,26.6,29.3,24.9,26.3,0.0,78,1006.2,81,3.8,8.2,24.8,26.7
2021-03-31,29.0,25.3,26.5,29.0,24.7,26.1,0.0,79,1006.6,86,2.4,8.0,24.5,26.4
2021-04-01,29.4,25.2,26.7,29.0,24.6,26.3,0.0,79,1007.6,80,3.7,7.1,25.1,26.9
2021-04-02,30.5,25.0,26.9,29.5,24.2,26.4,0.0,79,1009.9,55,8.0,6.0,25.9,27.7
2021-04-03,30.6,24.4,26.9,30.2,24.0,26.5,0.0,74,1011.3,47,8.1,7.1,25.2,27.2
2021-04-04,26.8,22.6,24.7,26.4,21.8,23.9,0.8,86,1013.7,88,0.1,7.8,23.0,25.1
2021-04-05,23.2,21.6,22.4,22.7,20.9,21.6,0.7,84,1017.5,88,0.4,10.9,20.2,21.4
2021-04-06,27.9,22.1,23.9,26.5,21.2,23.0,0.0,77,1017.3,78,6.8,10.5,22.3,24.3
2021-04-07,26.0,21.8,23.1,25.0,21.1,22.2,0.0,76,1016.0,81,4.8,13.0,20.5,22.9
2021-04-08,25.5,22.2,23.2,24.6,21.4,22.5,0.0,74,1014.2,87,1.4,11.9,20.7,22.6
2021-04-09,22.4,19.7,21.0,21.6,18.9,20.1,7.5,82,1016.8,88,0.1,11.8,18.6,19.9
2021-04-10,25.9,20.2,22.4,24.4,19.3,21.4,0.0,65,1018.8,52,10.3,14.7,18.6,19.9
2021-04-11,27.0,20.9,23.1,25.6,20.1,22.1,0.0,73,1018.7,55,7.4,12.8,20.6,22.7
2021-04-12,28.7,22.2,24.6,28.1,21.2,23.9,0.0,80,1016.1,55,5.9,8.4,23.5,26.0
2021-04-13,31.2,23.0,25.9,29.3,22.2,25.3,0.0,77,1013.6,27,10.9,4.9,24.8,26.4
2021-04-14,27.0,23.3,24.6,25.8,22.5,23.7,0.0,84,1013.2,70,2.8,10.9,23.2,24.9
2021-04-15,23.4,21.5,22.2,22.6,20.7,21.4,8.3,91,1013.0,95,0.0,13.3,20.6,21.4
2021-04-16,25.1,21.5,22.8,24.5,21.0,22.2,1.5,88,1013.7,89,0.9,11.3,21.4,23.5
2021-04-17,23.1,22.3,22.8,22.7,21.7,22.2,2.5,88,1015.8,88,0.0,7.7,21.4,21.8
2021-04-18,25.6,22.3,23.2,25.3,21.6,22.6,0.0,67,1015.2,89,3.3,15.8,19.5,21.4
2021-04-19,24.9,21.2,22.5,23.9,20.4,21.8,0.0,67,1013.2,88,1.8,19.2,18.6,20.8
2021-04-20,27.1,21.4,23.4,25.8,20.6,22.5,0.0,73,1013.0,83,4.9,14.5,20.7,23.3
2021-04-21,28.7,22.1,24.5,27.2,21.2,23.7,0.0,74,1012.5,33,10.8,11.3,22.4,23.9
2021-04-22,29.4,22.5,25.2,28.7,21.5,24.5,0.0,74,1010.0,23,10.3,9.9,23.8,25.5
2021-04-23,32.6,23.9,27.3,30.8,22.9,26.4,0.0,75,1007.9,22,11.0,7.1,26.1,27.9
2021-04-24,26.6,24.5,25.4,26.2,23.6,24.5,0.0,82,1010.9,79,2.1,11.5,23.3,24.5
2021-04-25,26.5,22.4,24.7,26.2,21.6,24.0,0.9,85,1012.2,84,0.8,11.9,23.6,24.7
2021-04-26,25.3,21.8,23.4,24.5,21.0,22.6,0.3,80,1013.7,88,0.5,16.4,20.9,22.5
2021-04-27,23.7,22.7,23.2,23.1,22.1,22.5,5.7,90,1014.5,88,0.0,11.3,21.8,22.6
2021-04-28,26.9,23.0,24.4,26.5,22.5,24.0,4.2,88,1014.6,88,0.5,7.6,23.7,25.2
2021-04-29,28.2,21.7,24.1,27.7,21.3,23.7,0.1,74,1013.3,84,4.7,7.3,21.7,24.6
2021-04-30,30.8,22.5,25.6,29.7,21.3,24.9,0.0,77,1012.5,73,9.1,5.0,24.1,26.4
2021-05-01,30.0,23.8,26.3,29.6,23.2,25.8,0.0,76,1012.2,83,5.7,6.5,24.6,26.5
2021-05-02,30.8,24.5,26.5,30.3,23.7,25.9,1.2,82,1013.0,82,3.5,7.8,25.7,28.1
2021-05-03,25.4,23.5,24.3,24.3,22.9,23.5,8.8,89,1012.5,95,0.1,13.0,22.9,24.0
2021-05-04,31.3,23.1,26.6,31.0,22.6,26.2,12.5,84,1011.1,82,6.7,8.0,26.4,28.5
2021-05-05,31.7,23.3,26.6,31.4,22.9,26.3,0.5,79,1012.9,74,9.0,7.1,26.0,28.2
2021-05-06,28.6,23.4,25.2,27.7,22.6,24.1,0.0,79,1015.4,75,6.7,13.4,23.1,25.0
2021-05-07,30.5,24.0,26.6,29.3,22.9,26.0,0.0,77,1013.2,81,10.1,6.2,25.4,27.1
2021-05-08,30.9,25.4,27.7,31.5,24.6,27.4,0.0,79,1009.8,52,10.1,8.7,27.0,28.7
2021-05-09,31.7,26.8,28.3,31.7,26.0,27.9,0.0,79,1009.0,64,8.2,8.9,27.5,29.6
2021-05-10,31.8,26.4,28.4,31.3,25.6,28.2,0.0,76,1008.8,66,8.5,8.5,27.0,28.7
2021-05-11,31.4,27.7,29.2,32.1,27.2,28.9,0.0,77,1008.4,74,5.2,8.7,27.4,29.4
2021-05-12,32.1,28.2,29.6,32.2,27.7,29.3,0.0,78,1008.3,80,4.1,8.8,27.8,29.5
2021-05-13,32.0,28.0,29.5,32.3,27.5,29.1,3.9,79,1008.5,85,5.0,8.8,27.9,29.5
2021-05-14,34.0,28.1,30.0,33.4,27.4,29.5,0.0,77,1009.0,70,5.9,8.5,28.1,30.0
2021-05-15,33.8,27.9,29.9,32.8,27.2,29.6,0.0,74,1009.0,44,10.8,9.5,28.5,29.9
2021-05-16,33.5,28.2,30.2,33.4,27.7,30.0,0.0,74,1009.1,58,9.6,9.2,28.4,29.8
2021-05-17,33.3,28.8,30.4,33.9,28.2,30.1,0.0,75,1009.8,74,6.5,8.5,28.5,30.2
2021-05-18,32.5,28.3,30.2,32.9,28.4,30.0,1.3,76,1009.2,78,5.5,9.2,28.2,29.9
2021-05-19,33.5,28.8,30.3,32.8,28.3,30.0,0.0,75,1007.9,76,6.3,9.8,28.1,29.5
2021-05-20,33.3,29.2,30.5,33.4,28.6,30.2,0.0,75,1008.1,86,5.6,9.8,28.4,30.6
2021-05-21,34.0,29.5,30.7,33.9,28.7,30.4,0.0,75,1007.8,80,7.8,10.2,28.7,30.7
2021-05-22,34.3,27.8,30.5,33.4,27.3,29.9,2.6,77,1007.0,71,7.5,8.6,28.3,29.6
2021-05-23,36.1,28.9,31.4,34.9,28.1,30.8,0.0,74,1007.8,72,11.4,8.3,29.2,30.4
2021-05-24,31.5,27.6,29.8,31.9,27.5,29.4,15.7,81,1009.6,83,5.7,6.6,28.1,30.4
2021-05-25,30.1,27.5,28.8,31.6,26.7,28.5,4.8,83,1010.2,85,3.8,6.6,27.2,29.6
2021-05-26,33.5,27.8,30.1,32.9,27.4,29.6,4.0,77,1009.4,67,8.7,6.8,28.3,29.6
2021-05-27,33.2,28.2,30.3,33.9,27.6,30.1,1.0,76,1009.6,71,10.6,9.4,29.1,30.6
2021-05-28,33.6,28.5,30.6,33.8,27.8,30.3,0.0,77,1009.6,71,11.1,9.3,29.5,30.8
2021-05-29,32.8,28.8,30.2,33.2,28.2,30.0,0.0,79,1007.1,84,7.8,10.0,28.9,30.4
2021-05-30,32.3,29.2,30.3,32.9,28.7,30.2,0.0,81,1005.1,84,4.9,8.9,29.2,30.5
2021-05-31,32.4,26.7,29.6,32.3,25.9,29.0,8.7,84,1004.3,88,1.6,8.8,28.5,30.6
2021-06-01,29.3,24.1,26.5,29.3,23.7,25.9,45.8,91,1006.6,92,0.4,8.6,26.1,28.1
2021-06-02,31.3,25.0,28.3,31.5,24.5,28.0,2.4,85,1006.9,85,1.3,7.1,27.2,29.8
2021-06-03,34.0,27.9,30.3,33.1,27.4,29.8,0.0,77,1006.3,63,9.3,7.5,28.8,30.2
2021-06-04,29.8,26.7,28.4,29.7,26.3,28.2,7.5,84,1004.7,87,0.9,8.0,27.4,28.8
2021-06-05,29.2,25.6,27.3,29.6,25.3,27.1,0.0,73,1004.3,80,3.1,7.3,24.9,27.1
2021-06-06,31.4,26.4,28.2,30.5,25.7,27.6,0.0,74,1004.6,64,5.9,7.7,25.8,27.5
2021-06-07,32.2,26.6,28.7,31.1,25.4,27.6,0.0,78,1007.3,68,6.2,12.3,26.4,28.4
2021-06-08,33.5,26.5,29.3,32.2,26.1,28.6,0.9,79,1008.0,84,10.1,11.0,27.5,29.1
2021-06-09,29.9,26.4,27.9,29.7,25.7,27.4,48.6,87,1007.2,88,3.9,10.2,26.6,28.4
2021-06-10,32.8,25.5,28.8,31.1,24.8,28.0,29.4,83,1005.6,82,6.8,12.4,27.2,28.4
2021-06-11,32.9,26.7,29.1,31.8,26.1,28.5,31.2,82,1005.4,85,7.0,16.1,27.6,29.1
2021-06-12,29.5,26.2,27.7,28.8,25.8,27.1,30.3,89,1007.5,88,0.8,14.5,26.4,28.0
2021-06-13,32.0,26.0,28.9,30.9,25.3,28.2,2.8,85,1008.5,88,2.1,10.4,27.7,29.1
2021-06-14,31.1,27.8,29.3,31.1,27.3,28.9,0.3,81,1006.1,88,3.6,8.6,27.8,29.1
2021-06-15,31.8,27.2,29.6,32.0,27.0,29.1,6.2,79,1004.4,87,7.2,8.3,28.1,29.7
2021-06-16,33.3,29.1,30.6,33.2,28.3,30.1,0.0,76,1006.3,82,6.2,11.1,28.5,30.4
2021-06-17,32.8,27.7,30.4,33.4,27.0,30.2,9.6,77,1007.7,63,8.6,9.2,29.0,30.3
2021-06-18,32.8,29.0,30.6,32.5,28.5,30.2,3.9,77,1006.9,66,9.5,10.1,29.2,30.5
2021-06-19,33.0,29.5,30.6,32.7,28.8,30.4,0.0,77,1004.8,81,8.2,9.6,29.4,31.0
2021-06-20,32.8,29.4,30.7,33.0,28.7,30.4,0.0,78,1003.0,84,8.3,9.5,29.5,30.9
2021-06-21,32.4,29.4,30.4,32.5,28.7,30.0,1.2,80,1003.1,86,4.6,9.3,29.0,30.8
2021-06-22,30.2,24.7,27.0,29.5,24.1,26.5,75.3,87,1005.1,88,0.3,7.5,25.4,27.9
2021-06-23,29.0,25.1,26.4,29.4,24.7,26.1,66.4,88,1005.9,89,0.2,5.9,25.5,28.0
2021-06-24,26.7,25.1,26.0,26.5,25.0,25.6,20.8,91,1006.0,90,0.2,7.7,25.1,26.1
2021-06-25,29.0,26.0,27.1,29.1,25.4,26.8,6.8,87,1006.3,87,0.9,4.9,26.2,28.2
2021-06-26,29.9,25.9,27.9,29.7,25.3,27.4,61.3,90,1007.2,89,0.8,6.3,26.6,28.9
2021-06-27,30.0,28.4,29.4,29.6,27.8,28.7,5.8,84,1006.4,88,1.4,8.0,28.0,29.2
2021-06-28,29.6,24.0,27.7,29.3,23.6,27.2,166.5,89,1005.2,92,0.1,8.0,25.6,28.7
2021-06-29,30.7,28.8,29.6,30.5,28.2,29.1,4.6,82,1005.2,86,0.8,11.4,27.7,28.9
2021-06-30,32.6,29.0,30.1,31.7,28.4,29.6,0.4,79,1006.1,88,3.5,11.8,28.1,29.4
2021-07-01,32.4,29.2,30.3,32.3,28.2,29.8,0.0,78,1006.3,88,7.5,12.0,28.4,30.2
2021-07-02,32.8,29.3,30.6,32.5,28.7,30.1,0.0,77,1006.7,87,8.0,10.8,28.8,30.5
2021-07-03,33.0,29.1,30.4,32.8,28.5,29.9,0.0,79,1006.4,85,5.4,8.2,28.7,30.3
2021-07-04,33.2,28.9,30.4,32.5,28.0,29.7,0.0,79,1007.2,81,7.5,8.5,29.0,30.6
2021-07-05,33.8,28.0,30.2,32.1,27.0,29.3,2.3,79,1007.4,68,6.5,12.1,28.3,29.9
2021-07-06,32.7,26.7,29.4,32.0,25.9,29.0,18.4,80,1006.4,74,6.1,12.3,27.9,29.9
2021-07-07,33.1,26.6,29.4,31.5,25.9,28.7,11.7,81,1009.1,73,5.8,12.3,27.9,29.3
2021-07-08,32.8,28.4,29.8,31.7,27.8,29.1,1.5,79,1011.4,49,7.0,10.5,28.2,29.9
2021-07-09,34.8,28.2,30.5,33.0,27.2,29.7,0.0,76,1010.3,28,9.7,6.8,28.6,30.4
2021-07-10,34.0,28.2,30.5,32.6,27.2,29.7,0.0,76,1010.4,60,11.7,9.9,28.8,30.1
2021-07-11,33.6,28.8,30.6,33.0,28.0,29.8,0.0,77,1011.1,84,9.8,11.0,28.7,30.2
2021-07-12,34.8,28.7,30.9,33.8,28.0,30.3,0.1,75,1010.2,73,10.2,8.2,28.9,30.5
2021-07-13,35.3,28.8,31.1,33.6,28.0,30.2,0.0,72,1008.5,55,11.7,8.0,28.8,30.4
2021-07-14,34.1,29.1,30.7,32.7,28.3,30.0,1.5,75,1008.3,47,8.0,6.4,28.6,30.6
2021-07-15,35.4,28.9,31.3,33.5,28.0,30.5,0.0,71,1008.9,41,12.0,7.8,28.8,29.7
2021-07-16,30.9,28.7,29.6,30.5,27.7,28.9,0.0,78,1008.5,81,0.5,6.5,27.2,28.3
2021-07-17,31.2,26.9,28.8,30.8,27.1,28.2,0.2,80,1005.8,88,5.6,9.2,26.8,28.8
2021-07-18,28.8,24.9,26.9,,,,42.4,90,1003.3,88,0.4,,25.4,28.6
2021-07-19,27.9,25.0,26.5,27.7,25.1,26.2,117.2,93,1002.3,93,0.3,17.6,25.5,27.2
2021-07-20,27.1,25.3,26.2,26.6,24.5,25.6,87.8,94,1002.6,95,0.0,11.7,25.0,25.7
2021-07-21,27.8,25.3,26.8,27.5,24.7,26.4,28.4,94,1003.0,88,0.2,12.3,25.9,27.0
2021-07-22,32.8,26.9,29.3,32.0,26.5,29.0,0.0,80,1001.0,66,11.7,8.6,28.3,29.6
2021-07-23,34.1,27.4,30.3,34.0,26.8,30.1,0.0,77,998.3,40,10.7,8.4,29.1,31.2
2021-07-24,33.2,26.5,29.8,32.9,25.9,29.4,26.5,82,998.0,70,6.3,6.8,28.4,31.2
2021-07-25,33.6,25.9,29.6,32.8,25.6,29.2,8.9,81,999.4,55,9.6,8.2,29.0,30.8
2021-07-26,33.9,28.7,30.7,33.4,28.1,30.2,0.0,78,998.1,53,9.9,8.5,29.3,31.4
2021-07-27,35.3,29.5,31.3,34.8,27.9,30.9,0.0,75,996.8,67,8.5,9.0,29.8,31.8
2021-07-28,34.1,29.1,30.8,33.5,28.5,30.4,0.0,79,997.5,76,6.4,9.0,29.9,32.0
2021-07-29,32.3,28.3,29.5,31.8,27.8,29.0,7.8,82,1000.1,84,1.8,6.5,27.8,29.7
2021-07-30,30.5,26.5,28.8,30.1,26.0,28.3,7.9,83,1001.4,85,0.6,6.9,27.1,28.8
2021-07-31,32.2,27.0,29.7,31.9,26.8,29.2,16.9,84,1000.3,88,4.1,8.7,28.6,31.1
2021-08-01,32.5,27.1,29.4,32.6,26.8,29.1,11.6,83,998.5,83,5.3,8.3,28.6,31.3
2021-08-02,33.9,28.5,30.0,32.5,28.1,29.6,0.0,80,998.3,84,5.8,7.3,28.7,30.5
2021-08-03,29.7,27.1,28.2,29.2,26.5,27.6,19.7,88,997.2,82,0.9,10.4,26.8,28.4
2021-08-04,31.3,25.9,28.2,31.5,25.6,28.2,41.9,85,995.6,84,1.5,9.0,27.2,28.8
2021-08-05,28.6,26.2,27.6,28.5,25.6,27.1,28.1,90,996.0,88,0.1,9.9,26.6,27.7
2021-08-06,29.7,26.4,28.3,29.5,26.1,27.9,31.0,89,998.0,89,0.3,8.5,27.7,29.0
2021-08-07,30.9,27.6,28.8,31.1,27.1,28.4,0.0,85,1001.3,86,3.2,8.0,28.0,29.6
2021-08-08,31.5,27.8,29.3,31.5,27.3,28.9,3.1,85,1004.3,86,1.6,8.3,28.3,31.0
2021-08-09,31.3,27.2,29.1,30.9,26.5,28.6,36.3,85,1005.4,88,1.7,6.9,28.2,29.5
2021-08-10,30.4,27.5,29.0,30.0,26.9,28.5,17.3,87,1005.9,88,0.8,6.1,27.7,30.4
2021-08-11,32.1,27.1,29.5,32.1,26.6,29.0,3.0,84,1008.3,87,5.6,7.0,28.5,30.4
2021-08-12,33.0,26.8,29.0,32.0,26.2,28.4,1.0,82,1008.9,78,6.5,5.6,28.1,30.2
2021-08-13,30.7,26.6,28.6,29.9,26.4,28.1,5.4,83,1006.2,80,6.4,6.8,27.1,28.7
2021-08-14,29.2,26.6,28.0,28.4,26.1,27.4,2.2,85,1006.4,87,0.9,7.8,26.2,27.5
2021-08-15,30.0,25.7,27.3,29.5,25.2,26.7,5.7,87,1010.2,83,1.2,5.5,26.4,28.7
2021-08-16,31.0,26.2,28.3,30.8,25.5,27.7,3.9,83,1012.5,56,6.0,7.0,27.3,29.5
2021-08-17,32.5,27.4,29.5,32.0,26.8,29.0,0.0,78,1010.5,42,11.1,8.3,28.6,29.6
2021-08-18,32.3,28.1,29.5,32.1,27.3,28.9,0.0,77,1008.2,80,7.0,8.8,28.0,30.0
2021-08-19,31.0,26.2,28.6,31.2,26.0,28.3,34.6,84,1008.6,72,5.6,5.9,27.7,30.1
2021-08-20,32.5,27.3,29.5,32.0,26.7,29.0,0.0,77,1009.5,47,11.1,7.5,28.6,29.8
2021-08-21,32.5,28.0,29.8,32.4,27.3,29.4,0.0,76,1008.6,68,11.2,8.7,28.5,30.0
2021-08-22,33.1,28.3,30.1,32.2,27.5,29.5,0.0,74,1007.4,63,10.8,9.6,28.4,29.7
2021-08-23,33.2,28.4,30.2,32.6,27.5,29.5,0.0,75,1007.2,61,9.9,9.3,28.5,29.7
2021-08-24,32.1,26.6,29.6,31.7,26.3,29.0,23.7,79,1007.7,78,7.2,6.9,27.9,29.4
2021-08-25,34.4,28.2,29.7,33.1,27.2,29.1,1.1,79,1009.0,84,7.7,7.0,28.3,30.6
2021-08-26,32.7,27.1,29.7,31.9,26.5,29.2,2.2,80,1011.0,71,8.5,9.3,28.3,30.0
2021-08-27,29.2,23.4,25.6,28.5,22.4,24.8,29.3,89,1012.0,82,0.5,9.5,23.0,26.5
2021-08-28,29.8,24.9,26.9,30.0,24.5,26.7,22.0,81,1011.6,77,7.3,6.2,25.9,27.8
2021-08-29,29.9,25.3,27.8,29.5,24.4,27.4,13.9,83,1011.2,86,4.0,10.0,25.9,28.5
2021-08-30,32.9,27.4,29.1,32.1,26.8,28.5,0.0,81,1011.4,75,8.9,9.0,27.5,29.5
2021-08-31,29.1,25.2,27.3,29.0,24.6,27.0,13.5,88,1011.1,87,1.4,6.7,25.6,27.7
2021-09-01,32.1,26.7,28.7,31.5,26.2,28.2,5.9,85,1009.9,84,6.2,11.2,27.8,29.8
2021-09-02,33.0,27.7,29.5,32.1,27.1,29.0,0.0,80,1009.0,74,10.1,10.1,28.5,29.9
2021-09-03,33.6,27.8,29.8,32.0,27.1,28.9,0.0,79,1007.4,66,6.2,6.8,27.9,29.8
2021-09-04,33.6,27.9,29.8,31.5,27.1,28.6,0.9,79,1008.3,49,5.1,7.2,27.5,29.1
2021-09-05,33.2,28.3,29.8,32.5,27.3,29.2,0.0,79,1010.0,61,8.2,7.8,28.3,30.1
2021-09-06,32.5,28.0,29.7,31.3,27.1,28.9,0.0,77,1010.5,73,6.8,7.8,27.5,28.9
2021-09-07,33.4,28.1,30.1,31.8,26.9,29.2,0.2,78,1010.4,72,9.3,11.9,28.1,29.3
2021-09-08,34.3,28.2,30.6,33.2,27.4,29.7,0.0,74,1009.4,66,11.0,8.4,28.4,30.0
2021-09-09,33.5,27.8,30.1,32.4,27.5,29.6,0.0,73,1009.3,66,8.0,7.3,27.8,29.5
2021-09-10,33.7,28.6,30.5,32.2,27.8,29.6,0.0,71,1008.3,79,10.5,11.0,27.8,29.4
2021-09-11,33.4,28.4,30.5,33.4,27.9,30.1,0.0,75,1004.5,77,8.5,8.6,28.5,29.8
2021-09-12,34.5,29.0,31.2,34.1,28.4,30.8,0.0,76,1002.0,78,9.6,9.5,29.4,31.1
2021-09-13,33.6,29.5,30.9,32.9,28.9,30.3,0.0,77,1006.7,80,6.5,8.8,29.3,31.1
2021-09-14,30.2,26.7,29.0,30.0,26.9,28.5,33.8,83,1011.5,81,1.5,6.5,27.3,28.7
2021-09-15,33.0,27.9,30.2,33.0,27.9,31.0,0.0,75,1011.2,71,10.0,10.3,28.3,29.9
2021-09-16,31.9,26.8,29.2,32.0,26.0,28.7,0.0,77,1009.4,86,3.2,8.4,27.2,29.9
2021-09-17,34.1,27.5,29.5,33.5,27.1,29.2,7.6,77,1009.2,81,7.8,6.8,27.9,30.1
2021-09-18,33.2,28.3,30.2,31.9,27.6,29.5,0.2,79,1011.1,69,9.1,11.1,28.3,29.4
2021-09-19,32.1,27.4,29.3,32.3,27.1,29.0,21.2,86,1011.3,83,5.8,11.0,28.3,30.5
2021-09-20,32.3,27.9,29.3,32.3,27.2,28.9,9.4,84,1010.4,80,7.3,6.0,28.3,30.4
2021-09-21,31.7,26.7,29.0,30.6,26.6,28.6,10.2,82,1009.5,74,5.6,4.3,27.5,29.3
2021-09-22,34.0,27.9,30.3,32.8,27.2,29.7,0.5,77,1010.5,66,10.3,8.6,28.6,30.2
2021-09-23,30.2,26.0,28.0,30.1,25.1,27.3,38.4,87,1013.0,87,1.2,10.8,26.7,28.9
2021-09-24,32.0,27.8,29.4,30.9,26.6,28.8,1.2,81,1013.6,76,6.8,14.2,27.7,29.5
2021-09-25,32.3,27.9,29.6,31.2,27.0,28.8,0.1,76,1012.8,64,8.5,13.0,27.0,28.3
2021-09-26,31.6,27.8,29.1,30.7,26.9,28.3,0.0,72,1012.3,86,5.3,11.1,26.0,28.1
2021-09-27,32.8,28.1,29.5,31.5,27.2,28.6,0.0,75,1010.8,60,7.0,8.2,27.2,29.2
2021-09-28,32.2,27.9,29.6,31.9,27.0,29.0,0.0,75,1009.6,66,6.0,6.0,27.4,29.5
2021-09-29,32.7,27.9,29.7,32.3,27.2,29.3,0.0,77,1008.3,44,8.8,8.0,28.1,29.9
2021-09-30,32.9,28.4,30.3,33.2,27.9,29.9,0.0,78,1008.1,38,8.3,8.7,28.9,30.4
2021-10-01,33.1,28.8,30.3,32.5,28.3,29.4,0.0,79,1009.1,65,6.9,7.2,28.5,30.4
2021-10-02,32.9,28.3,30.0,32.1,27.8,29.2,0.0,74,1011.0,68,8.2,8.4,27.5,29.3
2021-10-03,29.9,27.0,28.8,29.0,26.3,28.0,1.9,79,1012.4,82,2.9,11.3,26.3,28.1
2021-10-04,32.7,28.1,29.8,31.4,27.3,28.9,0.0,71,1012.5,51,8.5,12.1,26.4,28.1
2021-10-05,32.8,28.7,30.1,31.3,27.5,29.1,0.0,69,1011.4,45,10.5,15.5,26.6,28.1
2021-10-06,31.7,27.6,29.5,31.3,26.6,28.7,0.0,69,1008.5,63,6.9,15.2,25.8,27.4
2021-10-07,30.8,25.0,28.8,30.1,24.0,27.9,43.9,75,1005.7,88,0.4,17.8,25.6,26.9
2021-10-08,26.8,24.7,25.5,26.0,24.0,24.9,329.7,94,1004.6,96,0.0,18.8,24.3,25.4
2021-10-09,27.9,25.3,26.5,27.6,24.8,25.9,130.3,91,1004.9,97,0.2,29.3,25.4,26.1
2021-10-10,27.9,25.3,26.8,27.5,24.8,26.4,45.1,86,1008.0,89,0.0,15.0,24.9,25.8
2021-10-11,32.7,26.0,28.5,31.9,25.4,28.1,0.0,68,1005.4,66,10.7,11.0,25.7,27.6
2021-10-12,26.4,23.6,25.1,26.1,23.1,24.6,0.2,65,1001.3,84,0.6,17.4,21.2,22.3
2021-10-13,27.4,22.9,25.8,27.3,21.7,25.2,57.7,89,1002.5,90,0.2,24.4,25.0,26.2
2021-10-14,30.0,26.1,27.8,30.1,25.3,27.4,13.3,86,1009.2,88,5.2,13.0,26.7,28.9
2021-10-15,27.6,25.2,26.2,27.0,24.5,25.7,4.6,85,1010.4,92,0.0,9.0,24.2,25.3
2021-10-16,30.3,24.3,26.8,29.2,23.4,26.2,0.0,73,1013.8,57,8.6,13.1,24.6,26.2
2021-10-17,28.0,22.2,24.2,25.9,21.3,23.2,0.0,68,1018.0,82,8.2,15.3,21.4,23.2
2021-10-18,27.7,20.9,23.9,26.7,20.0,23.0,0.0,70,1018.3,59,4.6,8.5,21.0,23.4
2021-10-19,28.9,23.5,25.7,28.2,22.3,25.0,0.0,75,1017.8,39,9.7,9.1,23.7,26.0
2021-10-20,29.8,25.0,26.8,29.1,24.3,26.1,0.1,78,1015.9,49,10.3,10.7,24.9,26.8
2021-10-21,28.2,19.3,24.2,28.2,18.1,23.5,0.7,80,1014.9,76,1.8,8.7,23.0,26.6
2021-10-22,20.5,18.2,19.3,19.4,17.2,18.2,0.0,77,1019.2,88,0.0,11.3,16.6,17.8
2021-10-23,22.7,18.3,20.5,21.8,17.4,19.5,0.0,75,1020.1,95,0.8,7.6,18.6,20.1
2021-10-24,26.6,19.8,22.1,25.3,18.9,21.1,0.0,69,1018.9,61,7.8,8.3,20.1,22.8
2021-10-25,27.5,19.7,23.1,26.4,18.7,22.4,0.0,66,1016.6,49,7.4,8.5,20.7,23.3
2021-10-26,28.3,22.7,25.1,27.6,21.9,23.8,0.0,69,1015.8,68,8.6,7.8,22.4,24.7
2021-10-27,27.0,24.9,25.6,26.5,24.1,24.8,0.0,76,1016.7,86,1.3,10.1,22.9,24.6
2021-10-28,28.0,24.2,25.7,27.5,23.4,24.8,0.1,77,1017.9,87,4.8,10.8,23.3,25.6
2021-10-29,27.7,23.9,25.5,26.9,23.1,24.7,1.1,76,1018.2,84,8.4,11.7,23.4,24.8
2021-10-30,26.2,23.0,24.4,26.2,22.3,23.7,2.4,81,1018.8,88,1.5,9.0,22.5,24.9
2021-10-31,26.1,23.4,24.3,25.6,22.5,23.5,0.0,75,1018.7,75,4.1,12.2,21.5,23.6
2021-11-01,27.6,23.7,25.2,27.0,22.8,24.4,0.0,76,1018.5,63,9.3,13.0,23.2,25.0
2021-11-02,27.9,24.1,25.1,27.0,23.3,24.3,0.0,76,1018.0,74,6.9,12.9,22.9,24.9
2021-11-03,27.4,24.1,25.2,26.7,23.3,24.4,0.0,75,1016.7,65,8.6,12.3,23.0,24.4
2021-11-04,27.9,24.1,25.5,27.9,23.2,24.8,0.0,78,1014.9,61,9.0,12.0,23.9,25.7
2021-11-05,27.8,24.6,25.6,28.2,23.7,24.9,0.0,84,1012.5,61,4.4,10.3,24.2,26.6
2021-11-06,29.2,24.0,26.4,29.1,22.8,25.7,0.0,79,1010.1,23,10.2,6.1,25.3,27.0
2021-11-07,29.0,24.8,26.1,28.7,23.7,25.5,0.0,83,1012.2,38,8.5,9.3,24.9,27.2
2021-11-08,25.3,18.1,20.1,24.5,17.2,19.4,2.0,61,1017.2,35,9.4,13.5,16.1,22.8
2021-11-09,23.0,16.9,19.5,23.2,15.9,18.9,0.0,50,1019.3,76,7.8,8.8,15.5,18.9
2021-11-10,24.7,17.8,20.5,23.7,16.8,19.9,0.0,41,1018.7,41,8.9,8.8,14.7,17.0
2021-11-11,25.0,18.9,21.5,24.6,18.2,20.8,0.0,47,1017.7,64,7.9,7.9,15.9,18.9
2021-11-12,25.7,20.0,22.6,26.4,19.5,21.9,0.0,51,1018.8,54,9.5,7.4,17.4,20.2
2021-11-13,25.4,20.1,22.3,24.9,19.4,21.6,0.0,49,1018.1,46,9.6,8.9,17.3,19.7
2021-11-14,24.7,19.3,21.6,24.3,18.6,21.0,0.0,59,1018.2,23,10.0,9.6,17.8,20.1
2021-11-15,25.5,20.4,22.1,24.3,19.3,21.2,0.0,65,1017.2,59,8.1,9.8,18.2,20.2
2021-11-16,26.3,21.0,23.2,26.7,19.7,22.6,0.0,71,1017.0,41,9.9,8.1,21.0,23.1
2021-11-17,26.5,22.0,23.5,25.5,21.0,22.7,0.0,74,1017.1,65,4.3,9.5,21.0,23.4
2021-11-18,25.8,20.2,22.4,26.4,19.2,21.9,0.0,69,1014.3,45,9.7,5.8,20.1,22.6
2021-11-19,25.7,21.3,23.0,25.9,20.3,22.3,0.0,77,1012.2,71,3.8,7.1,21.0,23.7
2021-11-20,26.1,22.4,23.7,25.3,21.4,23.1,0.3,77,1012.9,48,9.5,14.2,21.7,23.2
2021-11-21,25.6,22.7,23.5,25.1,21.6,22.8,0.0,82,1014.1,56,4.0,10.2,22.0,23.7
2021-11-22,23.3,16.8,19.6,22.5,15.7,18.7,3.5,76,1017.0,80,0.3,10.0,16.3,21.3
2021-11-23,17.4,14.3,16.1,16.6,13.3,15.1,0.0,69,1021.1,89,0.0,9.9,12.7,14.0
2021-11-24,22.1,16.9,19.0,22.5,16.0,18.5,0.0,65,1020.3,55,7.8,6.4,16.6,19.6
2021-11-25,23.7,18.4,20.6,24.5,17.4,20.2,0.0,64,1018.2,34,7.8,5.6,17.8,20.4
2021-11-26,24.8,18.6,21.6,25.8,18.2,21.2,0.0,64,1018.4,24,9.6,6.4,18.3,20.9
2021-11-27,24.3,18.7,21.2,24.6,18.2,20.7,0.0,63,1020.1,52,9.7,8.6,17.7,20.8
2021-11-28,24.5,19.2,21.6,24.9,18.2,21.0,0.0,69,1019.5,38,9.7,7.9,19.1,21.6
2021-11-29,26.1,19.4,22.4,26.8,19.0,22.1,0.0,67,1017.3,10,9.7,6.5,19.8,22.7
2021-11-30,24.6,17.1,21.3,24.4,16.1,20.8,0.0,59,1018.4,21,9.4,11.5,18.5,20.4
2021-12-01,20.1,14.8,17.3,20.0,14.0,16.6,0.0,40,1021.5,23,9.7,14.4,12.1,15.6
2021-12-02,20.4,14.6,17.4,20.8,12.9,16.9,0.0,42,1021.8,11,9.6,8.0,12.8,15.5
2021-12-03,21.3,14.7,18.0,21.1,13.9,17.7,0.0,35,1021.5,9,9.7,11.0,12.2,15.0
2021-12-04,20.6,15.3,18.1,20.5,14.9,17.5,0.0,46,1022.2,37,9.6,10.5,13.1,15.4
2021-12-05,22.2,16.7,19.1,22.8,15.8,18.8,0.0,55,1021.2,31,9.5,7.5,15.5,17.8
2021-12-06,22.2,16.4,19.2,22.6,15.8,18.8,0.0,59,1020.3,7,9.6,7.8,15.4,17.6
2021-12-07,22.5,17.1,19.9,23.0,16.7,19.4,0.0,65,1020.9,56,6.2,11.8,16.6,19.7
2021-12-08,22.2,18.4,20.1,22.2,17.4,19.4,0.0,67,1022.3,19,9.6,14.2,16.8,18.7
2021-12-09,22.9,18.7,20.2,23.3,17.6,19.7,0.0,72,1022.3,17,9.6,11.1,18.1,20.0
2021-12-10,23.7,18.6,20.9,23.8,17.5,20.4,0.0,73,1020.7,30,9.5,12.4,18.6,20.2
2021-12-11,24.4,20.0,21.4,24.4,18.8,20.9,0.0,74,1020.8,26,9.6,12.3,19.4,21.8
2021-12-12,24.7,19.2,21.5,25.7,17.8,21.0,0.0,75,1021.0,20,9.5,8.8,19.9,22.2
2021-12-13,21.5,17.4,19.4,21.9,16.6,18.7,0.0,67,1021.6,53,6.6,8.0,16.2,18.8
2021-12-14,23.6,18.7,20.5,24.4,17.8,20.0,0.0,72,1018.6,71,7.0,7.4,18.1,21.0
2021-12-15,23.0,19.9,21.5,22.8,19.1,20.9,0.2,78,1016.1,87,2.7,10.3,19.3,20.9
2021-12-16,25.8,21.7,23.2,26.2,20.9,22.7,0.0,81,1015.8,69,4.1,9.8,22.0,24.4
2021-12-17,23.8,18.9,21.7,23.2,17.7,20.9,0.0,69,1018.9,70,0.9,11.8,18.6,20.3
2021-12-18,20.0,16.3,18.1,20.0,15.3,17.3,0.0,58,1022.8,88,6.1,13.2,14.1,16.8
2021-12-19,19.7,16.0,17.9,19.1,14.9,17.1,0.0,51,1021.8,88,1.2,10.7,12.5,14.5
2021-12-20,19.3,15.7,17.2,18.6,14.5,16.3,9.4,78,1017.6,91,0.0,11.0,14.4,15.5
2021-12-21,19.0,16.0,17.3,18.7,15.3,16.9,2.4,88,1013.5,77,0.1,8.0,15.9,17.1
2021-12-22,21.7,17.1,19.3,21.7,16.3,18.8,0.0,80,1016.5,89,2.0,4.6,17.7,20.0
2021-12-23,21.9,18.7,19.9,22.0,17.8,19.2,0.8,77,1016.8,88,2.9,7.8,17.2,19.4
2021-12-24,21.8,18.2,19.9,22.0,17.6,19.5,1.7,84,1017.2,84,1.0,5.0,18.5,21.2
2021-12-25,21.5,17.9,19.6,21.5,17.4,19.1,0.0,75,1021.2,66,3.7,8.9,17.6,19.9
2021-12-26,18.5,11.7,15.0,17.4,10.8,14.0,3.5,78,1025.5,92,0.5,11.8,12.4,14.8
2021-12-27,14.6,9.9,12.0,13.7,9.0,11.2,1.3,81,1027.1,88,1.4,10.1,10.4,13.8
2021-12-28,17.5,12.2,15.3,17.5,11.5,14.8,0.2,74,1024.4,89,0.4,5.0,13.3,15.5
2021-12-29,20.6,16.6,18.4,21.6,16.1,18.3,0.0,74,1023.2,65,6.9,5.5,17.2,19.8
2021-12-30,21.4,16.2,18.1,21.1,15.3,17.7,0.0,77,1024.6,51,8.7,6.4,16.9,19.4
2021-12-31,19.9,17.1,18.0,19.5,16.1,17.2,0.0,78,1025.0,76,4.2,9.5,16.0,18.0
2022-01-01,19.3,16.4,17.6,18.9,15.1,16.7,0.0,76,1024.4,68,1.6,7.9,15.4,17.0
2022-01-02,22.0,16.0,18.4,22.7,14.5,17.8,0.0,77,1022.5,10,9.5,5.4,17.2,19.6
2022-01-03,20.5,17.0,18.3,20.6,15.6,17.5,0.0,79,1021.1,27,8.0,9.6,16.9,18.7
2022-01-04,21.5,17.4,19.1,22.1,16.0,18.6,0.0,75,1019.6,49,8.7,11.5,17.1,19.1
2022-01-05,23.6,18.3,20.4,24.5,17.5,20.1,0.0,75,1017.3,50,8.8,8.2,19.1,21.4
2022-01-06,23.6,18.3,20.3,23.7,17.5,19.8,0.0,80,1019.2,54,8.1,9.3,19.2,21.1
2022-01-07,21.1,17.2,18.6,21.1,16.3,17.8,0.0,79,1021.6,51,4.4,10.7,16.7,19.5
2022-01-08,20.2,16.0,17.8,20.3,15.1,17.2,0.0,75,1020.5,34,9.5,8.2,16.1,18.3
2022-01-09,20.1,16.7,18.0,20.4,15.8,17.3,0.0,79,1018.2,70,2.0,7.5,16.5,19.6
2022-01-10,20.9,16.5,18.4,21.6,15.7,17.6,0.0,76,1017.5,78,3.8,9.1,16.4,19.5
2022-01-11,18.8,13.7,15.8,18.3,12.8,15.1,1.2,70,1020.2,44,9.6,10.1,13.0,16.3
2022-01-12,17.9,14.7,16.1,17.5,13.6,15.2,0.0,72,1020.9,84,1.4,10.4,13.4,15.8
2022-01-13,18.9,15.6,17.0,18.3,14.7,16.3,0.0,64,1021.5,90,0.7,8.6,13.5,14.6
2022-01-14,17.3,15.4,16.6,16.8,14.2,15.7,0.0,75,1020.7,84,0.1,13.4,13.8,15.3
2022-01-15,19.8,16.5,17.9,19.7,15.6,17.4,0.0,82,1020.1,68,8.0,11.7,16.6,18.5
2022-01-16,21.1,17.4,18.8,22.2,16.5,18.3,0.0,82,1020.4,59,4.7,8.8,17.7,20.4
2022-01-17,18.4,17.1,17.8,17.8,16.3,17.0,0.0,84,1020.7,82,0.0,10.3,15.9,16.4
2022-01-18,18.3,15.8,17.3,18.0,15.4,16.6,0.2,82,1020.9,89,1.1,6.5,15.4,17.7
2022-01-19,20.3,14.9,17.1,21.2,13.9,16.6,0.0,70,1019.3,49,8.7,6.8,15.3,18.6
2022-01-20,20.8,15.4,17.6,20.9,14.3,16.9,0.0,73,1018.4,54,7.6,10.1,15.7,18.1
2022-01-21,19.7,16.5,17.9,19.5,15.3,17.1,0.0,80,1017.6,69,4.1,12.5,16.1,17.8
2022-01-22,17.8,16.8,17.3,17.3,16.1,16.6,1.5,91,1014.3,94,0.0,10.6,16.2,16.8
2022-01-23,21.8,17.5,19.4,22.2,16.9,19.0,0.1,84,1013.1,87,1.8,7.3,18.4,20.9
2022-01-24,21.8,18.8,19.7,22.2,18.2,19.3,1.0,88,1014.3,86,1.2,8.0,19.1,21.7
2022-01-25,20.9,17.5,18.6,21.2,16.6,18.0,0.0,82,1016.7,77,2.5,9.3,17.1,19.9
2022-01-26,21.1,17.7,19.2,21.1,16.9,18.5,0.0,83,1017.1,88,3.4,9.8,17.9,20.0
2022-01-27,22.1,18.4,19.8,22.9,17.7,19.3,0.0,84,1016.8,61,7.0,8.7,19.5,21.9
2022-01-28,19.9,18.1,18.8,19.4,17.3,18.0,0.0,86,1016.3,89,0.0,11.3,17.3,18.1
2022-01-29,20.2,16.3,18.1,20.3,15.9,17.6,0.1,81,1014.4,88,0.4,7.7,17.1,19.0
2022-01-30,20.0,13.2,16.0,19.1,12.1,15.3,0.0,64,1017.5,58,7.0,9.3,13.4,16.1
2022-01-31,15.5,13.6,14.6,14.6,12.8,13.6,0.0,70,1019.2,88,0.0,9.2,11.2,12.1
2022-02-01,15.7,12.9,14.3,15.1,12.0,13.5,1.2,84,1018.7,89,0.0,7.2,12.4,13.7
2022-02-02,17.0,14.5,15.6,16.6,13.7,14.9,1.0,88,1018.7,98,0.0,7.9,14.5,15.4
2022-02-03,14.5,11.7,13.4,14.3,11.1,13.0,1.0,85,1018.7,93,0.1,4.3,11.9,13.2
2022-02-04,18.5,11.9,14.4,17.5,11.0,13.6,0.0,69,1021.4,65,4.7,7.7,12.5,15.6
2022-02-05,17.7,13.2,15.2,17.6,12.2,14.3,0.0,69,1023.4,87,1.5,8.8,12.8,15.3
2022-02-06,18.2,14.6,16.0,18.2,13.7,15.3,0.0,75,1022.0,87,4.5,12.6,14.0,16.9
2022-02-07,17.7,15.1,16.4,17.6,14.4,15.9,0.0,85,1016.8,94,0.0,11.5,15.0,16.8
2022-02-08,18.1,15.8,17.1,18.4,15.0,16.5,0.0,78,1018.6,88,1.1,8.5,15.1,17.6
2022-02-09,17.4,15.3,16.1,17.0,14.6,15.6,0.0,77,1019.1,88,0.0,8.2,14.4,15.5
2022-02-10,18.1,15.4,17.0,18.2,15.1,16.5,0.0,81,1017.7,90,0.0,10.9,15.5,17.0
2022-02-11,22.0,16.3,18.6,21.8,15.5,18.1,0.0,81,1017.1,45,10.4,13.2,18.1,20.6
2022-02-12,21.3,17.0,18.7,21.7,16.2,18.3,0.0,83,1016.0,80,7.0,8.4,18.2,20.5
2022-02-13,18.7,15.1,17.2,18.0,14.2,16.6,1.2,86,1014.9,91,0.0,6.5,15.8,16.9
2022-02-14,21.3,14.1,17.0,21.0,13.4,16.3,1.2,75,1017.3,59,8.9,7.5,15.4,18.3
2022-02-15,21.8,15.8,17.6,21.4,14.8,16.8,0.0,77,1017.8,53,6.7,9.2,16.4,19.4
2022-02-16,18.5,15.6,16.9,18.1,14.7,16.1,0.0,77,1016.0,74,3.9,13.7,14.8,16.6
2022-02-17,16.9,15.0,15.6,16.2,14.2,14.9,4.0,86,1014.9,88,0.0,18.0,13.9,14.8
2022-02-18,16.7,15.2,15.9,16.2,14.6,15.3,0.0,84,1015.4,88,0.1,16.9,14.4,15.4
2022-02-19,15.9,9.7,12.4,15.3,9.0,11.7,21.3,92,1017.0,90,0.0,11.3,10.8,14.4
2022-02-20,9.8,8.0,8.5,9.0,7.3,7.8,43.4,94,1020.8,97,0.0,11.8,7.3,8.6
2022-02-21,10.1,7.5,8.8,9.5,6.9,8.3,43.3,95,1022.1,100,0.0,6.5,8.0,9.3
2022-02-22,12.2,9.2,10.7,11.8,8.7,10.3,39.9,96,1022.0,100,0.0,4.0,10.6,11.9
2022-02-23,16.2,9.4,12.1,15.4,9.2,11.8,11.0,77,1024.3,78,6.1,8.2,11.4,14.3
2022-02-24,14.9,10.7,12.6,15.5,9.9,12.3,0.0,72,1026.2,60,6.7,5.4,11.5,14.6
2022-02-25,20.1,12.2,15.3,19.7,11.5,14.7,0.0,70,1024.5,45,8.0,5.5,14.0,17.1
2022-02-26,21.4,13.6,16.8,20.1,12.5,16.1,0.0,76,1021.9,23,9.6,5.3,16.1,18.5
2022-02-27,21.7,14.8,17.6,21.7,13.8,17.0,0.0,79,1019.6,30,10.6,8.1,16.8,18.8
2022-02-28,22.5,16.4,18.9,22.1,15.5,18.4,0.0,70,1018.6,71,9.2,13.4,16.9,19.1
2022-03-01,26.3,19.1,22.0,26.3,18.5,21.6,0.0,77,1016.9,56,8.9,4.6,21.5,23.7
2022-03-02,26.1,18.1,20.7,26.0,17.2,20.1,0.0,83,1017.2,47,8.0,8.2,20.6,23.9
2022-03-03,22.6,17.4,19.5,21.7,16.7,18.6,0.0,76,1017.2,56,6.4,16.6,17.5,19.5
2022-03-04,26.6,18.8,21.3,25.9,18.0,20.8,0.0,77,1014.6,34,9.6,7.2,20.2,22.9
2022-03-05,24.6,17.9,20.6,24.1,17.1,19.8,0.0,84,1013.5,39,8.2,7.2,20.0,22.5
2022-03-06,21.3,17.6,19.1,21.4,16.8,18.6,0.0,77,1015.7,84,3.7,14.4,17.4,19.3
2022-03-07,24.6,16.8,19.8,24.1,16.3,19.4,4.8,70,1017.2,62,4.5,9.0,18.6,21.0
2022-03-08,21.6,15.0,17.5,19.9,14.0,16.6,0.0,53,1018.2,14,11.0,12.8,13.4,15.6
2022-03-09,24.3,15.1,18.7,23.3,14.0,17.9,0.0,57,1017.2,14,11.0,12.5,15.3,18.1
2022-03-10,25.0,17.9,20.7,24.2,16.9,19.9,0.0,60,1015.8,27,10.9,11.9,17.8,20.0
2022-03-11,26.9,18.8,22.1,26.2,17.8,21.3,0.0,71,1014.0,40,9.9,7.2,20.6,22.6
2022-03-12,26.0,19.8,22.3,25.4,18.3,21.5,0.0,68,1013.6,53,10.3,9.0,19.7,21.2
2022-03-13,27.7,21.0,23.6,27.0,20.3,23.0,0.1,75,1012.8,47,10.1,7.9,22.7,24.5
2022-03-14,29.0,21.4,24.1,27.0,20.1,23.3,0.0,78,1011.9,30,10.5,5.5,23.1,24.9
2022-03-15,28.4,21.1,23.8,27.1,20.6,22.8,0.0,80,1010.8,43,10.4,7.1,22.9,25.0
2022-03-16,24.7,21.2,22.3,24.1,20.4,21.5,0.0,79,1011.7,87,2.0,12.8,19.9,21.7
2022-03-17,27.7,22.1,24.3,27.2,21.2,23.8,0.0,85,1009.4,79,5.9,6.7,23.8,26.1
2022-03-18,28.7,21.3,24.4,28.1,20.9,23.9,0.0,84,1008.8,61,8.2,5.0,23.9,26.3
2022-03-19,25.8,22.3,23.3,25.5,21.5,22.6,0.0,85,1009.9,75,5.1,10.0,22.3,24.3
2022-03-20,22.9,19.9,21.0,22.2,19.3,20.4,0.0,88,1012.6,88,0.0,14.6,19.3,21.2
2022-03-21,23.7,21.0,22.1,24.0,20.3,21.6,0.0,89,1012.9,88,0.2,11.8,21.8,23.6
2022-03-22,25.1,21.2,23.0,25.6,20.8,22.7,0.0,93,1012.8,95,0.4,8.9,23.1,25.0
2022-03-23,21.6,16.3,17.7,20.9,15.5,17.1,54.8,94,1014.7,91,0.0,7.5,16.4,20.5
2022-03-24,18.5,16.3,17.6,18.3,15.5,16.9,1.8,91,1014.3,93,0.0,14.3,16.6,17.8
2022-03-25,26.7,18.1,23.1,26.3,17.5,22.6,0.7,90,1010.4,92,0.3,15.0,22.6,25.7
2022-03-26,28.7,24.9,26.4,27.8,24.2,25.5,0.1,86,1010.4,88,0.7,9.1,25.5,26.8
2022-03-27,25.4,19.1,21.9,24.8,18.0,21.4,0.0,83,1013.4,88,0.0,7.3,20.3,24.3
2022-03-28,19.2,16.4,17.5,18.0,15.7,16.6,30.3,89,1017.4,88,0.0,8.5,15.7,16.8
2022-03-29,21.2,17.4,19.1,20.5,16.6,18.5,0.1,82,1017.2,86,0.5,11.0,17.5,19.0
2022-03-30,26.1,19.5,22.4,26.1,18.7,22.0,0.0,74,1015.9,82,4.3,10.7,20.8,23.3
2022-03-31,29.3,21.9,24.4,28.0,21.1,23.7,0.0,69,1016.3,56,8.5,11.3,22.5,24.5
2022-04-01,22.0,15.7,19.0,21.2,14.8,18.2,0.5,83,1020.5,90,0.0,13.4,17.8,19.7
2022-04-02,16.1,13.7,15.0,15.1,13.0,14.3,1.3,76,1023.2,88,0.0,12.7,12.5,13.5
2022-04-03,23.9,15.2,18.7,22.5,14.7,17.8,0.0,54,1022.1,32,9.5,11.3,15.1,17.8
2022-04-04,25.6,16.8,20.1,23.7,15.6,19.1,0.0,53,1022.2,5,11.1,11.6,16.1,18.7
2022-04-05,26.9,18.1,21.3,25.5,16.8,20.6,0.0,64,1020.0,17,11.0,7.5,19.2,21.4
2022-04-06,26.2,19.4,22.3,25.5,18.1,21.2,0.0,70,1017.6,15,10.9,8.6,20.4,22.9
2022-04-07,26.7,20.0,22.8,25.4,18.8,21.8,0.0,68,1016.8,19,10.7,11.0,20.6,22.1
2022-04-08,29.1,20.5,23.6,27.9,19.3,22.5,0.0,50,1015.7,8,10.9,10.5,18.8,20.6
2022-04-09,27.6,20.3,23.1,26.3,19.2,22.1,0.0,65,1013.8,7,11.0,12.4,20.2,21.6
2022-04-10,28.5,20.5,23.8,27.1,19.3,22.8,0.0,67,1012.4,13,11.1,10.5,21.1,22.7
2022-04-11,30.3,22.6,25.5,29.2,21.9,24.5,0.0,74,1011.0,49,6.2,4.8,24.0,26.0
2022-04-12,30.2,23.0,25.7,29.0,21.9,24.8,0.0,77,1008.9,31,9.6,5.7,24.7,26.7
2022-04-13,28.1,23.9,25.3,26.8,23.1,24.5,0.0,81,1006.8,70,4.5,7.1,24.2,26.1
2022-04-14,27.8,23.0,25.5,27.8,22.7,25.1,0.0,69,1008.4,36,10.1,7.7,23.3,25.0
2022-04-15,27.6,22.8,24.3,25.8,21.8,23.2,0.0,69,1012.1,52,10.6,17.5,21.1,22.5
2022-04-16,22.9,21.2,21.8,22.8,20.5,21.0,0.0,73,1013.7,87,1.1,17.3,19.1,21.2
2022-04-17,24.9,19.2,21.4,23.4,18.0,20.5,0.4,72,1015.6,85,2.9,13.5,18.6,20.9
2022-04-18,23.2,20.9,21.7,23.1,20.1,21.0,0.0,76,1016.7,88,0.1,8.5,19.4,21.5
2022-04-19,21.1,19.1,20.1,20.5,18.3,19.4,0.8,83,1017.3,88,0.0,5.8,18.1,18.8
2022-04-20,25.6,19.8,21.9,24.9,19.0,21.1,0.0,75,1015.4,86,4.9,8.5,20.3,22.7
2022-04-21,28.4,21.4,23.9,28.3,20.5,23.2,0.0,78,1013.3,83,8.6,8.8,23.1,25.8
2022-04-22,27.2,23.4,24.8,26.5,22.7,24.2,0.0,84,1012.3,87,2.5,9.6,24.0,25.5
2022-04-23,30.3,24.1,26.4,29.2,23.2,25.8,0.0,81,1010.9,76,8.6,7.4,25.9,27.6
2022-04-24,30.9,24.9,27.2,30.8,24.3,26.9,0.0,79,1009.3,80,6.0,6.5,26.1,27.6
2022-04-25,31.4,26.3,27.9,30.7,25.6,27.3,0.0,79,1008.6,79,3.9,8.0,26.2,27.4
2022-04-26,29.8,26.2,27.7,29.4,25.7,27.2,0.0,80,1008.3,88,2.1,8.1,26.0,27.0
2022-04-27,31.6,26.1,28.4,31.2,25.4,27.8,0.0,78,1009.4,61,7.7,6.8,27.1,29.1
2022-04-28,31.6,26.8,28.4,30.7,25.7,27.5,0.0,79,1010.8,60,6.1,10.8,26.9,28.5
2022-04-29,32.0,26.2,28.2,31.1,25.2,27.6,0.0,79,1011.0,71,9.4,6.8,27.3,29.2
2022-04-30,26.8,24.3,25.4,26.1,23.4,24.5,0.5,85,1012.3,83,0.0,11.8,23.3,25.0
2022-05-01,24.6,17.1,20.7,23.6,16.6,19.7,32.4,89,1012.6,94,0.0,13.3,18.8,22.4
2022-05-02,21.3,16.4,18.5,20.7,15.9,18.0,23.4,84,1014.6,93,0.0,10.5,17.1,19.1
2022-05-03,26.6,18.8,22.3,25.7,18.3,21.8,0.0,62,1015.8,61,11.3,10.3,19.3,21.3
2022-05-04,28.5,21.6,24.6,26.9,21.0,23.7,0.0,63,1014.3,48,11.0,12.0,21.2,23.3
2022-05-05,29.3,23.2,25.2,27.8,22.2,24.2,0.0,73,1012.6,76,10.7,10.3,23.1,24.4
2022-05-06,28.9,23.4,25.5,27.6,22.3,24.5,0.0,76,1012.4,73,10.8,10.8,23.8,25.1
2022-05-07,29.7,23.6,25.4,28.9,22.3,24.5,0.8,77,1013.0,85,4.7,9.7,23.5,25.9
2022-05-08,27.5,23.4,25.0,26.6,22.8,24.2,0.0,70,1013.2,83,1.8,13.0,21.5,22.6
2022-05-09,29.0,24.3,25.6,28.0,23.3,24.6,0.0,75,1012.3,86,4.9,11.7,23.2,25.4
2022-05-10,27.7,24.4,25.7,27.4,23.6,25.1,1.4,88,1009.7,88,1.0,10.1,24.9,26.8
2022-05-11,25.9,24.2,25.0,25.2,23.6,24.4,61.4,95,1007.8,91,0.0,6.1,23.9,24.8
2022-05-12,27.0,24.6,25.8,26.0,23.7,24.9,123.5,91,1006.0,96,0.0,8.6,24.3,25.3
2022-05-13,26.9,24.3,25.5,26.8,23.6,24.9,107.1,92,1005.2,92,0.5,7.2,25.1,27.0
2022-05-14,26.5,23.5,24.6,26.3,22.9,24.2,5.0,93,1008.2,89,0.3,8.8,24.4,26.2
2022-05-15,24.9,20.8,22.6,24.8,20.0,22.0,26.2,91,1009.8,91,1.0,13.9,22.1,24.2
2022-05-16,20.8,18.8,20.0,20.5,18.2,19.6,4.7,85,1012.4,85,0.0,10.5,18.4,19.9
2022-05-17,26.3,19.6,22.4,25.9,19.1,21.9,0.0,72,1013.6,67,5.4,8.7,20.5,23.1
2022-05-18,27.1,21.9,23.9,26.3,21.1,23.4,0.0,52,1013.8,71,4.9,12.1,18.8,20.7
2022-05-19,30.0,23.5,25.8,29.0,22.7,24.8,0.0,64,1011.9,77,7.1,10.1,22.1,24.3
2022-05-20,30.9,24.5,26.9,29.4,23.7,26.1,0.0,76,1009.2,55,9.6,7.0,25.5,27.1
2022-05-21,30.7,24.6,26.9,29.7,23.9,26.1,0.0,78,1007.8,72,9.5,9.0,25.6,27.6
2022-05-22,27.2,24.1,25.0,26.2,23.5,24.3,0.6,83,1007.3,88,1.5,13.3,23.3,24.8
2022-05-23,24.8,23.1,24.0,24.2,22.4,23.3,11.2,90,1007.6,89,0.0,14.5,22.7,23.4
2022-05-24,25.0,23.7,24.4,24.7,23.1,23.8,10.3,93,1009.2,92,0.1,10.8,23.6,24.6
2022-05-25,27.4,23.8,25.3,27.5,23.2,24.8,1.3,91,1007.7,90,1.8,9.3,25.0,27.2
2022-05-26,28.6,25.1,26.7,28.8,24.6,26.2,2.4,88,1004.7,86,3.6,8.2,26.4,28.3
2022-05-27,28.5,26.1,27.4,28.0,25.7,26.7,24.7,89,1004.3,88,0.0,7.9,26.2,26.7
2022-05-28,31.3,27.1,28.7,31.1,26.5,28.2,0.0,81,1005.5,78,5.2,9.6,27.6,29.2
2022-05-29,32.2,27.8,29.1,31.4,26.9,28.6,0.0,79,1005.8,80,7.9,8.4,27.9,29.6
2022-05-30,32.7,27.4,29.2,31.9,26.4,28.5,0.0,78,1005.9,84,7.4,7.0,28.3,30.4
2022-05-31,30.7,27.4,28.2,31.0,26.3,27.5,0.1,82,1006.8,87,2.6,6.3,26.8,29.4
2022-06-01,30.9,27.0,28.7,30.7,26.4,28.2,1.2,81,1007.1,88,2.1,7.0,27.3,28.8
2022-06-02,31.0,26.0,28.8,30.8,25.3,28.3,11.9,80,1006.2,85,4.2,9.0,27.7,29.8
2022-06-03,31.2,28.0,29.2,30.7,27.1,28.5,1.6,81,1005.6,86,1.1,9.6,27.5,29.2
2022-06-04,32.0,28.6,29.6,31.8,27.9,29.2,0.0,78,1005.8,87,6.3,11.1,28.1,29.9
2022-06-05,32.0,28.7,29.6,31.6,28.0,29.2,0.0,78,1004.7,87,6.5,11.4,28.1,29.8
2022-06-06,30.6,27.6,28.9,30.9,27.1,28.2,2.5,83,1003.6,88,1.8,9.0,27.3,29.6
2022-06-07,29.6,24.6,27.4,29.4,24.1,26.7,33.8,86,1004.5,86,0.5,7.9,26.3,29.2
2022-06-08,28.0,24.7,25.8,26.8,24.2,25.1,66.0,93,1005.6,86,0.0,8.2,25.0,26.2
2022-06-09,27.9,25.0,26.3,27.4,24.2,25.7,28.7,90,1005.5,88,0.5,5.8,25.6,26.9
2022-06-10,27.3,25.0,26.1,26.4,24.3,25.6,25.8,92,1005.4,88,0.0,5.8,25.3,26.1
2022-06-11,29.1,25.3,26.8,28.9,24.8,26.2,47.5,89,1006.6,88,0.2,6.2,26.0,28.0
2022-06-12,30.3,25.6,28.4,30.3,25.3,27.9,2.6,84,1007.0,88,1.6,8.8,27.6,29.4
2022-06-13,30.6,28.1,28.9,30.3,27.4,28.4,0.0,80,1006.4,87,2.7,10.8,27.4,28.8
2022-06-14,29.3,24.8,27.4,28.9,24.2,26.7,42.8,87,1007.0,88,0.0,8.4,26.2,27.9
2022-06-15,30.5,24.0,26.7,30.3,23.2,26.3,11.0,88,1009.2,88,1.4,5.2,26.9,29.6
2022-06-16,30.5,24.3,27.6,30.2,23.6,27.1,2.6,84,1008.9,88,1.5,5.7,26.8,29.1
2022-06-17,31.0,28.0,29.0,30.9,27.3,28.4,1.0,79,1007.6,88,4.5,9.5,27.4,29.3
2022-06-18,29.8,27.5,28.8,29.3,26.6,28.1,1.3,81,1006.8,88,0.3,11.4,26.9,27.8
2022-06-19,30.9,28.0,29.3,30.5,27.2,28.6,0.1,81,1006.1,88,2.3,11.5,27.5,28.6
2022-06-20,30.4,27.6,29.2,29.9,26.9,28.4,2.8,80,1004.8,88,1.0,12.5,27.2,28.2
2022-06-21,30.5,28.6,29.4,30.2,27.9,28.7,0.0,80,1005.9,88,0.4,10.3,27.1,28.4
2022-06-22,31.8,28.1,29.5,30.9,27.4,28.8,0.0,78,1009.6,85,4.3,8.9,27.9,29.4
2022-06-23,33.8,27.9,30.0,32.2,26.9,29.1,0.0,74,1010.4,55,10.7,8.8,28.0,29.3
2022-06-24,33.4,27.8,30.0,31.9,27.0,29.1,0.0,73,1008.6,63,11.6,8.7,28.0,29.1
2022-06-25,32.8,27.7,29.6,31.8,26.9,28.9,0.0,74,1007.8,70,11.6,8.9,27.9,29.4
2022-06-26,33.9,26.8,30.0,32.7,26.0,29.3,0.3,74,1009.3,70,10.6,8.3,28.2,29.7
2022-06-27,33.4,27.8,30.1,32.2,27.4,29.2,0.1,73,1008.1,73,9.2,8.3,28.2,29.6
2022-06-28,34.4,28.2,30.6,33.1,27.3,29.7,0.0,71,1005.1,59,11.8,7.1,28.4,29.5
2022-06-29,33.9,28.1,30.2,32.3,27.1,29.3,0.7,78,1002.8,82,7.1,11.4,28.3,29.9
2022-06-30,29.6,25.9,27.5,28.7,25.1,26.7,64.9,89,1002.7,89,0.3,12.2,26.2,28.0
2022-07-01,29.7,25.4,27.2,29.7,24.6,26.7,63.0,85,1000.7,88,2.5,21.3,25.9,27.7
2022-07-02,28.4,25.6,26.9,27.8,24.7,26.2,72.4,89,999.1,90,0.2,25.4,25.4,26.5
2022-07-03,30.3,28.2,29.0,30.2,27.8,28.4,0.0,82,1001.5,88,1.0,17.4,27.2,28.5
2022-07-04,29.4,27.9,28.8,28.8,27.0,28.1,0.4,83,1002.2,88,0.0,16.1,26.7,27.2
2022-07-05,29.7,28.4,29.0,29.2,27.7,28.2,0.2,82,1004.2,88,0.1,10.3,26.9,27.7
2022-07-06,30.3,28.0,28.8,30.0,26.7,28.1,0.5,81,1005.7,88,0.6,7.6,27.0,28.2
2022-07-07,31.6,27.2,28.7,31.1,26.4,27.9,13.1,86,1007.3,87,1.8,8.3,27.6,29.5
2022-07-08,33.8,27.7,30.0,32.0,26.9,29.2,0.0,79,1007.4,70,10.8,10.8,28.7,29.9
2022-07-09,33.3,28.6,29.9,32.3,27.7,29.2,0.0,81,1005.7,75,4.8,12.8,28.3,30.1
2022-07-10,34.2,28.6,30.5,32.4,27.7,29.7,0.0,77,1006.5,58,11.3,11.6,29.0,30.3
2022-07-11,35.1,28.5,30.9,33.0,27.5,29.9,0.0,73,1007.3,30,11.6,7.5,29.0,30.0
2022-07-12,35.2,28.6,31.1,33.3,27.5,29.9,0.0,72,1006.9,22,11.2,8.3,28.8,30.1
2022-07-13,35.2,28.4,31.0,32.8,27.1,29.8,0.0,71,1005.9,32,10.7,8.4,28.1,29.3
2022-07-14,33.1,28.5,30.4,32.4,27.7,29.6,0.0,75,1005.6,76,7.8,8.2,28.3,29.5
2022-07-15,34.3,28.6,30.4,32.7,27.8,29.7,0.2,77,1006.5,85,7.1,9.0,28.9,30.3
2022-07-16,33.3,28.8,30.5,32.7,27.7,29.9,1.5,77,1006.0,81,7.7,9.2,28.9,30.6
2022-07-17,32.6,28.8,30.5,32.4,28.3,30.0,1.2,76,1005.7,85,8.9,9.4,29.1,30.2
2022-07-18,32.7,28.5,30.4,32.2,28.2,30.0,2.7,78,1004.9,88,6.4,8.7,28.7,30.4
2022-07-19,33.7,29.1,30.8,33.0,28.5,30.1,0.0,75,1006.6,88,7.8,9.7,28.7,30.3
2022-07-20,34.2,29.2,30.8,31.7,27.9,29.6,0.6,76,1009.8,69,7.0,10.9,28.7,30.3
2022-07-21,35.2,28.1,30.9,32.9,27.6,29.9,0.3,74,1012.0,41,9.7,8.2,28.9,30.8
2022-07-22,35.6,28.2,31.2,34.3,27.5,30.5,0.0,72,1010.8,14,12.2,8.7,29.1,30.4
2022-07-23,34.9,29.2,31.4,33.7,28.5,30.7,0.0,74,1008.7,20,11.5,9.0,29.8,31.0
2022-07-24,36.1,29.5,32.0,34.9,28.7,31.2,0.0,72,1007.1,22,11.8,9.1,29.6,31.2
2022-07-25,35.8,29.9,32.0,34.4,29.1,31.2,0.0,74,1007.6,31,10.5,8.8,30.1,31.7
2022-07-26,35.2,29.1,31.2,33.3,28.3,30.2,0.0,71,1007.7,35,10.4,8.5,28.8,30.6
2022-07-27,34.2,29.0,31.0,33.3,28.1,30.2,0.0,69,1007.1,27,10.6,8.7,28.7,30.0
2022-07-28,35.3,28.8,31.2,34.4,27.9,30.5,0.0,73,1006.2,26,10.6,9.5,29.6,31.3
2022-07-29,35.3,29.7,31.7,34.2,29.0,31.0,0.0,74,1004.7,57,8.6,8.7,29.8,31.3
2022-07-30,31.2,26.5,29.5,30.6,25.6,28.8,2.4,81,1004.3,85,0.6,6.5,26.5,29.7
2022-07-31,34.0,28.3,30.8,33.6,27.8,30.3,0.0,76,1004.3,47,10.4,7.5,29.3,30.8
2022-08-01,35.7,29.1,31.4,34.3,28.1,30.7,0.0,69,1005.9,47,11.5,8.0,29.1,30.4
2022-08-02,35.2,28.0,31.1,33.7,26.4,30.2,0.2,70,1007.1,63,10.3,7.1,29.1,31.0
2022-08-03,30.8,25.6,28.2,30.7,24.4,27.4,34.9,82,1006.7,85,0.8,6.7,26.4,28.7
2022-08-04,28.4,25.9,27.1,28.2,25.5,26.5,14.9,86,1004.5,83,0.2,7.4,25.7,27.3
2022-08-05,28.6,24.5,26.1,28.8,23.9,25.6,165.5,94,1007.6,89,1.3,6.8,25.6,28.7
2022-08-06,30.9,26.1,27.9,30.8,25.3,27.6,5.5,89,1007.6,81,5.3,8.1,27.7,29.7
2022-08-07,32.6,27.6,29.6,32.0,27.0,29.2,2.8,82,1006.7,71,9.0,12.3,28.5,30.1
2022-08-08,30.9,26.2,28.3,30.5,24.8,27.6,33.3,87,1006.3,86,1.9,11.3,26.8,29.7
2022-08-09,28.5,25.4,26.7,28.0,24.5,25.8,72.0,88,1003.6,88,0.3,20.5,25.3,26.3
2022-08-10,29.6,25.8,27.4,28.8,25.0,26.8,49.7,90,1004.1,90,0.9,20.3,26.4,27.5
2022-08-11,28.8,25.5,26.7,29.2,24.7,26.2,12.4,90,1007.8,88,1.2,11.8,26.0,28.7
2022-08-12,27.1,24.9,26.1,26.9,24.4,25.5,76.0,93,1008.8,84,0.1,6.1,25.3,26.9
2022-08-13,32.6,25.8,28.7,31.7,25.2,27.9,0.0,81,1008.0,57,5.3,5.3,27.8,29.8
2022-08-14,33.3,26.9,29.5,32.3,26.6,29.0,0.0,78,1007.2,27,10.0,5.3,28.4,29.8
2022-08-15,33.6,28.1,30.0,32.8,27.3,29.3,0.0,78,1006.2,57,7.6,6.5,28.6,30.7
2022-08-16,33.2,26.2,29.4,31.9,25.3,28.8,9.1,82,1005.6,72,6.5,8.7,27.9,30.1
2022-08-17,32.3,26.2,28.2,32.3,25.5,27.6,29.8,86,1005.8,84,4.1,10.3,27.5,30.2
2022-08-18,30.4,26.2,28.1,29.8,25.6,27.6,22.1,87,1005.5,84,1.8,7.0,27.1,29.5
2022-08-19,32.0,26.4,28.3,31.1,25.9,27.6,4.8,85,1004.9,87,3.5,8.1,27.2,29.7
2022-08-20,31.9,26.5,28.2,31.4,25.7,27.6,8.4,83,1007.5,74,6.2,10.8,27.1,29.7
2022-08-21,32.9,26.6,29.0,31.1,26.2,28.4,1.9,84,1008.3,71,5.9,9.3,28.3,30.3
2022-08-22,32.9,28.2,30.1,32.4,27.3,29.6,0.0,77,1006.9,41,10.6,8.8,29.3,30.6
2022-08-23,34.5,28.6,31.1,34.2,28.0,30.7,0.0,77,1005.0,28,10.1,7.4,29.9,31.4
2022-08-24,34.9,26.4,30.8,33.8,25.5,30.2,5.5,73,1002.3,69,6.3,13.7,28.2,29.6
2022-08-25,29.8,25.0,27.2,29.2,24.0,26.4,48.1,85,1006.3,87,1.8,17.5,25.5,28.0
2022-08-26,32.9,27.5,29.4,32.2,26.8,28.9,0.1,80,1010.6,66,7.7,8.7,28.7,30.5
2022-08-27,33.0,27.4,29.7,32.7,26.8,29.2,0.0,78,1009.2,60,10.8,9.4,28.7,29.7
2022-08-28,34.4,28.3,30.5,33.6,27.6,29.7,0.0,80,1008.4,57,10.9,9.2,29.7,31.6
2022-08-29,34.6,28.6,30.1,33.0,27.6,29.2,0.0,78,1010.2,81,3.2,7.5,28.2,30.8
2022-08-30,32.3,27.9,29.5,32.2,27.2,28.9,13.1,80,1008.8,65,6.6,6.2,28.1,30.3
2022-08-31,31.7,28.1,29.7,32.2,27.5,29.3,4.7,80,1006.7,70,6.0,5.4,28.5,30.6
2022-09-01,32.9,26.9,29.4,33.1,26.2,29.3,2.8,78,1007.9,71,7.2,7.0,28.1,30.6
2022-09-02,32.3,27.3,29.5,31.0,26.8,29.0,0.0,63,1005.9,78,8.0,9.9,25.4,27.5
2022-09-03,33.9,26.9,30.0,32.2,26.1,29.4,0.0,54,1002.8,30,11.1,7.9,25.0,26.7
2022-09-04,34.7,27.7,30.8,32.7,26.8,30.1,0.0,55,1002.9,26,11.0,8.3,25.7,27.2
2022-09-05,35.3,28.8,31.1,33.7,28.2,30.6,0.0,52,1004.4,38,10.2,7.9,25.8,27.9
2022-09-06,34.5,28.4,30.8,33.4,28.3,30.1,0.0,61,1008.2,51,8.9,9.6,26.0,27.8
2022-09-07,29.6,26.7,28.4,28.6,25.8,27.5,8.6,81,1013.3,86,0.5,13.4,25.9,26.9
2022-09-08,32.8,27.8,29.5,32.2,26.9,28.7,0.0,70,1014.2,66,10.3,10.8,27.0,28.7
2022-09-09,33.3,27.5,29.6,31.7,27.4,28.9,0.0,55,1013.1,44,11.0,7.8,24.7,26.5
2022-09-10,31.4,27.6,28.9,30.4,26.3,27.9,0.0,76,1011.4,59,4.7,7.0,26.7,28.5
2022-09-11,32.1,27.4,29.4,32.2,26.7,28.9,0.0,78,1009.1,43,8.6,8.2,28.0,29.6
2022-09-12,33.7,28.2,30.8,33.6,27.5,30.3,0.0,66,1007.4,23,10.3,6.8,27.8,29.8
2022-09-13,35.9,28.8,31.7,35.0,27.7,31.0,0.0,56,1007.3,5,11.0,6.9,26.7,28.4
2022-09-14,35.5,29.6,31.7,34.5,29.0,31.3,0.0,46,1007.0,16,10.5,7.7,25.4,27.5
2022-09-15,34.5,28.7,31.3,34.0,28.1,30.7,0.0,52,1005.9,10,11.0,7.6,25.8,27.5
2022-09-16,33.8,28.6,30.8,33.4,27.6,30.0,0.0,63,1005.1,36,8.9,7.3,27.6,29.6
2022-09-17,33.9,29.1,31.1,33.4,28.5,30.4,0.0,69,1006.0,23,10.5,8.8,28.4,30.1
2022-09-18,34.0,27.4,30.1,33.6,26.0,29.5,20.3,77,1005.7,53,6.9,7.7,28.7,30.8
2022-09-19,32.3,25.9,28.8,32.3,25.3,28.5,3.3,77,1005.9,79,5.7,7.5,27.2,30.4
2022-09-20,30.7,26.2,28.9,30.4,24.7,28.0,3.5,79,1008.2,78,3.1,12.5,26.4,28.7
2022-09-21,30.4,25.8,28.1,29.3,24.8,27.3,8.5,72,1010.7,71,9.8,15.1,25.4,26.4
2022-09-22,31.2,26.9,28.5,30.1,25.8,27.6,0.0,73,1011.1,52,9.5,11.8,26.1,28.0
2022-09-23,32.1,25.6,28.5,30.7,23.9,27.6,13.4,77,1010.8,53,5.7,8.3,26.7,28.6
2022-09-24,31.0,25.8,28.3,30.2,25.1,27.4,0.0,71,1011.2,75,9.3,13.4,25.3,26.9
2022-09-25,32.7,26.9,28.8,31.2,25.7,27.7,0.0,71,1010.4,39,9.6,10.3,26.1,28.4
2022-09-26,33.7,27.2,29.4,32.2,26.1,28.4,0.0,70,1009.1,62,10.4,12.0,26.4,28.1
2022-09-27,32.3,28.1,29.2,30.8,27.2,28.3,0.0,72,1007.7,86,4.0,17.0,26.1,27.4
2022-09-28,31.2,27.7,28.8,29.9,26.7,27.9,0.0,73,1008.0,81,6.7,18.6,25.9,27.8
2022-09-29,29.7,25.0,28.0,28.6,23.7,27.1,8.1,81,1010.1,84,2.9,15.0,25.5,26.8
2022-09-30,28.3,24.8,26.4,27.6,24.0,25.5,102.7,91,1012.3,88,0.1,12.0,24.8,26.3
2022-10-01,30.5,25.7,27.7,29.8,24.7,27.0,2.6,86,1012.9,85,3.8,11.3,26.8,28.7
2022-10-02,31.9,27.7,28.9,31.3,26.8,28.3,0.0,81,1012.9,77,4.9,12.1,27.6,29.9
2022-10-03,33.0,27.5,29.5,31.9,26.5,28.6,0.0,76,1013.5,33,10.8,9.0,27.8,29.3
2022-10-04,33.5,27.5,29.4,31.8,26.1,28.2,0.0,76,1013.6,33,6.6,6.6,27.4,29.7
2022-10-05,31.4,27.8,29.1,30.7,26.5,28.1,0.0,75,1014.4,54,7.2,12.7,26.8,28.4
2022-10-06,32.0,27.3,28.9,31.3,26.4,28.0,0.0,74,1015.0,53,9.4,13.4,26.6,28.2
2022-10-07,31.5,25.8,28.3,30.5,24.9,27.4,22.8,77,1014.9,65,8.9,12.3,26.2,27.8
2022-10-08,30.4,26.0,27.7,29.6,25.0,26.8,0.0,71,1015.4,71,9.1,11.8,25.0,26.7
2022-10-09,31.0,23.7,27.1,30.3,22.8,26.6,4.8,71,1016.4,49,9.3,10.2,25.1,26.9
2022-10-10,26.6,21.6,24.0,25.5,20.8,23.3,0.0,51,1018.0,45,6.0,12.8,19.3,21.6
2022-10-11,28.1,21.2,24.1,26.8,20.3,23.0,0.0,48,1016.8,16,10.7,8.1,18.9,21.8
2022-10-12,29.6,21.9,25.2,27.8,21.0,24.3,0.0,50,1015.4,23,10.7,9.3,19.1,22.0
2022-10-13,29.6,23.3,26.0,28.9,23.1,25.4,0.0,60,1013.5,64,8.0,9.4,21.1,23.8
2022-10-14,31.0,24.9,26.9,29.7,24.2,26.1,0.0,66,1012.1,21,10.5,10.5,23.4,24.8
2022-10-15,31.6,24.1,27.5,30.2,23.5,26.9,0.0,53,1010.9,31,10.7,8.8,21.9,24.4
2022-10-16,31.3,25.6,28.3,30.6,24.8,28.0,0.0,46,1009.1,81,6.7,11.5,22.1,25.1
2022-10-17,29.0,26.3,27.2,28.3,25.6,26.7,0.0,45,1008.9,87,1.5,19.6,20.9,22.6
2022-10-18,26.7,17.3,20.9,26.2,16.6,20.1,19.7,67,1013.3,88,0.0,19.0,17.0,19.2
2022-10-19,26.2,18.3,23.0,25.7,18.4,22.6,0.0,54,1015.7,74,5.8,12.5,18.2,20.8
2022-10-20,27.2,22.7,24.3,26.8,21.8,23.6,0.0,64,1017.5,66,6.0,15.1,20.5,23.5
2022-10-21,28.5,23.2,25.2,27.7,22.1,24.3,0.0,68,1017.2,36,10.3,12.9,22.3,24.0
2022-10-22,30.3,22.8,26.6,30.1,21.6,25.9,0.0,67,1015.5,66,6.8,6.8,23.0,24.6
2022-10-23,30.7,24.3,26.5,30.2,23.3,25.8,0.0,71,1014.9,86,4.1,10.3,23.7,25.9
2022-10-24,27.1,23.8,25.2,26.9,22.9,24.4,0.0,68,1016.1,70,9.3,14.3,22.3,24.6
2022-10-25,25.8,22.6,23.8,25.1,21.4,23.0,0.0,63,1018.2,46,10.5,17.8,20.1,21.8
2022-10-26,26.7,22.0,23.9,26.3,20.9,23.0,0.0,66,1017.2,34,10.6,13.3,20.7,22.5
2022-10-27,28.1,22.4,24.6,27.6,21.5,23.8,0.0,70,1015.9,28,10.4,11.0,21.9,23.6
2022-10-28,30.0,23.3,25.5,29.1,22.3,24.7,0.0,68,1015.4,16,10.4,12.1,22.6,24.4
2022-10-29,30.0,23.7,25.7,28.9,23.1,25.2,0.0,65,1014.2,60,10.0,9.0,22.7,24.6
2022-10-30,28.2,22.6,25.4,27.8,22.0,24.7,0.0,57,1011.4,80,9.2,13.8,20.9,23.7
2022-10-31,27.2,23.8,25.4,26.6,23.3,25.0,0.0,50,1008.7,85,2.8,20.4,19.8,21.7
2022-11-01,25.3,18.9,22.0,24.8,18.5,21.5,4.5,64,1008.2,88,0.0,17.5,17.5,18.3
2022-11-02,21.5,18.9,20.2,21.1,18.8,19.9,23.7,86,1007.0,88,0.0,15.2,18.7,20.4
2022-11-03,23.2,20.9,22.1,22.7,20.3,21.4,58.1,93,1012.0,88,0.0,14.1,21.3,22.3
2022-11-04,24.0,21.9,22.6,23.8,21.3,22.2,4.0,87,1016.3,88,0.0,12.3,21.5,22.5
2022-11-05,22.2,20.8,21.5,21.4,20.2,20.9,0.0,79,1019.0,90,0.1,11.6,19.1,19.9
2022-11-06,22.5,19.3,20.8,22.9,18.7,20.2,6.6,84,1018.6,88,0.8,7.3,19.5,21.7
2022-11-07,23.5,19.7,21.5,23.5,19.2,21.2,1.6,85,1017.3,88,0.7,6.9,20.4,22.0
2022-11-08,23.7,20.6,22.4,23.7,20.1,22.0,7.7,85,1017.3,88,0.4,8.7,21.0,22.4
2022-11-09,26.7,21.6,23.8,26.9,21.0,23.5,0.0,77,1017.3,44,8.8,9.4,22.3,24.2
2022-11-10,27.9,23.0,24.8,28.2,22.3,24.4,0.0,78,1016.7,46,9.0,9.6,23.6,25.4
2022-11-11,28.1,23.5,25.0,27.9,22.8,24.4,0.0,77,1016.2,49,6.4,11.3,23.4,25.3
2022-11-12,26.8,23.3,24.6,26.9,22.2,23.8,0.0,79,1015.3,66,0.9,8.2,22.6,25.0
2022-11-13,28.5,22.9,24.8,29.2,21.5,24.2,0.0,81,1015.7,17,10.0,8.0,24.3,26.9
2022-11-14,25.7,23.2,24.1,25.7,22.5,23.5,0.0,79,1016.7,83,2.2,13.8,22.1,24.4
2022-11-15,26.0,23.4,24.3,25.7,22.5,23.6,0.0,78,1015.5,69,7.1,10.5,22.4,24.3
2022-11-16,25.8,23.2,24.1,25.8,22.2,23.4,0.0,80,1015.0,70,5.6,13.0,22.4,24.2
2022-11-17,27.2,22.9,24.5,27.4,21.9,23.8,0.0,80,1014.6,63,5.1,9.4,23.0,25.9
2022-11-18,26.9,23.1,24.6,27.2,22.3,24.1,0.0,80,1015.6,61,8.5,10.8,23.5,25.6
2022-11-19,27.6,23.7,25.1,28.7,22.7,24.6,0.0,77,1015.0,43,9.7,9.3,23.9,25.9
2022-11-20,27.5,23.3,24.7,27.8,22.4,24.1,0.0,78,1014.0,53,8.9,10.3,23.4,25.7
2022-11-21,25.3,23.1,23.9,25.2,22.3,23.3,0.5,78,1013.6,76,0.2,14.8,21.6,22.8
2022-11-22,24.1,22.3,23.4,23.8,21.7,22.9,2.5,86,1013.1,88,0.0,14.4,21.8,22.5
2022-11-23,24.8,22.5,23.4,24.6,22.0,22.8,3.4,91,1013.8,88,0.0,13.0,22.8,24.0
2022-11-24,22.6,21.4,21.8,22.0,20.8,21.3,9.6,93,1015.2,88,0.0,13.9,20.9,21.4
2022-11-25,23.4,21.3,22.3,23.2,20.8,21.8,4.8,92,1015.6,90,0.0,9.3,21.7,22.5
2022-11-26,23.6,21.7,22.7,23.3,21.1,22.2,0.5,88,1014.8,87,0.2,7.2,21.7,22.8
2022-11-27,23.7,22.1,23.1,23.1,21.5,22.4,1.9,90,1012.6,88,0.0,13.9,21.8,22.7
2022-11-28,28.6,23.4,25.6,29.8,22.9,25.4,1.4,88,1012.5,65,4.2,7.8,25.5,27.9
2022-11-29,27.8,24.3,25.5,28.8,23.4,25.1,0.0,85,1013.5,35,8.9,8.0,25.2,27.1
2022-11-30,26.1,18.3,22.8,25.9,17.3,22.1,0.0,82,1017.3,61,2.6,8.5,22.0,25.4
2022-12-01,18.4,14.8,16.5,17.4,13.9,15.5,0.0,72,1020.5,88,0.3,9.0,13.9,15.6
2022-12-02,19.4,13.6,16.5,20.1,12.5,15.9,0.0,69,1019.4,75,5.7,7.3,14.7,18.0
2022-12-03,21.5,16.9,19.2,22.2,15.8,19.1,0.0,73,1017.1,86,4.2,4.5,17.8,20.6
2022-12-04,23.3,19.9,21.2,24.1,19.6,20.9,0.0,74,1018.0,84,4.6,5.8,19.8,22.4
2022-12-05,20.7,15.7,17.9,20.0,14.5,17.0,0.0,66,1019.8,76,1.9,9.0,14.5,17.3
2022-12-06,19.8,14.9,17.1,19.4,13.9,16.2,0.0,68,1019.7,76,6.5,6.8,14.8,17.6
2022-12-07,21.5,16.6,18.7,21.9,15.7,18.2,0.0,68,1018.9,63,7.6,7.0,16.7,19.3
2022-12-08,22.6,17.7,19.9,23.5,16.7,19.5,0.0,72,1017.9,32,9.6,6.0,18.2,20.8
2022-12-09,22.7,17.4,19.6,23.8,16.7,19.4,0.0,67,1015.8,19,9.1,7.2,17.8,20.7
2022-12-10,21.6,15.6,18.4,22.3,14.4,18.0,0.0,61,1015.5,10,9.6,8.3,16.3,19.4
2022-12-11,19.0,15.3,16.7,18.3,14.5,16.1,0.0,60,1016.2,65,1.7,10.3,13.3,15.2
2022-12-12,18.0,15.0,16.2,17.9,14.4,15.6,0.0,61,1018.3,84,5.0,12.1,13.2,15.3
2022-12-13,16.7,12.9,14.5,16.3,12.2,13.8,3.2,71,1019.4,88,0.0,9.2,11.7,13.3
2022-12-14,13.1,11.5,12.5,12.6,11.0,11.9,8.7,91,1021.4,93,0.0,8.3,11.2,12.2
2022-12-15,16.2,12.3,14.6,15.9,11.8,14.1,3.8,91,1017.9,90,0.0,4.7,13.8,15.2
2022-12-16,18.2,15.1,16.9,17.9,14.5,16.4,0.9,90,1017.5,96,0.0,7.5,16.1,16.6
2022-12-17,15.1,11.8,13.2,14.6,11.7,12.8,9.1,60,1024.9,89,0.0,16.2,9.5,13.7
2022-12-18,13.8,9.4,11.8,14.1,8.7,11.4,0.0,30,1025.9,42,8.9,15.1,7.0,9.6
2022-12-19,16.6,10.6,13.7,17.7,9.8,13.4,0.0,50,1021.7,25,8.9,7.4,10.6,13.4
2022-12-20,19.2,14.7,16.8,20.3,13.5,16.4,0.0,71,1018.3,53,7.3,10.1,14.9,18.4
2022-12-21,19.8,15.5,17.5,20.6,15.4,17.4,0.0,46,1016.3,37,8.8,7.7,13.2,15.8
2022-12-22,20.3,13.9,17.2,21.1,13.4,17.1,0.0,35,1016.5,6,9.4,10.8,12.0,15.1
2022-12-23,20.2,14.7,17.1,20.7,14.2,16.7,0.0,40,1019.0,24,9.0,8.8,12.1,14.6
2022-12-24,20.1,14.4,16.9,21.2,14.0,16.6,0.0,49,1021.1,13,9.4,7.4,12.5,15.3
2022-12-25,18.5,14.1,16.2,18.9,12.6,15.4,0.0,59,1022.3,14,9.3,9.4,12.8,15.3
2022-12-26,18.8,14.3,16.3,19.9,13.0,15.8,0.0,65,1022.8,7,9.3,9.5,14.3,16.9
2022-12-27,18.8,14.9,16.9,19.4,13.8,16.4,0.0,70,1022.7,13,9.3,11.1,14.8,16.8
2022-12-28,20.6,14.7,17.7,21.9,13.7,17.3,0.0,68,1022.6,23,9.3,7.3,15.8,18.4
2022-12-29,18.9,14.5,16.8,19.2,13.7,16.3,0.0,60,1024.2,56,5.6,8.1,13.5,16.2
2022-12-30,17.3,12.4,15.0,17.9,11.2,14.4,0.0,62,1025.1,12,9.3,8.5,12.9,15.5
2022-12-31,18.7,12.0,15.5,19.6,10.7,15.2,0.0,65,1024.7,33,8.9,7.9,13.8,16.9
2023-01-01,19.3,14.5,16.9,19.5,13.7,16.4,0.1,65,1023.3,84,1.8,6.9,14.2,17.2
2023-01-02,21.6,17.2,18.7,22.3,16.8,18.4,0.0,65,1023.1,79,4.8,7.8,16.6,20.0
2023-01-03,19.2,16.1,17.3,18.8,15.2,16.6,0.0,69,1023.7,88,0.2,10.0,14.5,16.7
2023-01-04,19.9,15.8,17.4,20.7,15.2,16.9,0.0,74,1023.4,83,5.0,9.4,15.7,18.7
2023-01-05,21.4,16.8,18.5,22.0,16.2,18.0,0.0,77,1023.4,66,8.1,7.0,17.8,20.3
2023-01-06,23.4,17.0,19.8,24.1,16.0,19.6,0.0,62,1022.6,56,9.6,9.1,17.3,19.8
2023-01-07,21.3,17.9,19.1,21.3,17.5,18.7,0.0,59,1020.5,83,4.5,10.2,15.6,17.6
2023-01-08,20.0,17.0,18.6,20.2,16.0,18.2,0.0,57,1020.0,88,0.1,12.7,14.0,15.7
2023-01-09,21.4,18.2,19.7,21.4,17.7,19.3,0.1,72,1019.5,88,0.0,7.6,17.4,18.9
2023-01-10,19.0,17.6,18.2,18.7,17.0,17.8,5.5,91,1018.8,91,0.0,7.3,17.3,18.2
2023-01-11,19.1,17.0,18.1,19.3,16.4,17.6,3.2,87,1017.6,92,0.7,11.1,17.0,18.6
2023-01-12,19.6,17.5,18.8,19.4,17.0,18.4,0.5,88,1014.5,89,0.0,15.0,17.6,18.4
2023-01-13,23.9,18.9,21.7,23.6,18.6,21.4,4.5,93,1011.0,88,0.0,6.5,21.4,23.0
2023-01-14,24.7,20.0,22.7,25.4,19.3,22.6,3.4,90,1009.4,62,4.8,5.7,23.1,25.2
2023-01-15,21.6,13.0,18.4,21.6,12.0,17.8,0.0,80,1014.4,81,0.7,9.0,17.2,20.4
2023-01-16,13.2,11.3,12.3,12.4,10.5,11.5,0.0,66,1021.6,88,0.0,9.6,9.2,10.5
2023-01-17,15.2,11.0,13.2,14.3,10.2,12.3,0.0,71,1023.6,85,0.6,7.5,11.1,13.0
2023-01-18,17.1,11.5,14.3,17.9,10.5,14.0,0.0,58,1024.1,41,9.1,7.3,12.0,15.4
2023-01-19,18.7,13.3,16.1,19.6,12.1,15.9,0.0,63,1022.3,23,9.8,6.0,14.3,16.8
2023-01-20,20.9,15.9,17.6,21.5,15.4,17.4,0.0,62,1021.4,74,5.1,7.4,14.5,18.4
2023-01-21,18.8,16.0,16.9,18.4,15.3,16.2,0.0,79,1019.5,80,4.1,13.0,15.1,17.0
2023-01-22,22.4,16.6,18.8,23.3,16.0,18.5,0.6,83,1016.5,62,7.1,7.8,18.7,21.7
2023-01-23,21.1,16.9,18.8,21.4,16.0,18.4,0.0,86,1016.2,66,6.0,6.6,18.5,20.6
2023-01-24,18.7,12.0,14.7,18.2,11.3,14.2,0.3,51,1024.5,44,7.4,16.4,10.7,17.0
2023-01-25,14.4,10.6,12.5,14.0,9.4,11.8,0.0,54,1023.1,80,1.5,10.9,8.8,11.3
2023-01-26,18.6,13.0,15.7,19.1,12.0,15.2,0.0,66,1019.3,85,3.0,7.6,13.3,16.1
2023-01-27,17.3,12.4,15.4,17.0,11.7,14.8,0.0,46,1022.5,84,3.7,12.8,11.1,13.7
2023-01-28,15.7,10.6,12.9,15.6,9.6,12.4,0.0,28,1024.1,20,10.0,11.9,7.9,10.9
2023-01-29,16.0,9.8,12.8,16.4,8.8,12.4,0.0,35,1023.7,1,10.0,8.3,9.0,12.5
2023-01-30,18.8,11.7,15.0,19.3,10.6,14.8,0.0,48,1022.2,8,10.1,8.1,11.5,14.1
2023-01-31,20.1,13.8,16.9,20.9,12.8,16.5,0.0,61,1017.9,52,6.3,11.4,13.8,17.0
2023-02-01,23.7,17.8,19.9,24.5,16.9,19.7,0.0,77,1015.6,59,8.2,9.0,19.6,22.5
2023-02-02,21.2,17.9,19.4,21.5,17.3,18.9,0.0,77,1018.2,56,8.2,13.9,18.1,20.4
2023-02-03,19.9,16.7,17.9,20.0,16.1,17.5,0.0,76,1018.6,88,1.4,13.0,15.9,18.1
2023-02-04,19.1,16.6,17.4,18.8,15.9,16.9,0.4,81,1017.4,88,0.6,12.8,15.6,17.5
2023-02-05,19.3,16.8,17.9,18.9,16.2,17.4,0.0,83,1016.0,88,0.1,10.8,16.4,17.5
2023-02-06,21.1,17.9,19.2,21.4,17.3,18.8,0.1,85,1014.6,88,1.9,7.8,18.4,20.8
2023-02-07,24.8,18.8,21.0,25.1,18.2,20.7,0.0,83,1015.4,74,4.2,6.5,20.6,23.6
2023-02-08,20.1,17.2,18.5,19.2,16.5,17.8,0.0,84,1017.1,88,0.0,13.8,16.8,18.5
2023-02-09,23.5,16.9,19.5,22.9,16.4,19.0,0.1,83,1016.3,83,4.5,12.2,18.5,21.7
2023-02-10,24.2,19.5,21.2,24.6,19.0,20.8,0.1,87,1014.9,86,2.2,7.6,20.6,24.0
2023-02-11,20.2,17.8,18.7,19.4,17.2,18.3,0.9,93,1014.6,92,0.0,13.7,17.9,19.0
2023-02-12,21.1,18.7,19.9,21.8,18.4,19.8,0.0,95,1013.9,88,0.2,11.7,19.9,21.5
2023-02-13,26.1,19.5,22.3,26.4,19.4,22.1,0.0,88,1013.7,73,6.4,8.1,22.4,24.8
2023-02-14,20.7,16.6,18.5,20.2,15.8,17.8,0.0,64,1018.8,84,2.3,10.3,14.9,18.5
2023-02-15,20.3,13.1,16.3,19.5,12.0,15.4,0.0,60,1023.5,42,9.7,10.2,13.3,17.1
2023-02-16,19.9,14.5,16.8,19.2,13.7,16.0,0.0,62,1024.7,83,3.9,10.4,13.4,16.1
2023-02-17,24.0,15.6,18.7,22.6,14.6,18.0,0.0,70,1021.2,32,10.5,8.8,17.2,20.4
2023-02-18,25.1,18.0,21.0,25.0,16.8,20.6,0.0,67,1018.2,73,3.6,6.4,18.6,22.0
2023-02-19,26.6,19.8,22.8,27.0,18.9,22.5,0.0,67,1017.6,70,6.1,7.1,21.3,24.2
2023-02-20,24.1,18.2,20.1,23.7,17.2,19.3,0.0,64,1019.2,58,7.9,10.3,16.7,20.0
2023-02-21,20.5,16.1,17.8,19.7,15.3,16.9,0.0,62,1022.6,48,9.5,17.2,14.7,16.0
2023-02-22,20.4,14.8,16.9,19.5,13.6,16.0,0.0,61,1022.2,13,10.6,13.8,14.1,16.6
2023-02-23,22.9,15.4,18.2,21.5,14.3,17.5,0.0,70,1018.6,21,10.4,10.3,16.5,18.5
2023-02-24,23.4,17.0,19.8,22.7,15.9,19.4,0.0,67,1018.9,13,10.3,9.3,18.1,20.6
2023-02-25,21.0,14.8,17.1,19.4,13.8,16.2,0.0,54,1026.5,32,10.4,13.5,13.8,16.4
2023-02-26,21.2,14.4,16.8,20.5,13.6,15.9,0.0,58,1029.2,39,10.5,12.3,13.9,16.7
2023-02-27,20.1,14.2,16.4,18.9,13.1,15.5,0.0,60,1027.4,8,10.6,13.8,13.1,15.5
2023-02-28,22.3,14.9,17.8,21.1,14.0,16.9,0.0,71,1024.0,25,9.6,12.8,16.0,18.4
2023-03-01,24.4,16.4,19.7,23.4,15.0,18.9,0.0,71,1021.5,6,10.5,5.8,18.1,20.6
2023-03-02,23.2,17.8,19.8,22.7,16.8,19.0,0.0,70,1023.8,28,9.2,12.0,17.8,19.7
2023-03-03,22.4,16.5,18.6,21.5,15.5,17.7,0.0,56,1024.9,11,10.3,13.5,14.6,17.1
2023-03-04,23.8,17.3,19.6,22.9,16.5,18.7,0.0,65,1024.4,49,6.1,8.5,16.3,19.1
2023-03-05,23.5,17.3,19.7,22.5,15.9,18.8,0.0,57,1023.6,9,10.7,14.0,15.3,16.9
2023-03-06,24.1,17.4,20.0,23.7,16.2,19.1,0.0,50,1022.4,9,10.7,11.2,14.8,16.8
2023-03-07,24.1,17.7,20.1,23.1,16.8,19.2,0.0,56,1020.9,7,10.6,11.8,15.9,18.5
2023-03-08,25.7,19.1,21.6,25.1,17.5,20.6,0.0,77,1019.7,34,9.0,4.0,20.3,22.7
2023-03-09,27.0,19.5,22.5,25.9,18.9,21.9,0.0,75,1017.7,37,9.0,4.5,21.1,23.3
2023-03-10,26.6,20.3,22.4,25.1,19.4,21.5,0.0,68,1017.6,23,10.8,10.8,18.9,20.2
2023-03-11,26.0,19.9,22.1,24.6,18.5,21.2,0.0,67,1018.3,32,10.0,9.8,19.2,21.3
2023-03-12,25.6,20.2,22.6,25.0,19.2,22.0,0.1,71,1018.9,70,5.8,8.6,20.8,22.7
2023-03-13,22.4,19.1,20.1,22.1,17.9,19.3,0.0,64,1020.4,82,1.2,9.6,16.1,19.3
2023-03-14,22.9,18.7,19.7,21.6,17.8,18.8,0.0,73,1016.8,68,2.1,10.2,17.3,19.7
2023-03-15,24.5,18.7,21.0,23.9,17.5,20.2,0.0,77,1017.4,42,7.3,9.2,19.6,21.9
2023-03-16,25.8,19.4,22.0,25.4,18.1,21.1,0.0,72,1018.4,59,10.5,9.1,18.5,21.0
2023-03-17,26.1,20.0,21.7,25.5,19.3,21.2,0.5,83,1016.8,66,6.3,9.7,20.4,23.1
2023-03-18,26.8,19.8,22.3,26.5,18.9,21.7,0.0,80,1015.5,76,7.1,7.8,21.2,23.9
2023-03-19,21.9,20.0,20.6,21.8,19.4,20.1,0.6,86,1015.2,88,0.1,12.5,18.7,20.0
2023-03-20,24.4,20.1,21.8,24.0,19.5,21.3,0.3,88,1012.0,90,2.0,10.5,20.7,22.8
2023-03-21,25.4,22.1,23.7,25.6,21.5,22.9,0.0,85,1009.2,88,0.5,6.5,22.1,23.3
2023-03-22,25.6,24.1,24.7,25.5,23.8,24.5,0.0,83,1008.0,93,0.1,8.2,22.9,23.6
2023-03-23,26.3,24.1,25.0,26.1,23.6,24.6,0.0,81,1008.6,91,0.6,6.9,23.2,24.0
2023-03-24,29.0,23.3,25.6,28.9,22.2,25.0,0.0,80,1011.4,79,4.2,8.4,24.2,26.8
2023-03-25,26.4,20.9,23.4,26.3,20.4,22.6,53.5,89,1013.1,88,0.4,12.7,22.2,25.1
2023-03-26,21.6,20.0,20.8,21.1,19.3,20.2,5.9,91,1014.0,89,0.0,9.0,19.4,20.6
2023-03-27,20.0,17.5,18.6,19.3,16.9,18.0,6.3,86,1016.2,94,0.0,13.6,16.6,18.4
2023-03-28,20.1,17.2,18.7,19.5,16.6,18.1,0.0,84,1017.6,100,0.0,11.4,16.7,17.8
2023-03-29,21.8,18.4,19.9,21.8,17.8,19.4,0.9,86,1015.4,93,1.7,12.7,18.6,20.7
2023-03-30,21.4,19.8,20.8,21.2,19.2,20.3,0.3,89,1012.9,98,0.0,9.5,19.7,20.5
2023-03-31,21.1,19.6,20.3,20.5,19.2,19.8,1.9,92,1013.3,99,0.0,12.0,19.4,20.2
2023-04-01,22.4,19.3,20.3,22.5,19.0,20.0,0.7,89,1012.7,93,0.4,11.3,19.4,21.6
2023-04-02,21.6,20.5,21.1,21.2,20.0,20.5,0.7,92,1012.2,96,0.0,11.8,20.0,20.7
2023-04-03,21.5,20.3,20.9,21.1,19.7,20.3,2.1,90,1011.8,98,0.0,14.3,19.3,20.2
2023-04-04,25.9,20.6,23.7,25.5,20.1,23.4,4.0,90,1009.3,91,0.2,10.5,23.4,24.4
2023-04-05,26.3,24.3,25.3,26.1,23.7,25.0,0.4,89,1009.5,88,0.0,8.7,24.2,25.3
2023-04-06,28.4,20.2,25.4,28.4,20.4,25.2,5.9,87,1011.0,87,2.0,8.2,25.2,26.8
2023-04-07,25.9,19.4,21.8,25.4,19.2,21.5,4.4,74,1015.2,88,2.6,7.9,19.6,22.7
2023-04-08,21.8,20.2,20.6,20.9,19.3,19.9,0.0,73,1020.1,88,0.0,10.7,17.5,19.1
2023-04-09,21.7,18.0,19.8,21.3,17.6,19.2,2.6,72,1018.4,80,1.7,9.3,17.2,19.5
2023-04-10,23.3,19.9,21.4,23.6,19.3,20.9,0.0,80,1014.9,88,1.9,11.7,19.8,22.3
2023-04-11,28.1,21.9,24.2,27.6,21.3,23.6,0.0,81,1012.9,66,8.1,9.7,23.5,25.5
2023-04-12,29.2,22.0,25.0,28.0,21.4,24.4,0.0,76,1012.3,40,9.7,6.8,24.1,25.9
2023-04-13,26.3,21.6,23.4,24.7,21.0,22.7,0.0,78,1012.8,82,7.9,14.8,21.4,22.9
2023-04-14,28.9,22.5,24.7,27.3,22.1,24.2,0.0,80,1010.8,81,5.6,7.8,23.6,25.6
2023-04-15,30.6,23.4,26.9,30.7,23.1,26.7,0.0,70,1009.3,64,5.6,6.0,24.9,26.7
2023-04-16,30.8,24.1,26.7,30.4,23.7,26.1,0.0,69,1009.5,18,10.9,9.8,24.7,26.1
2023-04-17,29.2,24.0,26.1,28.9,23.5,25.7,0.0,80,1011.5,74,8.5,9.9,25.3,26.9
2023-04-18,29.9,24.6,26.7,29.9,24.0,26.4,0.0,81,1010.1,78,4.3,7.6,25.2,27.5
2023-04-19,27.7,21.6,25.9,27.4,21.7,25.5,26.5,81,1005.1,87,1.5,9.3,24.0,25.6
2023-04-20,25.1,23.2,24.0,24.9,22.9,23.6,18.2,94,1004.1,97,0.0,8.3,23.6,24.9
2023-04-21,25.3,23.3,24.1,24.8,22.6,23.5,4.3,90,1007.3,93,0.0,12.2,23.0,23.9
2023-04-22,23.9,22.5,23.1,23.2,21.7,22.5,0.7,89,1010.5,88,0.0,17.7,21.6,22.4
2023-04-23,23.7,22.4,23.0,23.8,21.7,22.4,0.4,91,1013.3,93,0.0,14.4,22.1,23.2
2023-04-24,24.3,22.9,23.5,24.1,22.3,22.9,1.0,89,1014.2,90,0.0,8.9,22.4,23.4
2023-04-25,23.7,20.4,22.4,23.4,19.7,22.0,4.4,91,1013.9,91,0.0,4.9,21.8,23.2
2023-04-26,24.8,19.4,21.6,24.9,19.0,21.2,0.0,73,1014.6,83,3.0,8.8,19.2,21.7
2023-04-27,24.7,21.5,22.7,24.3,20.7,22.1,0.3,80,1015.2,87,2.1,13.3,20.8,23.0
2023-04-28,27.6,21.8,24.1,27.3,21.2,23.5,0.9,84,1013.8,71,7.4,12.3,23.3,25.8
2023-04-29,28.1,23.7,25.4,27.7,23.0,25.1,0.0,82,1011.6,87,2.2,6.5,24.6,26.8
2023-04-30,27.8,22.7,24.6,28.4,22.0,24.3,0.0,73,1012.1,84,6.7,8.4,22.4,25.8
2023-05-01,26.1,23.0,24.1,25.9,22.4,23.5,0.3,78,1014.2,87,1.4,13.2,22.1,23.6
2023-05-02,26.9,22.7,24.1,26.3,22.0,23.5,0.0,74,1015.2,81,3.0,12.7,21.6,24.1
2023-05-03,29.1,23.6,25.4,28.5,22.8,24.9,0.1,84,1013.4,79,4.1,10.3,23.8,26.7
2023-05-04,31.0,25.4,27.0,29.2,24.6,26.3,0.0,84,1008.8,74,5.3,11.1,25.4,25.6
2023-05-05,30.2,25.5,27.5,30.1,24.4,27.1,0.0,80,1005.8,66,5.7,7.6,26.3,27.5
2023-05-06,29.7,26.9,28.2,30.0,26.3,27.9,0.0,82,1004.4,85,1.2,8.0,26.7,28.0
2023-05-07,30.3,23.4,26.6,31.3,22.8,26.1,35.5,86,1006.0,88,1.2,6.5,25.3,29.3
2023-05-08,24.8,21.9,23.2,24.5,21.1,22.7,39.2,88,1011.0,88,0.3,9.1,21.2,23.0
2023-05-09,26.5,22.3,23.8,25.1,21.4,23.0,0.1,78,1013.2,82,4.6,14.4,21.7,23.3
2023-05-10,25.3,23.0,23.9,25.1,22.2,23.2,0.0,70,1013.7,88,2.1,16.0,20.4,22.6
2023-05-11,25.8,22.2,23.9,25.7,21.3,23.2,0.5,76,1014.7,88,1.4,12.6,21.6,24.6
2023-05-12,25.7,23.8,24.4,25.3,23.0,23.8,0.0,77,1014.8,88,0.0,8.5,21.9,23.3
2023-05-13,25.3,22.3,23.5,25.0,22.2,23.2,9.5,85,1013.8,89,0.0,3.9,22.0,23.2
2023-05-14,23.1,20.2,21.3,22.8,19.6,20.9,39.9,93,1011.6,94,0.0,5.6,20.5,21.8
2023-05-15,27.1,21.9,24.3,26.7,21.4,24.0,0.1,84,1010.4,83,4.3,5.2,23.7,26.8
2023-05-16,27.3,23.1,25.2,27.9,22.1,24.8,0.4,87,1009.6,81,3.7,8.4,24.8,26.7
2023-05-17,28.9,23.7,26.9,28.8,23.7,26.4,32.7,89,1007.9,88,0.9,6.9,25.8,27.7
2023-05-18,31.4,27.5,28.9,31.3,26.8,28.4,0.0,83,1006.9,63,6.5,8.7,28.3,30.2
2023-05-19,31.3,27.4,29.1,31.9,27.0,28.8,0.0,82,1007.7,67,6.5,7.3,28.2,30.1
2023-05-20,32.7,28.0,29.7,32.8,27.1,29.4,0.0,80,1008.5,76,6.8,7.6,28.6,30.3
2023-05-21,32.2,28.0,29.7,32.1,27.3,29.6,1.5,79,1009.0,78,6.7,9.3,28.5,29.8
2023-05-22,33.0,28.1,30.0,32.4,27.4,29.6,0.0,76,1008.1,83,9.9,9.0,28.6,29.9
2023-05-23,29.2,24.4,26.9,29.3,23.8,26.4,8.3,88,1009.1,93,0.1,10.9,25.7,27.8
2023-05-24,28.2,23.3,24.9,27.4,22.6,24.3,14.5,88,1010.5,93,1.8,13.7,22.8,23.5
2023-05-25,26.9,24.9,26.1,26.3,24.2,25.5,0.0,89,1012.0,88,0.0,11.8,24.8,25.6
2023-05-26,30.9,26.4,27.8,29.9,25.7,27.2,0.2,87,1011.9,85,4.7,10.3,26.9,29.1
2023-05-27,32.3,26.7,28.8,31.1,26.0,28.0,0.0,81,1010.4,60,10.4,10.8,27.5,28.8
2023-05-28,32.5,27.0,28.7,31.1,25.9,27.8,0.0,75,1009.8,47,8.7,9.6,26.8,28.3
2023-05-29,32.3,26.3,28.9,32.1,25.3,28.4,0.0,73,1008.0,18,11.5,8.4,27.1,28.5
2023-05-30,34.6,28.0,31.2,33.8,27.2,30.6,0.0,74,1004.0,14,11.8,7.2,29.1,30.3
2023-05-31,34.7,29.6,31.4,33.9,29.0,31.0,0.0,77,1002.1,37,7.3,7.0,29.3,31.4
2023-06-01,31.6,26.2,29.2,31.9,25.8,28.8,6.0,79,1002.8,71,6.4,7.3,26.6,29.6
2023-06-02,35.2,28.2,30.7,33.8,27.7,30.2,0.0,76,1004.8,48,10.7,8.1,29.1,30.6
2023-06-03,34.9,28.9,30.8,33.6,28.2,30.1,0.6,76,1007.6,47,9.0,8.7,28.4,30.2
2023-06-04,32.7,27.9,30.0,31.7,27.0,29.2,5.1,81,1008.4,65,8.7,12.4,28.0,29.8
2023-06-05,32.9,27.7,29.7,31.5,27.0,29.0,4.8,79,1007.9,83,6.2,15.3,27.5,28.8
2023-06-06,30.2,26.8,28.4,30.2,26.2,27.7,31.1,87,1007.8,90,1.1,11.5,26.6,28.2
2023-06-07,31.5,27.0,28.5,30.4,26.2,27.9,27.1,88,1008.7,85,1.6,8.0,27.3,29.2
2023-06-08,33.1,27.4,29.4,32.4,27.1,28.7,2.6,82,1007.1,79,3.9,7.3,28.0,30.3
2023-06-09,32.0,26.7,29.0,31.4,26.0,28.5,16.8,83,1004.2,86,5.1,6.6,27.8,29.7
2023-06-10,33.0,28.0,29.5,31.9,26.8,28.6,0.3,79,1001.9,85,6.0,6.7,27.5,29.2
2023-06-11,32.5,27.3,29.2,31.4,27.5,28.6,25.4,83,1001.6,86,5.8,7.6,27.7,29.7
2023-06-12,33.7,28.2,30.2,32.7,27.3,29.5,0.2,77,1001.9,82,8.3,10.0,28.2,29.7
2023-06-13,32.7,25.8,29.8,32.5,25.3,29.4,31.8,81,1002.6,86,3.5,6.3,28.0,30.2
2023-06-14,29.6,25.1,27.7,30.5,24.6,27.3,62.8,88,1004.9,92,2.2,5.8,26.6,29.2
2023-06-15,28.7,26.1,27.4,28.3,25.4,26.9,41.5,91,1005.1,88,0.0,5.8,26.1,27.4
2023-06-16,28.1,25.2,26.4,28.7,24.5,25.9,41.7,92,1007.1,90,0.1,4.9,25.6,27.5
2023-06-17,28.0,25.3,26.2,28.4,24.6,25.9,89.9,94,1009.3,90,0.0,7.2,25.5,27.1
2023-06-18,29.9,25.7,28.0,29.8,25.2,27.5,35.8,89,1008.9,88,0.6,6.0,26.6,28.8
2023-06-19,31.4,26.9,29.1,31.5,26.5,28.9,10.2,83,1007.5,87,4.4,8.5,27.7,29.1
2023-06-20,32.2,27.8,30.0,32.3,27.2,29.7,2.3,80,1007.0,79,7.1,9.1,28.5,30.1
2023-06-21,32.2,28.7,30.2,32.2,28.2,29.9,1.9,79,1007.4,85,9.0,9.3,28.9,30.3
2023-06-22,32.4,29.0,30.2,32.6,28.6,30.1,0.6,77,1007.2,88,9.3,9.2,28.7,30.0
2023-06-23,31.2,28.0,30.0,31.6,27.6,29.4,2.3,80,1006.5,88,1.3,9.3,27.6,29.0
2023-06-24,31.0,27.4,29.1,30.6,26.9,28.5,8.2,85,1007.1,88,0.1,8.1,27.1,28.5
2023-06-25,32.9,26.1,29.4,32.5,25.3,28.9,13.0,83,1008.2,88,6.2,8.4,28.1,30.0
2023-06-26,32.9,26.6,29.4,32.1,25.8,28.7,11.4,83,1008.5,88,6.4,8.9,27.8,30.2
2023-06-27,33.9,28.1,30.1,32.2,27.4,29.3,0.0,80,1009.5,76,8.1,11.2,28.1,29.8
2023-06-28,31.3,26.9,28.8,31.6,26.2,28.1,5.4,86,1009.9,84,3.5,9.1,27.0,30.1
2023-06-29,33.3,27.1,29.5,33.0,26.6,29.1,0.9,84,1006.9,84,6.2,6.7,28.3,30.7
2023-06-30,32.5,26.5,29.8,32.6,26.2,29.4,11.2,82,1005.6,83,6.6,7.5,28.2,30.4
2023-07-01,30.9,26.2,28.9,31.2,25.8,28.4,4.7,82,1006.6,85,1.9,5.8,26.9,29.9
2023-07-02,29.3,26.2,27.5,30.7,25.6,27.0,15.6,89,1007.9,88,0.9,5.4,26.2,29.1
2023-07-03,32.4,27.0,28.9,31.9,26.4,28.5,3.6,83,1008.8,82,5.7,6.9,27.9,29.4
2023-07-04,32.0,26.7,29.3,32.3,25.9,28.8,10.6,82,1008.7,87,5.5,7.7,27.5,30.2
2023-07-05,33.0,28.9,30.4,32.7,28.3,29.9,0.0,77,1008.4,86,9.3,8.8,28.8,30.1
2023-07-06,32.8,28.4,30.3,32.5,27.8,29.8,0.0,77,1008.9,77,8.9,9.7,28.5,30.1
2023-07-07,33.4,29.0,30.4,32.5,28.2,30.0,0.3,76,1009.7,71,9.8,10.0,28.3,30.0
2023-07-08,33.2,28.8,30.4,32.8,28.1,30.1,0.0,76,1010.4,48,11.5,9.8,28.8,30.0
2023-07-09,33.7,28.7,30.5,33.0,28.0,30.0,0.0,77,1009.8,46,10.7,10.0,29.0,30.0
2023-07-10,33.7,28.9,30.7,33.0,28.2,30.1,0.0,75,1008.5,40,11.1,10.5,28.7,30.0
2023-07-11,33.6,28.9,30.7,32.6,28.1,30.1,0.0,76,1008.4,42,11.0,9.9,28.8,30.0
2023-07-12,34.5,28.9,30.7,33.1,28.1,29.9,0.0,74,1008.2,40,7.1,7.8,28.0,29.8
2023-07-13,34.8,28.6,30.9,33.2,27.8,30.1,0.0,71,1006.8,58,12.0,7.7,27.9,29.4
2023-07-14,33.8,28.5,31.3,33.3,28.1,30.8,0.0,71,1004.4,68,10.8,7.4,28.6,30.3
2023-07-15,34.5,28.2,31.1,34.0,27.6,30.6,2.5,74,1000.8,83,9.0,8.0,29.3,31.2
2023-07-16,33.3,27.2,29.7,32.3,26.5,29.1,4.9,75,997.7,87,5.9,15.0,27.4,28.9
2023-07-17,29.4,27.2,28.4,29.2,26.6,27.9,29.0,85,997.5,88,0.1,26.5,26.4,27.0
2023-07-18,31.1,27.5,29.2,30.5,26.8,28.5,10.9,86,1004.5,88,1.1,14.5,27.6,29.3
2023-07-19,30.3,27.3,28.7,29.4,26.6,28.0,3.9,88,1007.5,88,1.1,11.1,27.3,28.1
2023-07-20,33.6,26.8,29.6,31.9,26.2,29.0,4.8,80,1008.5,84,8.4,8.0,28.1,30.1
2023-07-21,32.4,27.7,29.7,32.0,27.3,29.1,0.0,79,1009.7,76,4.5,6.0,27.9,30.4
2023-07-22,34.0,28.3,30.6,32.5,27.3,29.5,0.0,76,1010.8,77,8.8,7.0,28.0,30.0
2023-07-23,34.1,28.6,30.6,32.8,27.6,29.8,0.0,77,1009.5,86,9.5,8.8,28.3,29.9
2023-07-24,34.6,28.4,30.7,33.3,27.9,29.8,0.0,76,1007.7,62,9.1,6.8,28.7,30.3
2023-07-25,33.4,28.4,30.7,33.4,27.3,30.2,0.0,73,1006.3,56,11.5,8.5,28.8,30.5
2023-07-26,35.5,29.3,32.0,35.4,28.3,31.7,0.0,72,1002.3,78,7.9,8.3,29.2,31.0
2023-07-27,36.1,28.4,32.2,35.3,27.8,31.9,6.9,67,997.7,77,7.5,7.1,28.6,30.2
2023-07-28,34.7,28.9,31.5,35.2,28.2,31.2,0.0,72,996.8,86,6.1,7.8,28.5,30.1
2023-07-29,31.5,27.2,29.8,31.4,26.7,29.1,21.0,84,1002.3,91,0.5,8.0,27.9,29.5
2023-07-30,32.1,27.5,29.2,32.2,27.0,28.7,10.0,87,1005.4,88,3.0,8.0,28.1,31.2
2023-07-31,32.5,26.5,29.1,31.5,26.1,28.5,46.5,84,1006.3,85,9.0,10.6,28.2,29.7
2023-08-01,32.2,27.9,29.3,31.7,27.0,28.8,0.0,80,1004.7,75,7.0,7.5,27.7,30.2
2023-08-02,34.6,27.9,30.4,32.7,27.0,29.5,0.0,70,1003.7,52,11.0,7.8,27.3,28.7
2023-08-03,35.1,27.9,30.8,33.7,27.4,30.1,0.0,73,1002.8,43,11.0,7.6,28.0,29.8
2023-08-04,33.5,28.3,30.5,33.3,27.9,30.2,2.6,77,1004.7,86,9.0,9.6,28.6,30.0
2023-08-05,33.0,28.3,30.4,32.4,27.9,29.8,5.9,79,1004.5,84,7.0,9.7,28.3,30.0
2023-08-06,33.0,29.2,30.3,32.4,28.7,29.9,0.0,78,1002.4,71,7.2,9.9,28.8,30.2
2023-08-07,32.4,28.0,30.1,31.8,27.8,29.5,1.6,76,1001.8,69,6.3,8.9,28.2,30.0
2023-08-08,33.3,28.9,30.3,33.5,28.3,29.9,0.0,74,1003.6,69,8.3,9.6,28.3,30.6
2023-08-09,32.8,28.7,30.3,32.5,28.0,29.9,0.0,76,1004.9,73,5.9,9.3,28.3,30.2
2023-08-10,32.1,27.5,29.2,32.5,27.2,28.8,11.1,82,1004.7,86,1.4,7.6,27.6,30.4
2023-08-11,30.1,25.7,27.8,30.1,25.0,27.4,26.4,85,1003.5,85,2.6,7.9,26.8,29.2
2023-08-12,32.1,26.6,29.0,32.3,25.9,28.6,0.9,79,1003.5,86,8.5,7.8,27.8,29.6
2023-08-13,29.6,26.1,28.5,29.8,25.9,28.1,34.2,84,1003.7,87,1.0,6.9,26.9,28.8
2023-08-14,32.2,27.0,29.4,31.8,26.7,28.9,3.6,82,1005.2,88,4.0,7.0,28.1,29.8
2023-08-15,32.5,28.8,29.9,32.3,28.2,29.4,0.0,80,1006.7,85,3.2,8.1,28.4,30.3
2023-08-16,34.0,28.8,30.6,33.1,28.1,30.2,0.0,78,1006.8,70,10.7,10.1,29.5,30.4
2023-08-17,32.0,29.0,30.0,32.8,28.4,29.7,0.0,82,1005.2,85,5.3,9.3,28.6,30.8
2023-08-18,30.6,27.2,29.2,30.8,26.9,28.8,9.3,86,1004.0,88,2.1,7.7,27.9,30.3
2023-08-19,30.6,27.3,28.8,30.5,27.0,28.4,0.3,84,1005.7,88,3.4,6.0,27.1,29.3
2023-08-20,31.5,28.4,29.7,31.5,27.8,29.1,0.6,80,1007.7,86,3.3,6.0,28.0,29.7
2023-08-21,32.1,28.2,29.6,31.8,27.4,28.9,0.2,82,1007.8,86,6.0,7.7,28.2,30.1
2023-08-22,33.0,28.0,30.0,32.2,27.8,29.4,0.3,79,1006.1,88,6.4,6.1,28.3,30.0
2023-08-23,33.5,28.2,30.4,33.2,28.0,30.0,0.3,78,1005.3,86,6.9,7.3,28.5,30.4
2023-08-24,31.4,27.5,29.1,31.2,26.8,28.3,5.7,85,1006.7,88,1.4,9.0,27.3,29.5
2023-08-25,30.9,28.2,29.3,32.0,27.4,28.6,0.2,83,1006.8,77,3.3,6.1,27.7,30.5
2023-08-26,32.8,27.9,29.7,31.7,27.5,29.2,0.0,83,1005.2,88,3.5,6.6,28.3,30.3
2023-08-27,31.9,26.4,29.4,31.7,26.0,28.9,2.2,84,1003.2,87,2.8,6.5,27.7,30.2
2023-08-28,33.4,28.1,29.9,32.6,27.2,29.4,0.5,81,1002.6,88,3.3,5.8,28.0,30.1
2023-08-29,32.6,26.8,29.0,32.1,26.5,28.6,34.4,83,1003.5,87,4.6,6.8,27.6,29.9
2023-08-30,32.0,26.7,28.9,31.4,26.4,28.8,0.0,72,1003.9,83,6.7,9.4,26.3,28.3
2023-08-31,32.1,27.7,29.2,31.4,26.8,28.9,0.4,70,1002.7,88,3.3,10.0,26.2,28.0
2023-09-01,28.7,25.0,26.9,28.4,24.3,26.5,98.9,81,996.3,92,0.0,21.5,24.3,25.0
2023-09-02,27.2,25.2,26.2,26.5,25.0,25.6,80.4,92,1000.1,95,0.0,22.7,24.9,25.4
2023-09-03,33.7,27.0,29.4,32.6,26.3,28.9,0.1,76,1001.9,88,9.4,10.7,27.7,29.3
2023-09-04,32.6,27.3,29.9,33.5,27.0,30.0,0.0,73,1002.1,87,8.9,7.7,28.0,29.9
2023-09-05,31.0,27.7,29.1,30.6,27.7,29.0,0.4,73,1003.6,88,0.4,7.6,26.0,26.8
2023-09-06,32.1,27.8,29.4,32.2,27.3,29.2,0.0,72,1005.4,88,6.4,9.0,27.2,29.2
2023-09-07,29.7,25.5,27.7,29.9,25.1,27.2,215.7,89,1006.3,89,0.2,7.9,26.7,28.5
2023-09-08,26.3,25.0,25.7,25.6,24.3,25.1,425.0,94,1007.9,96,0.0,11.3,24.5,25.1
2023-09-09,26.6,25.5,26.2,26.4,24.9,25.6,9.8,92,1008.2,88,0.0,12.7,25.0,25.9
2023-09-10,26.5,24.8,25.8,26.0,24.3,25.2,67.4,93,1008.3,90,0.0,11.6,24.6,25.8
2023-09-11,28.2,25.6,26.5,27.7,25.1,26.0,20.5,93,1007.3,89,0.9,9.7,25.9,28.2
2023-09-12,29.4,26.0,27.0,29.7,25.2,26.7,0.9,89,1006.5,83,4.0,9.8,26.4,28.2
2023-09-13,30.4,26.8,27.9,30.4,26.1,27.5,2.5,88,1006.6,87,5.0,11.2,27.3,29.4
2023-09-14,28.2,25.6,26.9,28.0,24.8,26.2,103.5,92,1007.7,88,0.0,7.8,26.0,27.4
2023-09-15,30.6,25.2,27.3,30.4,24.4,26.9,28.5,89,1009.5,88,4.9,8.9,27.1,29.2
2023-09-16,28.8,25.4,27.1,29.2,24.6,26.6,4.3,89,1011.1,88,0.8,9.3,26.3,28.1
2023-09-17,31.7,26.8,28.5,31.4,26.1,27.9,0.0,85,1010.9,79,9.0,9.4,27.6,29.6
2023-09-18,32.7,27.4,29.2,31.9,26.5,28.7,0.0,80,1011.4,57,9.9,8.5,28.0,29.6
2023-09-19,33.5,27.3,29.5,32.5,26.7,28.7,0.0,79,1011.9,48,9.0,6.9,27.7,29.7
2023-09-20,32.9,27.5,29.6,32.1,26.7,28.9,0.0,76,1011.0,28,8.9,5.5,27.9,29.4
2023-09-21,33.6,27.6,30.0,32.9,27.0,29.5,0.0,77,1010.5,28,11.1,7.5,28.5,30.3
2023-09-22,34.4,28.4,30.2,32.9,27.3,29.3,0.0,75,1010.4,67,6.8,7.2,27.9,30.0
2023-09-23,33.7,28.3,30.1,32.1,27.3,29.2,0.0,74,1010.5,52,9.7,12.1,27.3,28.7
2023-09-24,33.1,28.5,29.9,31.6,27.6,29.0,0.0,75,1009.9,76,6.5,14.8,26.8,28.8
2023-09-25,33.1,27.9,29.8,31.5,27.0,29.0,1.5,76,1010.1,55,10.2,14.1,27.4,28.5
2023-09-26,33.4,28.3,30.0,31.8,27.5,29.1,0.0,75,1010.7,52,8.3,15.2,27.2,29.2
2023-09-27,33.9,28.6,30.3,32.3,27.7,29.4,0.0,72,1010.5,72,10.0,12.7,27.2,28.5
2023-09-28,33.6,28.7,30.3,32.0,27.8,29.5,0.0,71,1011.6,73,10.7,12.7,27.0,28.6
2023-09-29,33.7,26.7,29.8,32.2,25.7,29.0,7.7,78,1012.0,59,9.0,11.4,27.6,29.4
2023-09-30,33.6,28.2,30.0,32.7,27.3,29.5,0.0,75,1010.4,44,10.5,6.8,27.8,29.4
2023-10-01,34.0,28.0,30.0,32.8,27.6,29.3,0.0,77,1009.8,68,8.2,8.9,28.0,30.0
2023-10-02,32.3,27.9,29.5,31.3,26.7,28.6,0.4,76,1011.3,64,7.5,12.9,26.9,28.8
2023-10-03,31.4,27.7,29.3,31.4,26.9,28.8,0.0,78,1010.6,61,7.4,8.4,27.6,29.3
2023-10-04,34.6,28.3,30.8,33.6,27.9,30.6,0.0,73,1009.0,74,8.7,7.9,28.1,29.5
2023-10-05,34.1,28.5,30.5,32.8,27.8,29.8,0.0,58,1007.3,82,9.2,10.2,26.0,28.1
2023-10-06,32.2,26.7,28.3,30.5,25.3,27.5,0.0,62,1008.3,88,5.1,10.7,24.1,26.2
2023-10-07,27.2,23.5,25.1,26.5,23.0,24.6,1.9,74,1008.1,88,0.0,13.5,21.9,22.6
2023-10-08,25.1,22.7,24.2,24.9,22.2,23.6,92.2,87,1008.1,95,0.0,22.3,22.3,23.7
2023-10-09,25.0,23.4,24.5,24.6,22.8,23.9,369.7,94,1013.2,100,0.0,10.4,23.2,23.9
2023-10-10,26.9,23.8,25.3,26.6,23.1,24.9,2.3,83,1015.6,91,0.0,10.4,23.4,24.3
2023-10-11,29.2,23.7,25.6,27.6,23.1,25.0,0.0,75,1016.9,83,2.9,10.1,23.2,25.0
2023-10-12,29.2,23.5,25.7,27.7,22.8,25.2,0.0,72,1017.6,79,5.2,10.0,23.0,25.6
2023-10-13,30.2,24.8,26.7,29.4,24.3,26.1,0.0,67,1015.5,81,6.8,8.5,23.5,25.7
2023-10-14,30.0,24.7,26.6,29.2,23.9,26.0,0.0,66,1013.2,70,5.7,7.2,23.0,24.8
2023-10-15,29.9,25.1,26.9,28.8,24.6,26.1,0.1,72,1013.3,86,7.5,10.3,23.6,25.7
2023-10-16,28.9,25.4,26.5,27.8,24.8,25.8,0.0,70,1014.9,88,4.0,12.4,22.9,24.6
2023-10-17,28.2,24.5,25.8,26.5,23.7,25.0,0.0,61,1015.4,88,2.4,16.0,20.8,21.5
2023-10-18,25.4,23.4,24.6,24.7,22.4,23.9,38.3,85,1015.2,95,0.0,13.4,22.1,23.8
2023-10-19,26.0,24.6,25.3,25.4,24.0,24.7,27.9,91,1014.7,96,0.0,11.2,23.9,24.2
2023-10-20,27.6,24.6,25.9,27.7,24.0,25.5,0.2,82,1015.2,88,0.8,10.0,24.1,26.1
2023-10-21,25.4,22.0,23.3,24.1,21.1,22.4,0.0,76,1018.4,88,0.0,10.7,20.4,21.7
2023-10-22,27.8,22.4,24.5,27.4,21.4,23.8,0.0,71,1018.8,88,4.0,8.2,21.6,24.4
2023-10-23,29.4,23.8,26.0,29.0,23.2,25.4,0.0,77,1017.4,74,5.6,8.6,23.8,26.3
2023-10-24,30.1,24.8,26.8,28.9,23.9,25.4,0.0,76,1016.3,50,7.5,10.1,24.6,26.8
2023-10-25,29.7,25.3,26.6,28.9,24.5,25.7,0.0,80,1015.5,57,4.6,10.0,24.5,26.4
2023-10-26,29.2,24.8,26.2,28.4,23.7,25.4,0.0,78,1014.6,59,7.3,10.2,24.2,26.5
2023-10-27,29.6,24.9,26.6,29.7,23.9,25.9,0.0,81,1014.0,74,8.5,9.9,25.4,27.4
2023-10-28,27.7,24.2,25.8,27.2,23.7,25.1,9.5,85,1014.8,87,1.0,10.8,24.1,25.9
2023-10-29,27.1,24.1,25.3,27.0,23.2,24.8,3.5,79,1016.1,84,4.1,11.4,23.0,24.6
2023-10-30,29.3,24.6,26.1,29.3,23.8,25.4,0.0,77,1017.1,73,4.7,8.3,24.0,26.6
2023-10-31,28.6,24.1,25.8,28.4,22.9,25.1,0.0,70,1018.4,54,10.2,11.3,22.5,24.9
2023-11-01,29.1,23.6,25.8,28.8,22.6,25.0,0.0,70,1017.7,36,10.3,11.3,22.7,24.7
2023-11-02,28.4,24.4,25.8,27.7,23.4,24.9,0.0,75,1015.5,56,8.6,10.4,23.5,25.3
2023-11-03,29.1,24.3,26.0,28.5,23.3,25.3,0.0,78,1013.6,42,9.8,8.8,24.3,26.1
2023-11-04,29.4,24.7,26.3,29.3,23.8,25.6,0.0,76,1013.9,34,9.4,8.5,24.4,26.4
2023-11-05,30.1,25.0,26.7,29.7,23.9,26.0,0.0,77,1014.4,38,8.9,8.0,25.0,27.0
2023-11-06,30.7,25.3,27.6,30.2,24.3,27.2,0.0,65,1015.1,31,9.3,8.6,24.8,26.7
2023-11-07,26.8,25.3,25.9,26.6,24.7,25.2,0.0,70,1016.5,80,0.3,12.6,22.5,23.5
2023-11-08,26.0,24.7,25.2,25.9,23.9,24.4,0.0,77,1015.8,88,0.4,14.7,22.1,23.5
2023-11-09,27.3,24.8,25.7,27.4,24.1,25.0,0.0,81,1015.4,88,1.3,11.0,23.5,25.7
2023-11-10,29.3,25.6,26.9,29.9,24.9,26.4,0.0,82,1016.0,83,6.4,8.9,25.4,27.6
2023-11-11,26.5,24.8,25.3,25.7,23.9,24.5,2.5,85,1017.7,88,0.0,12.5,23.2,24.1
2023-11-12,26.6,22.0,24.0,25.5,21.1,23.2,0.6,77,1020.2,84,3.9,10.0,21.7,23.7
2023-11-13,25.2,20.3,22.0,24.7,19.3,21.1,0.0,67,1022.7,79,6.0,10.8,19.0,22.1
2023-11-14,23.9,18.9,20.8,23.9,17.9,20.1,0.0,70,1022.6,79,2.6,7.1,17.9,21.3
2023-11-15,25.2,20.7,22.8,25.2,19.6,22.2,0.0,71,1021.7,67,8.8,10.0,20.1,22.2
2023-11-16,24.0,17.3,21.5,23.7,16.5,20.8,0.0,65,1023.6,66,3.9,11.4,19.0,21.2
2023-11-17,21.9,15.6,18.8,21.7,14.9,18.3,0.0,37,1023.9,9,10.1,14.6,13.0,15.7
2023-11-18,23.0,16.6,19.5,23.5,16.0,19.0,0.0,42,1022.9,21,10.0,8.6,14.6,17.2
2023-11-19,23.3,18.5,20.5,24.1,17.6,20.0,0.0,59,1020.9,42,9.1,6.7,17.5,20.1
2023-11-20,24.6,19.0,21.3,24.5,17.6,20.7,0.0,65,1019.4,23,9.9,6.9,18.2,20.1
2023-11-21,24.6,20.3,22.0,25.0,19.0,21.3,0.0,70,1017.5,18,9.9,9.5,19.5,21.4
2023-11-22,25.7,20.5,22.6,26.5,19.1,21.9,0.0,73,1016.3,26,9.9,7.4,20.9,22.7
2023-11-23,26.3,20.5,23.0,27.2,19.1,22.3,0.0,74,1016.4,42,9.8,4.0,21.3,23.4
2023-11-24,25.0,21.5,22.9,25.0,20.5,22.3,0.0,67,1019.6,36,9.3,14.8,19.6,21.4
2023-11-25,24.3,20.0,21.9,24.3,19.0,21.3,0.0,66,1021.0,19,9.9,14.5,18.8,20.6
2023-11-26,25.3,19.8,22.1,25.3,18.4,21.4,0.0,68,1020.1,20,9.8,7.6,19.5,21.6
2023-11-27,26.7,20.2,23.0,27.2,19.0,22.6,0.0,68,1018.1,14,9.6,5.8,20.2,23.0
2023-11-28,25.4,20.2,22.8,25.5,19.8,22.3,0.0,61,1018.7,37,8.4,12.5,19.1,21.3
2023-11-29,24.0,21.2,22.7,24.3,20.2,22.1,0.2,73,1018.7,85,0.6,10.8,19.8,22.0
2023-11-30,26.0,21.9,23.8,26.2,21.2,23.2,0.0,73,1019.9,79,2.0,9.4,21.4,23.4
2023-12-01,23.2,19.6,21.5,23.2,18.6,20.7,0.0,69,1021.5,85,2.9,10.5,18.0,20.4
2023-12-02,21.5,18.2,20.0,21.6,17.3,19.3,0.0,70,1021.7,79,1.1,7.7,16.8,19.3
2023-12-03,23.3,20.1,21.4,23.6,19.4,20.8,0.0,73,1020.4,87,2.1,8.5,18.4,20.3
2023-12-04,24.4,20.5,21.9,25.0,19.8,21.4,0.0,76,1017.2,66,5.2,6.4,19.9,22.8
2023-12-05,24.1,19.7,21.7,24.6,18.9,21.4,0.0,73,1015.6,57,9.5,6.3,19.9,21.9
2023-12-06,22.5,19.9,21.5,22.5,18.9,21.0,0.0,67,1017.6,81,2.2,7.5,18.9,20.0
2023-12-07,25.1,18.4,21.0,25.2,17.8,20.5,0.0,47,1017.8,30,9.7,8.3,15.6,17.7
2023-12-08,24.0,19.2,21.4,24.8,17.9,20.7,0.0,68,1016.7,56,8.1,8.2,18.1,20.1
2023-12-09,24.9,21.6,22.9,25.4,20.6,22.4,0.0,80,1014.6,80,6.5,9.4,21.5,23.1
2023-12-10,26.3,22.5,23.9,26.5,21.6,23.4,0.0,80,1013.8,76,7.5,10.4,22.2,23.4
2023-12-11,27.3,22.3,24.2,27.6,21.6,23.8,0.3,85,1014.6,68,2.7,5.8,23.3,25.3
2023-12-12,28.7,22.3,24.7,30.5,21.6,24.5,0.3,80,1016.2,42,8.2,7.4,24.0,26.7
2023-12-13,23.2,21.6,22.3,22.3,20.8,21.5,0.0,82,1019.4,93,0.2,13.6,20.0,20.9
2023-12-14,24.6,21.7,23.1,24.8,21.1,22.6,0.0,81,1018.7,88,0.3,10.1,21.4,23.2
2023-12-15,26.9,23.2,24.4,28.1,22.5,24.2,0.0,81,1016.3,79,7.5,9.4,23.7,25.7
2023-12-16,23.9,13.5,18.9,23.4,12.3,18.0,0.1,71,1020.5,85,2.8,12.3,15.6,22.0
2023-12-17,15.2,11.4,13.4,14.6,10.3,12.4,0.0,69,1024.9,88,0.0,10.8,10.2,12.1
2023-12-18,19.0,14.8,17.3,18.4,14.1,16.7,0.0,80,1022.1,88,0.0,10.0,15.5,16.8
2023-12-19,19.0,14.7,16.8,18.9,13.8,16.6,0.0,75,1021.2,72,3.2,6.5,15.4,17.5
2023-12-20,15.6,10.8,13.6,15.0,9.5,12.8,0.0,65,1023.3,67,1.0,9.7,11.0,12.4
2023-12-21,12.3,9.8,10.9,11.7,9.1,10.0,0.0,65,1027.1,86,0.0,12.4,8.3,9.3
2023-12-22,12.3,8.6,10.5,11.8,7.7,9.8,0.0,51,1030.1,88,0.4,11.1,6.4,7.8
2023-12-23,13.3,8.1,11.0,13.1,7.0,10.3,0.2,58,1029.9,64,1.8,8.5,8.0,11.4
2023-12-24,16.5,10.1,13.3,17.3,9.1,13.0,0.0,52,1028.6,23,9.4,7.8,11.1,14.1
2023-12-25,18.2,12.1,14.9,19.2,10.8,14.5,0.0,51,1026.7,50,9.4,5.7,12.3,15.9
2023-12-26,19.6,14.5,16.6,21.2,13.3,16.2,0.0,63,1025.2,65,6.5,6.1,14.4,17.6
2023-12-27,21.8,16.6,18.7,22.2,16.1,18.3,0.0,62,1024.0,88,2.5,5.8,15.7,18.6
2023-12-28,23.6,18.2,20.1,23.7,17.1,19.8,0.0,73,1022.3,74,5.1,8.0,18.4,21.1
2023-12-29,21.0,18.3,19.4,21.6,17.3,18.8,0.0,79,1021.1,72,5.8,11.3,18.0,20.0
2023-12-30,23.0,18.3,20.7,23.6,17.3,20.3,0.0,70,1018.3,79,6.1,5.8,18.9,21.3
2023-12-31,25.7,19.0,21.8,26.6,18.1,21.6,0.0,73,1018.0,59,8.3,4.9,21.0,24.2
2024-01-01,22.0,18.8,19.9,22.3,18.1,19.4,0.0,75,1019.9,68,8.6,14.6,18.3,20.4
2024-01-02,20.5,17.8,18.7,20.3,16.8,18.0,0.0,76,1019.1,59,3.1,11.4,16.7,18.9
2024-01-03,21.6,15.7,18.8,22.4,14.7,18.3,0.0,64,1020.0,45,7.8,9.1,17.0,19.4
2024-01-04,19.6,15.4,17.0,19.8,14.3,16.4,0.0,67,1020.9,29,8.8,9.3,14.8,16.9
2024-01-05,22.0,16.6,18.8,23.2,15.8,18.5,0.0,75,1020.2,24,9.5,8.1,17.5,20.1
2024-01-06,23.8,17.8,20.2,24.5,16.4,19.8,0.0,76,1020.1,34,9.3,4.1,19.2,21.5
2024-01-07,21.8,18.6,19.9,22.0,17.6,19.3,0.0,71,1021.0,60,9.0,12.9,17.0,19.1
2024-01-08,20.6,17.7,19.1,20.5,17.0,18.5,0.0,73,1019.6,70,6.6,13.6,16.6,18.3
2024-01-09,23.9,18.1,20.5,24.9,16.9,20.2,0.0,77,1017.2,46,8.0,6.6,19.2,21.6
2024-01-10,23.2,17.9,20.3,23.8,17.3,19.9,0.0,67,1018.6,33,9.0,9.1,17.5,19.8
2024-01-11,21.5,17.6,18.9,21.4,16.6,18.2,0.0,69,1020.0,59,8.1,9.8,16.3,18.8
2024-01-12,21.8,17.1,18.9,22.3,16.1,18.1,0.0,75,1019.1,53,7.7,9.2,16.9,19.2
2024-01-13,22.0,17.8,19.6,22.5,16.9,19.1,0.0,57,1019.9,59,5.7,10.1,14.9,18.1
2024-01-14,23.8,18.5,20.7,24.6,17.3,20.1,0.0,56,1021.1,48,5.4,9.0,15.6,18.9
2024-01-15,24.8,18.8,20.9,25.5,17.2,20.3,0.0,71,1021.2,28,9.8,10.1,18.8,21.3
2024-01-16,20.5,17.5,18.7,20.7,16.8,18.1,0.0,75,1022.1,74,5.7,14.8,16.3,18.7
2024-01-17,20.6,17.7,19.2,20.8,16.8,18.8,0.1,72,1020.4,78,2.8,10.7,16.4,18.7
2024-01-18,24.2,19.1,21.2,24.9,18.6,21.0,0.0,74,1017.7,47,8.3,9.7,19.9,22.4
2024-01-19,24.2,19.2,21.1,24.5,17.9,20.5,0.0,76,1016.3,25,9.8,10.0,19.2,21.7
2024-01-20,24.6,19.5,21.4,25.1,18.5,21.3,0.0,75,1016.3,50,7.9,7.7,20.5,22.8
2024-01-21,21.3,16.3,19.1,21.0,15.2,18.3,0.0,68,1020.3,72,3.1,8.3,15.7,18.1
2024-01-22,18.5,9.8,15.0,17.7,8.8,14.1,0.5,72,1023.3,88,0.0,13.0,12.7,16.1
2024-01-23,10.4,6.3,7.9,9.1,5.4,7.0,2.7,75,1028.5,88,0.3,12.1,5.7,7.2
2024-01-24,12.5,6.5,9.2,12.5,5.6,8.4,0.0,59,1029.2,87,4.4,9.3,7.1,10.2
2024-01-25,15.5,9.5,12.3,15.6,8.7,11.9,0.0,56,1028.7,78,4.2,6.5,9.7,13.1
2024-01-26,17.8,13.1,15.0,17.9,12.1,14.5,0.0,61,1027.3,84,5.1,8.2,12.5,15.7
2024-01-27,18.8,13.1,15.5,19.0,12.5,14.9,1.0,67,1025.8,87,1.2,6.1,13.0,16.0
2024-01-28,15.7,11.7,13.7,15.6,11.0,13.3,2.4,83,1026.4,87,0.1,7.1,12.2,13.9
2024-01-29,17.8,14.3,15.9,18.0,13.7,15.5,0.0,82,1023.4,88,0.3,8.8,14.4,16.2
2024-01-30,20.2,16.8,18.3,20.9,16.3,18.0,0.0,88,1020.7,88,0.2,9.8,17.7,19.4
2024-01-31,20.2,17.9,19.3,20.8,17.5,19.0,0.0,92,1019.4,91,0.0,8.0,18.7,20.0
2024-02-01,23.9,19.8,21.1,25.3,19.5,21.1,0.2,92,1018.0,77,5.2,5.9,21.6,24.3
2024-02-02,25.7,18.6,21.7,26.9,18.1,21.7,0.0,88,1017.6,73,7.0,8.6,22.3,24.7
2024-02-03,22.5,17.7,19.6,22.5,17.1,19.2,0.0,85,1018.8,89,3.7,12.3,18.5,21.1
2024-02-04,20.5,19.3,19.8,21.2,18.8,19.4,0.0,92,1017.3,88,0.1,9.9,19.2,20.8
2024-02-05,21.7,19.6,20.4,22.0,19.1,20.0,0.0,86,1018.8,88,0.5,8.8,19.2,20.8
2024-02-06,20.3,18.0,19.1,20.2,17.3,18.6,0.6,86,1019.6,88,1.5,13.5,17.4,18.7
2024-02-07,18.4,14.7,16.8,18.0,13.7,16.3,0.0,90,1017.3,94,0.0,9.2,16.1,17.3
2024-02-08,14.8,11.6,13.0,13.9,10.8,12.0,2.2,84,1018.8,88,0.0,6.9,11.0,12.3
2024-02-09,14.2,11.0,12.7,14.7,10.4,12.0,0.6,77,1023.5,88,0.1,7.0,10.6,12.9
2024-02-10,18.6,11.3,14.4,18.9,10.7,13.9,0.5,72,1026.5,55,4.4,6.0,12.2,15.8
2024-02-11,22.8,13.6,17.4,23.2,12.6,17.1,0.0,60,1026.9,14,10.4,6.6,14.1,16.7
2024-02-12,21.2,15.5,18.1,20.9,14.8,17.6,0.0,55,1025.8,20,10.5,12.3,13.5,15.7
2024-02-13,22.8,16.8,19.2,22.5,15.6,18.8,0.0,71,1023.2,52,8.9,10.4,16.9,19.4
2024-02-14,25.1,18.3,21.0,25.3,17.3,20.6,0.0,78,1020.2,56,10.5,8.7,20.0,22.0
2024-02-15,26.0,19.7,22.3,26.5,18.9,22.1,0.0,70,1019.0,70,9.7,5.7,20.8,22.6
2024-02-16,22.0,19.4,20.4,22.7,18.7,19.9,0.0,77,1019.7,60,6.2,10.1,18.7,20.7
2024-02-17,21.2,17.8,19.5,21.6,17.2,19.0,0.0,82,1017.4,88,2.2,12.2,17.9,20.1
2024-02-18,23.6,19.9,21.6,24.4,19.3,21.2,0.0,87,1015.2,85,2.4,9.7,20.8,22.9
2024-02-19,25.1,21.1,22.7,25.4,20.5,22.2,0.0,88,1015.1,87,1.1,7.2,21.8,23.5
2024-02-20,26.0,22.0,23.9,26.7,21.5,23.5,0.0,87,1014.7,83,4.1,8.7,23.2,25.5
2024-02-21,27.8,22.5,24.5,29.0,21.9,24.3,0.0,82,1014.5,55,9.5,7.0,23.7,26.6
2024-02-22,25.2,22.4,23.6,26.1,21.6,23.1,0.0,87,1016.6,71,2.8,10.1,22.9,25.4
2024-02-23,22.9,19.3,20.4,22.4,18.5,19.7,0.0,85,1019.9,88,0.0,10.7,18.6,21.0
2024-02-24,21.6,17.5,18.8,21.6,16.5,18.4,0.0,73,1021.1,88,1.2,6.3,17.7,20.4
2024-02-25,19.2,15.6,17.1,20.4,14.8,17.1,0.0,71,1020.7,79,3.1,6.2,16.2,19.6
2024-02-26,21.1,16.8,18.2,20.6,15.8,17.7,0.0,76,1021.1,86,1.5,7.8,16.8,19.3
2024-02-27,19.5,15.9,17.6,19.4,15.0,16.8,0.0,73,1020.9,88,0.5,8.8,15.2,17.7
2024-02-28,19.3,17.5,18.3,18.9,16.9,17.8,0.0,85,1018.0,91,0.0,12.4,16.8,17.8
2024-02-29,22.0,16.2,18.7,22.3,15.3,18.4,0.0,85,1017.6,88,0.3,9.4,18.5,21.8
2024-03-01,16.2,10.4,13.3,15.4,9.5,12.4,0.0,72,1021.2,88,0.0,8.5,10.5,13.0
2024-03-02,14.1,9.6,12.0,14.1,8.6,11.3,0.3,74,1022.2,88,0.4,6.9,9.6,12.4
2024-03-03,18.1,13.9,16.1,18.6,13.1,15.6,0.2,81,1017.3,88,1.0,12.4,14.3,17.0
2024-03-04,22.9,17.3,19.7,22.9,16.8,19.3,1.4,91,1012.3,88,0.7,13.0,18.5,21.9
2024-03-05,26.8,22.1,24.3,27.5,21.9,24.5,0.0,87,1008.8,88,2.1,8.2,23.6,25.3
2024-03-06,26.5,20.1,22.9,27.3,19.6,23.1,0.1,85,1010.6,87,2.4,5.4,22.7,26.4
2024-03-07,20.2,17.1,18.7,20.0,16.1,17.8,0.0,72,1016.6,88,0.0,8.7,15.7,17.7
2024-03-08,22.4,15.7,18.8,22.2,15.3,18.1,0.2,64,1018.8,69,7.2,12.0,15.3,18.0
2024-03-09,19.1,15.1,16.6,18.5,14.1,15.9,2.1,73,1019.4,88,0.1,16.3,13.1,15.8
2024-03-10,16.8,15.3,16.0,16.4,14.6,15.4,4.6,83,1021.0,90,0.0,14.0,14.2,14.8
2024-03-11,18.6,16.0,17.2,18.5,15.5,16.9,11.7,91,1018.9,82,0.0,6.8,16.5,18.2
2024-03-12,24.0,15.6,19.3,22.9,15.3,18.9,0.0,61,1018.8,6,11.3,10.3,16.4,18.2
2024-03-13,21.2,17.7,19.4,21.6,16.8,18.9,0.0,66,1018.6,70,5.5,14.9,16.3,17.8
2024-03-14,22.0,18.6,19.8,21.9,18.0,19.4,0.0,71,1017.3,87,5.1,14.4,17.5,19.5
2024-03-15,21.3,19.5,20.2,21.6,18.9,19.9,0.0,79,1017.2,88,0.3,12.4,18.4,19.5
2024-03-16,22.4,19.5,20.7,22.6,18.8,20.3,0.0,88,1017.8,91,0.1,11.7,19.9,21.7
2024-03-17,26.8,20.7,23.1,27.4,20.2,22.8,0.0,86,1016.4,68,4.9,5.9,22.8,25.0
2024-03-18,23.0,19.8,21.0,22.9,19.2,20.5,0.6,92,1016.2,83,0.0,8.8,20.3,22.4
2024-03-19,24.6,19.5,21.2,24.6,18.7,20.7,0.3,69,1019.5,65,3.5,9.3,18.4,20.9
2024-03-20,24.3,18.3,20.8,23.5,17.5,20.0,0.0,54,1022.4,41,10.5,10.8,17.0,19.4
2024-03-21,23.8,18.4,20.7,23.0,17.3,19.9,0.0,65,1017.9,57,10.6,12.3,17.5,19.4
2024-03-22,25.9,20.4,22.5,25.3,19.8,21.9,0.0,83,1013.3,86,6.8,12.0,21.6,23.7
2024-03-23,29.1,22.1,24.7,27.7,21.6,24.0,0.0,84,1012.8,86,3.0,8.5,23.5,26.1
2024-03-24,31.5,24.5,26.4,31.2,23.6,26.2,0.0,77,1014.7,65,10.7,7.8,25.3,26.9
2024-03-25,28.9,23.8,25.9,29.1,23.1,25.6,0.0,79,1014.5,61,7.2,7.8,24.9,27.0
2024-03-26,30.3,23.7,26.2,30.3,23.1,25.8,0.0,79,1017.0,54,8.6,8.2,25.3,27.4
2024-03-27,25.1,20.8,22.4,24.3,20.1,21.6,0.0,82,1018.5,85,4.0,14.8,20.1,22.3
2024-03-28,27.9,22.4,24.7,27.6,21.7,24.3,0.0,82,1013.9,86,4.4,7.5,23.8,25.8
2024-03-29,30.0,23.0,25.5,29.1,22.5,25.1,0.0,81,1013.8,88,6.9,5.5,24.5,26.7
2024-03-30,30.8,24.3,26.4,30.1,23.6,25.9,0.0,80,1013.5,80,5.4,6.8,25.0,27.6
2024-03-31,27.8,26.0,27.1,27.6,25.5,26.7,0.1,84,1011.1,88,0.1,8.8,25.4,26.0
2024-04-01,29.1,26.3,27.3,28.6,25.6,26.9,0.0,81,1010.0,88,0.9,8.8,25.4,26.4
2024-04-02,28.9,25.9,27.0,28.4,25.2,26.6,0.0,80,1009.3,87,0.9,8.9,24.9,26.2
2024-04-03,28.9,26.1,27.3,29.3,25.7,27.0,0.0,80,1010.1,86,2.2,9.9,25.4,26.7
2024-04-04,28.5,26.5,27.2,28.9,25.7,26.8,0.0,81,1010.5,82,2.1,9.0,25.3,26.8
2024-04-05,29.3,24.7,26.5,28.1,23.5,25.8,0.3,81,1011.9,84,0.7,12.6,24.6,26.1
2024-04-06,25.4,23.4,24.4,24.8,22.6,23.6,2.7,89,1012.1,88,0.0,15.8,22.6,23.8
2024-04-07,28.3,23.7,25.4,28.7,23.1,25.0,0.9,88,1010.6,87,2.7,9.8,24.4,26.5
2024-04-08,28.8,23.0,25.1,29.3,23.0,24.9,0.0,87,1012.3,88,1.7,9.9,25.0,27.2
2024-04-09,24.3,21.7,22.9,24.3,20.8,22.2,0.0,78,1015.8,88,0.0,10.7,20.3,22.5
2024-04-10,26.8,21.9,23.7,25.7,21.2,23.0,0.0,68,1017.2,75,9.0,13.3,20.5,22.1
2024-04-11,27.7,22.8,24.5,27.0,22.1,23.8,0.0,77,1016.1,52,7.5,10.8,22.6,24.4
2024-04-12,30.2,23.1,25.8,29.1,22.3,25.2,0.0,78,1013.5,31,10.9,7.1,24.7,26.7
2024-04-13,31.9,24.3,26.9,30.3,23.9,26.4,0.0,77,1011.4,46,9.9,7.4,25.5,27.4
2024-04-14,31.4,25.7,27.7,30.9,24.9,27.2,0.0,78,1012.0,84,5.3,6.7,26.0,27.8
2024-04-15,30.3,26.2,27.7,31.3,25.5,27.5,0.0,79,1013.0,85,5.2,7.3,26.5,28.5
2024-04-16,31.4,25.2,27.9,31.1,24.5,27.5,0.0,77,1011.1,75,9.3,8.4,25.9,27.9
2024-04-17,30.9,27.0,28.4,31.1,26.3,28.2,0.0,78,1009.9,75,6.5,8.7,27.2,28.4
2024-04-18,29.5,24.1,26.9,29.6,23.7,26.5,8.6,80,1008.9,85,1.8,7.6,24.8,27.4
2024-04-19,29.9,26.1,27.6,29.7,25.7,27.1,2.2,80,1008.2,88,0.7,11.7,25.3,26.8
2024-04-20,29.5,23.3,27.4,29.7,22.1,26.7,42.2,81,1008.0,88,1.3,10.5,25.8,27.1
2024-04-21,27.2,21.5,23.9,26.8,20.6,23.3,81.6,90,1009.3,90,0.0,9.7,22.5,25.2
2024-04-22,26.9,23.3,25.2,27.2,22.9,25.0,13.2,90,1008.8,87,0.7,4.3,24.3,25.8
2024-04-23,27.2,24.6,25.4,26.3,24.1,25.0,40.0,91,1008.0,91,0.6,5.5,24.3,25.5
2024-04-24,27.8,24.8,25.9,28.0,24.4,25.6,0.0,88,1008.9,85,0.6,6.9,25.1,27.0
2024-04-25,28.5,24.4,26.6,28.2,23.6,26.0,5.7,86,1007.1,84,1.7,11.8,24.9,26.1
2024-04-26,29.0,24.4,27.3,28.3,23.6,26.6,25.0,88,1004.3,90,0.1,12.0,25.5,27.2
2024-04-27,30.2,27.7,28.8,30.3,26.7,28.3,0.8,85,1005.1,88,0.3,9.7,27.1,28.4
2024-04-28,28.3,23.4,25.4,27.8,22.7,24.7,12.2,90,1008.9,88,0.2,16.3,23.0,26.5
2024-04-29,29.9,25.3,27.7,30.3,24.6,27.4,0.0,85,1008.5,88,2.2,10.6,26.6,28.4
2024-04-30,30.5,23.1,28.6,31.2,22.2,28.1,21.7,81,1005.0,86,2.5,11.4,27.1,28.9
2024-05-01,24.5,22.4,23.7,24.0,22.1,23.2,52.9,92,1008.4,88,0.0,6.2,22.3,23.2
2024-05-02,25.6,23.7,24.6,25.8,23.1,24.1,1.1,88,1011.7,88,0.1,12.7,23.2,24.6
2024-05-03,24.8,23.7,24.3,24.1,23.1,23.7,0.0,87,1012.2,88,0.0,14.7,22.4,23.1
2024-05-04,25.4,22.4,24.0,25.0,21.8,23.3,75.1,93,1009.3,88,0.1,10.8,23.4,24.6
2024-05-05,28.3,22.8,25.3,28.5,22.0,25.0,5.3,86,1010.0,79,4.8,8.5,24.9,26.9
2024-05-06,31.9,24.6,27.7,31.2,24.3,27.4,0.0,82,1012.0,53,11.1,6.1,27.3,28.9
2024-05-07,31.0,25.6,27.2,30.7,24.8,26.8,0.0,80,1013.4,84,7.6,9.1,26.3,28.2
2024-05-08,30.3,25.1,26.7,29.5,24.3,26.1,0.0,76,1014.0,82,5.1,10.0,24.8,26.9
2024-05-09,28.5,25.0,25.8,27.6,24.2,25.3,0.0,68,1015.3,88,5.6,16.6,22.4,23.5
2024-05-10,26.9,24.2,25.3,26.2,23.6,24.6,0.0,72,1015.1,88,0.5,14.0,21.9,24.1
2024-05-11,30.0,24.8,26.7,30.4,24.0,26.4,0.0,81,1013.7,88,6.2,10.8,25.5,27.6
2024-05-12,30.7,25.3,27.1,30.9,25.0,26.8,3.1,85,1011.7,87,2.6,6.1,26.4,28.7
2024-05-13,30.3,23.7,26.4,30.7,22.6,26.0,0.7,81,1011.6,88,3.7,8.8,24.9,27.2
2024-05-14,29.2,23.1,25.5,27.7,22.3,24.7,0.0,64,1013.7,40,10.4,13.1,21.7,22.8
2024-05-15,30.5,23.6,26.4,29.2,22.7,25.6,0.0,62,1014.6,64,11.4,10.4,22.5,24.4
2024-05-16,29.2,24.6,26.2,27.9,23.7,25.3,0.0,60,1014.8,55,10.6,14.3,21.4,23.6
2024-05-17,28.5,23.9,25.9,28.5,22.9,25.4,0.0,71,1012.5,80,4.9,10.2,23.3,25.4
2024-05-18,28.6,25.1,26.3,28.6,24.2,25.7,0.0,71,1009.6,88,3.1,11.8,23.4,25.8
2024-05-19,26.3,24.1,25.1,26.2,23.4,24.5,17.5,83,1007.4,88,0.1,13.9,23.2,24.2
2024-05-20,25.4,23.9,24.5,25.1,23.3,24.0,30.7,92,1006.8,88,0.0,14.6,23.3,24.6
2024-05-21,26.2,24.1,25.3,25.9,23.6,24.9,45.3,95,1008.3,91,0.1,8.0,24.7,25.4
2024-05-22,27.0,25.2,26.1,27.0,25.1,25.8,0.0,91,1008.9,91,0.0,5.1,25.2,26.2
2024-05-23,28.2,25.0,25.9,28.0,24.3,25.5,2.5,91,1009.4,94,0.4,8.3,25.1,26.9
2024-05-24,26.4,24.6,25.3,25.8,24.1,24.8,17.6,92,1010.0,92,0.0,9.2,24.4,25.0
2024-05-25,27.7,24.8,26.3,28.5,24.1,26.1,7.8,91,1010.1,88,1.3,7.9,25.9,27.6
2024-05-26,30.2,25.7,27.4,29.9,25.2,27.1,0.3,87,1008.3,88,1.2,6.7,26.5,28.3
2024-05-27,29.9,27.3,28.4,29.9,26.8,28.0,6.7,85,1003.8,88,0.4,8.8,26.7,28.4
2024-05-28,32.0,26.0,28.1,31.7,25.3,27.7,8.9,83,1002.9,88,1.8,8.9,27.1,29.9
2024-05-29,28.8,24.6,25.8,27.2,23.9,25.1,0.0,70,1005.8,87,4.2,18.2,22.0,24.1
2024-05-30,26.2,24.6,25.5,25.9,23.6,24.9,3.7,86,1005.9,88,0.0,12.2,23.5,24.8
2024-05-31,29.8,25.8,27.2,28.9,25.2,26.7,13.4,91,1006.5,88,0.3,12.0,26.5,28.0
2024-06-01,29.8,25.6,27.1,29.0,25.1,26.6,54.2,88,1007.8,89,0.8,14.1,26.1,27.7
2024-06-02,30.3,25.8,28.0,30.6,25.3,27.7,3.2,84,1007.3,86,6.9,8.3,27.2,29.1
2024-06-03,28.2,23.8,25.3,27.7,23.2,24.7,8.6,91,1008.4,88,0.0,13.2,23.5,26.1
2024-06-04,24.9,22.9,24.1,24.9,22.3,23.6,2.9,86,1009.9,88,0.2,17.2,22.5,23.5
2024-06-05,25.4,23.4,24.4,25.1,22.8,23.9,8.5,90,1010.2,88,0.0,13.1,23.4,24.2
2024-06-06,28.7,24.7,26.5,28.8,24.3,26.2,0.0,88,1009.4,88,0.4,8.0,25.9,27.9
2024-06-07,26.6,25.1,25.6,26.1,24.6,25.1,1.6,92,1007.9,94,0.0,11.0,24.2,25.1
2024-06-08,28.9,24.8,26.3,28.2,24.2,25.8,6.8,90,1006.9,88,1.7,11.8,25.5,26.9
2024-06-09,27.5,25.3,26.6,27.1,24.9,26.2,33.5,93,1008.3,86,0.0,8.5,25.6,26.8
2024-06-10,30.7,26.5,28.5,31.0,26.0,28.3,0.2,85,1008.9,86,3.1,7.1,27.7,29.6
2024-06-11,30.8,28.2,29.1,30.9,27.6,28.8,0.6,84,1008.1,88,1.3,8.0,27.7,28.9
2024-06-12,31.8,28.1,29.5,32.1,27.6,29.2,8.3,83,1006.9,88,6.2,9.2,28.6,30.2
2024-06-13,32.0,28.7,29.9,32.0,28.3,29.5,4.9,83,1004.7,86,2.1,7.8,28.7,30.7
2024-06-14,30.4,27.7,29.7,29.8,27.1,29.1,32.0,82,1004.1,89,0.0,11.4,27.4,28.1
2024-06-15,30.0,25.0,28.2,29.5,24.5,27.5,28.3,86,1004.6,88,0.0,12.5,26.6,27.6
2024-06-16,30.9,26.1,28.8,31.1,25.7,28.2,17.5,86,1006.2,88,1.3,9.5,27.5,29.3
2024-06-17,32.7,28.6,30.1,31.5,28.1,29.6,0.0,80,1006.6,88,3.4,9.8,28.3,29.1
2024-06-18,32.1,27.6,29.9,31.6,27.2,29.4,4.6,81,1005.9,88,1.3,9.3,28.1,29.7
2024-06-19,32.2,28.0,30.0,32.5,27.4,29.6,9.4,80,1005.7,88,3.8,8.0,28.3,29.9
2024-06-20,33.0,27.3,30.0,32.6,26.6,29.6,5.0,82,1005.6,86,6.6,8.7,28.5,30.1
2024-06-21,34.0,28.7,30.8,33.6,28.1,30.6,0.0,76,1006.0,77,10.4,8.2,29.1,30.7
2024-06-22,33.8,29.5,31.2,33.6,28.5,30.6,0.0,75,1006.4,86,9.3,8.8,29.1,30.4
2024-06-23,33.9,27.9,30.5,33.2,27.4,30.0,4.7,78,1006.7,86,8.5,9.0,28.7,30.4
2024-06-24,33.4,28.8,30.8,32.8,27.7,30.1,0.3,77,1007.3,88,6.7,9.9,28.7,30.1
2024-06-25,33.2,26.5,30.1,32.9,25.7,29.6,19.0,79,1009.2,88,5.5,9.8,28.5,30.6
2024-06-26,34.0,27.9,30.4,32.3,27.1,29.7,0.0,79,1011.3,79,10.5,10.3,28.8,30.0
2024-06-27,34.4,28.4,30.7,32.9,27.7,30.0,1.4,79,1010.9,73,9.8,11.3,29.0,30.4
2024-06-28,34.2,28.9,31.0,33.5,27.7,30.4,1.6,75,1008.9,76,8.4,8.2,28.8,30.2
2024-06-29,31.5,26.8,29.2,31.8,26.1,28.8,15.5,82,1007.6,86,4.8,8.3,27.8,30.3
2024-06-30,32.0,27.7,30.3,32.1,27.4,29.9,8.7,79,1006.6,88,3.3,12.9,28.4,30.4
2024-07-01,32.4,29.3,30.6,32.4,28.6,30.2,2.5,78,1005.4,88,5.6,11.6,28.5,30.1
2024-07-02,32.7,29.1,30.5,32.2,28.8,30.0,5.3,79,1006.9,86,2.9,11.8,28.2,29.3
2024-07-03,33.6,28.7,30.5,32.0,28.0,29.9,0.0,78,1011.5,57,9.4,11.3,28.6,29.9
2024-07-04,32.5,27.7,30.2,32.0,27.2,29.7,5.1,78,1011.8,54,7.4,6.7,28.3,29.8
2024-07-05,34.6,28.5,30.7,33.1,28.3,30.1,1.5,76,1008.8,53,7.1,7.8,28.5,30.4
2024-07-06,34.0,29.2,30.8,33.1,28.3,30.3,0.2,77,1008.2,62,8.4,8.2,28.9,30.9
2024-07-07,34.8,29.6,31.6,33.9,28.7,31.1,0.0,74,1008.9,64,10.6,8.9,29.6,30.9
2024-07-08,34.4,29.5,31.1,33.2,28.9,30.4,0.2,72,1008.2,62,9.1,8.3,28.5,30.2
2024-07-09,34.3,28.9,31.0,33.3,28.4,30.3,0.0,72,1008.3,46,9.3,8.5,28.6,30.6
2024-07-10,34.5,27.0,30.6,33.4,26.6,30.0,10.7,75,1008.6,54,10.4,8.5,28.5,30.4
2024-07-11,32.2,28.5,30.2,31.9,28.1,29.6,6.5,78,1006.8,75,6.3,7.7,28.2,29.8
2024-07-12,31.7,27.4,29.5,31.3,26.9,29.0,24.4,84,1004.8,82,7.1,6.4,28.2,30.1
2024-07-13,33.8,27.7,30.7,33.2,27.8,30.2,8.0,76,1005.3,82,8.9,8.0,28.8,30.6
2024-07-14,34.6,26.7,30.3,32.9,26.2,29.7,90.0,82,1007.3,85,7.5,10.8,28.8,30.1
2024-07-15,33.0,27.9,29.7,32.6,27.2,29.1,13.6,85,1008.4,87,5.1,11.9,28.2,30.2
2024-07-16,30.4,26.0,29.0,31.4,25.7,28.7,15.7,86,1008.5,86,2.9,10.9,27.4,30.0
2024-07-17,32.7,26.7,29.5,32.0,25.2,29.0,13.7,83,1008.9,84,8.4,11.5,28.1,29.6
2024-07-18,30.9,26.7,28.4,31.1,25.9,28.2,19.6,88,1009.1,78,3.0,9.5,27.1,29.9
2024-07-19,30.8,27.1,29.0,30.6,26.8,28.7,40.5,89,1007.5,87,0.7,7.8,27.7,29.4
2024-07-20,33.5,29.0,30.3,32.6,28.6,30.0,3.7,85,1007.5,88,5.5,13.4,29.0,30.8
2024-07-21,32.1,28.6,30.1,31.7,27.6,29.6,4.7,83,1007.1,82,3.7,13.7,28.3,30.4
2024-07-22,33.5,29.0,30.6,32.6,28.3,30.1,0.2,80,1005.3,87,8.5,11.9,29.1,30.6
2024-07-23,33.3,28.8,30.7,33.0,28.2,30.3,0.0,76,1001.6,86,11.1,9.3,29.1,30.6
2024-07-24,32.7,28.7,30.3,32.7,28.3,30.1,0.0,80,996.9,88,3.8,9.8,28.5,29.9
2024-07-25,33.1,29.5,30.9,33.1,28.9,30.7,0.0,78,992.2,87,10.1,13.0,29.1,30.4
2024-07-26,30.3,28.9,29.8,29.8,28.2,29.1,3.9,85,995.2,93,0.0,10.5,27.8,28.4
2024-07-27,30.2,27.0,28.7,29.5,26.1,28.0,34.7,88,1002.8,92,0.0,9.2,27.1,28.1
2024-07-28,27.8,26.4,27.1,27.5,25.9,26.5,69.4,94,1005.9,92,0.0,10.0,25.9,26.9
2024-07-29,29.6,26.6,27.6,29.2,25.9,27.0,6.7,89,1006.1,88,0.5,10.7,26.3,27.8
2024-07-30,30.3,26.1,27.6,30.3,25.4,27.2,29.5,89,1006.0,88,3.9,8.3,27.0,29.1
2024-07-31,30.2,26.2,28.1,29.7,25.8,27.6,48.2,88,1007.7,90,1.1,8.0,26.6,29.2
2024-08-01,32.9,28.2,30.2,32.3,27.6,29.8,2.3,79,1008.2,79,6.0,8.7,28.5,29.8
2024-08-02,31.5,28.2,29.8,31.7,28.0,29.5,0.4,81,1007.8,72,4.8,8.3,28.4,30.0
2024-08-03,33.3,28.7,30.4,32.8,28.0,30.1,0.0,76,1008.7,27,11.2,9.7,29.1,30.3
2024-08-04,34.2,28.3,30.7,33.7,27.8,30.3,0.0,76,1007.8,22,11.5,10.5,28.9,30.3
2024-08-05,35.4,29.3,31.8,34.9,28.9,31.4,0.0,76,1005.7,59,9.6,8.2,30.3,31.9
2024-08-06,34.9,26.6,30.6,33.9,25.9,30.2,10.3,78,1005.4,71,7.5,6.6,28.8,31.7
2024-08-07,33.7,28.6,30.7,33.4,28.6,30.5,0.0,79,1006.5,70,10.2,8.7,29.8,31.4
2024-08-08,33.2,29.3,30.7,33.2,28.7,30.4,0.0,77,1006.7,57,11.5,10.4,29.4,30.7
2024-08-09,33.0,28.7,30.4,32.9,28.2,30.2,0.0,76,1005.6,70,11.4,11.2,29.0,30.0
2024-08-10,32.7,29.0,30.5,32.6,28.3,30.2,0.0,79,1004.1,88,6.6,10.1,29.3,30.9
2024-08-11,32.0,29.2,30.3,32.1,28.6,29.9,0.0,81,1003.1,82,5.6,9.3,28.9,30.6
2024-08-12,31.8,26.0,29.2,30.9,25.6,28.6,20.9,85,1004.1,88,4.3,7.3,27.2,29.2
2024-08-13,33.4,28.0,29.7,33.3,27.7,29.5,5.0,82,1006.0,88,6.7,6.5,28.6,30.8
2024-08-14,30.5,28.2,29.2,30.0,27.8,28.9,0.1,82,1006.3,88,0.9,6.8,27.3,29.2
2024-08-15,29.9,26.0,27.7,30.2,25.8,27.3,8.0,88,1005.2,88,1.2,6.5,26.4,28.7
2024-08-16,29.5,26.5,27.7,30.1,26.3,27.4,0.4,84,1005.1,85,1.7,6.3,26.5,28.9
2024-08-17,28.8,25.2,27.3,28.3,24.7,26.7,116.2,92,1006.7,93,0.1,6.1,25.9,27.6
2024-08-18,30.3,25.8,28.3,30.2,25.5,27.8,32.5,87,1006.1,89,1.4,9.2,26.9,29.1
2024-08-19,28.8,26.9,28.0,28.6,26.2,27.3,19.3,88,1004.5,90,0.1,9.3,26.5,27.4
2024-08-20,28.5,25.6,27.5,28.3,25.2,26.9,11.4,89,1006.3,95,0.0,9.4,25.7,27.5
2024-08-21,28.2,26.3,27.1,27.5,25.8,26.7,3.9,87,1009.8,89,0.0,6.6,25.7,26.4
2024-08-22,32.0,26.6,28.9,32.0,26.4,28.8,0.0,83,1010.4,87,5.7,6.4,28.2,30.1
2024-08-23,31.4,28.0,29.3,31.4,27.3,28.9,0.0,82,1010.5,88,5.3,7.8,27.9,30.1
2024-08-24,34.3,28.1,30.2,33.2,27.4,29.8,0.0,77,1009.3,79,11.0,8.4,28.6,30.1
2024-08-25,33.7,28.0,30.1,32.9,27.4,29.6,0.0,75,1008.0,47,9.0,8.5,28.2,29.6
2024-08-26,33.8,28.4,30.3,33.4,27.7,29.9,0.0,75,1006.7,41,11.2,9.3,28.5,29.9
2024-08-27,34.1,28.5,30.6,33.4,27.8,30.2,0.0,74,1005.4,48,11.1,9.4,28.9,29.9
2024-08-28,34.8,27.6,30.7,34.6,27.5,30.2,0.0,75,1003.5,78,8.2,9.3,29.3,30.8
2024-08-29,33.6,28.3,30.5,32.8,27.7,29.7,0.0,76,1004.6,73,10.7,8.5,28.7,30.0
2024-08-30,33.7,27.9,30.3,32.3,26.8,29.8,23.3,82,1006.9,80,9.9,11.4,28.9,30.7
2024-08-31,32.2,27.8,29.6,32.2,26.9,28.9,7.5,84,1008.2,86,2.9,11.9,27.8,29.8
2024-09-01,33.0,28.1,30.1,32.1,27.6,29.7,0.0,82,1008.1,57,7.5,5.2,28.7,30.1
2024-09-02,34.2,28.4,30.6,33.7,28.0,30.1,0.0,78,1007.6,50,8.4,6.8,29.0,31.1
2024-09-03,33.5,25.5,30.2,33.2,24.7,29.9,35.5,78,1006.1,85,8.3,6.3,28.9,30.4
2024-09-04,32.5,26.5,29.7,33.2,25.8,29.5,0.6,75,1002.3,88,7.1,8.0,27.6,29.4
2024-09-05,33.4,26.2,30.4,32.4,25.4,29.9,21.5,71,999.5,88,4.3,18.2,27.1,28.2
2024-09-06,28.8,25.9,27.6,28.3,25.3,27.0,84.1,90,1001.6,95,0.0,21.2,26.1,27.0
2024-09-07,30.9,27.9,29.2,30.1,27.0,28.6,5.8,88,1007.1,88,2.5,15.5,27.9,28.8
2024-09-08,30.1,27.3,28.2,29.7,26.8,27.7,37.8,91,1008.6,88,2.3,8.3,27.3,29.0
2024-09-09,30.0,26.3,27.8,29.6,25.5,27.2,13.0,85,1007.7,83,3.0,8.0,26.3,28.4
2024-09-10,33.3,26.8,29.4,32.2,26.2,28.8,0.0,77,1007.3,60,11.0,8.5,27.4,28.8
2024-09-11,34.3,28.2,30.4,33.4,27.1,29.7,0.0,76,1008.1,51,11.0,6.8,28.4,30.1
2024-09-12,32.2,27.7,29.8,32.0,27.4,29.3,0.0,77,1007.0,55,9.8,7.4,28.1,29.4
2024-09-13,34.5,28.2,30.4,33.1,27.2,29.7,0.1,73,1005.1,72,10.8,8.4,28.0,29.2
2024-09-14,33.5,26.7,29.2,32.8,25.9,28.8,57.2,76,1002.8,82,5.8,6.1,26.7,29.5
2024-09-15,31.7,27.4,29.3,31.6,27.3,28.9,2.4,76,1002.3,68,6.9,6.2,27.1,28.7
2024-09-16,30.6,25.8,28.5,30.2,25.0,28.1,27.4,81,1004.0,85,4.1,9.9,26.5,28.3
2024-09-17,35.7,26.3,30.8,34.4,25.1,30.2,16.0,74,1004.1,76,9.9,11.3,28.7,30.6
2024-09-18,32.8,26.8,29.7,32.4,26.0,29.4,0.0,73,1003.9,68,8.4,13.2,27.0,28.0
2024-09-19,33.6,28.7,30.2,32.0,27.8,29.5,0.0,75,1003.2,86,9.4,12.4,27.5,29.0
2024-09-20,32.6,27.4,29.8,32.5,26.3,29.3,4.6,79,1003.2,84,5.7,8.7,28.2,30.0
2024-09-21,28.8,25.7,27.7,29.4,25.5,27.3,72.9,90,1003.5,88,0.1,7.8,26.3,28.1
2024-09-22,30.1,24.4,27.1,30.5,23.9,26.8,32.1,88,1005.8,91,0.0,10.9,26.0,28.0
2024-09-23,28.0,23.4,25.7,28.3,22.8,25.3,24.9,90,1009.0,90,0.5,8.5,24.7,26.9
2024-09-24,28.2,25.2,26.7,28.3,24.7,26.3,75.0,91,1010.6,89,1.0,5.5,25.8,28.0
2024-09-25,31.4,26.9,28.5,31.3,26.4,28.2,5.4,83,1011.2,73,7.4,7.8,27.4,29.7
2024-09-26,31.6,27.4,29.4,32.0,26.9,29.1,0.0,78,1011.2,39,10.3,9.2,28.0,29.4
2024-09-27,32.4,28.1,29.9,32.7,27.6,29.7,0.0,76,1010.1,41,10.6,9.6,28.1,29.4
2024-09-28,32.1,27.5,29.1,32.5,26.7,28.7,1.3,80,1009.2,74,5.7,10.2,27.5,30.8
2024-09-29,31.8,26.6,29.2,32.2,25.9,28.9,3.3,76,1008.6,62,9.2,7.1,27.6,29.4
2024-09-30,33.3,27.9,30.5,33.4,27.5,30.3,0.0,71,1005.5,61,9.5,9.0,28.1,30.7
2024-10-01,34.2,27.8,30.9,33.7,27.1,30.6,0.0,58,1005.2,78,8.4,12.3,26.7,28.7
2024-10-02,30.8,25.5,27.4,29.7,24.9,26.7,0.0,54,1009.9,75,9.5,11.7,22.6,24.6
2024-10-03,29.4,23.3,26.1,28.0,22.8,25.4,0.0,49,1013.2,74,10.5,12.4,20.6,22.9
2024-10-04,30.9,24.6,27.0,29.3,23.9,26.4,0.0,50,1014.4,69,6.6,10.7,21.3,24.3
2024-10-05,31.5,25.5,27.9,30.4,25.1,27.3,0.0,63,1013.3,80,6.9,9.2,23.7,26.6
2024-10-06,33.3,26.7,29.2,32.5,26.1,28.6,0.0,70,1013.7,42,10.5,6.7,26.2,28.6
2024-10-07,32.9,27.3,29.3,32.1,26.6,28.7,0.0,66,1014.4,60,7.5,8.2,25.5,27.8
2024-10-08,31.7,26.2,28.2,30.5,25.2,27.3,0.0,62,1014.2,35,9.2,10.0,23.8,26.2
2024-10-09,27.4,25.2,26.4,27.0,24.2,25.7,0.0,68,1013.5,83,0.5,9.6,22.0,23.7
2024-10-10,30.6,24.5,27.0,29.7,23.7,26.3,0.0,68,1013.0,58,6.0,8.3,23.4,25.6
2024-10-11,27.5,23.2,25.3,26.6,22.3,24.5,8.7,79,1013.7,84,1.1,9.0,22.4,23.7
2024-10-12,29.7,25.6,27.0,28.5,24.6,26.2,0.0,67,1015.1,31,10.7,12.7,23.1,24.9
2024-10-13,30.2,25.9,27.5,29.2,24.9,26.7,0.0,73,1014.5,65,9.4,12.0,24.8,26.7
2024-10-14,31.0,26.3,28.0,30.3,25.3,27.2,0.0,75,1013.5,34,9.9,11.8,25.8,27.8
2024-10-15,30.9,26.6,28.1,30.0,25.8,27.4,0.0,75,1013.6,77,8.7,10.9,25.8,27.3
2024-10-16,31.1,27.4,28.2,30.1,26.4,27.4,0.0,74,1014.5,88,5.3,14.2,25.2,27.0
2024-10-17,29.7,27.1,27.8,28.7,26.2,27.1,0.0,77,1013.9,85,3.9,13.2,25.2,26.6
2024-10-18,30.7,27.1,28.3,30.1,26.0,27.5,0.0,78,1013.2,85,6.6,10.5,26.3,28.0
2024-10-19,33.7,26.4,29.2,33.3,25.6,28.3,0.0,74,1014.1,43,9.6,7.2,27.0,29.6
2024-10-20,29.7,26.9,27.9,28.8,26.4,27.1,1.9,75,1016.5,82,3.4,15.5,24.7,26.6
2024-10-21,31.5,26.4,27.8,30.8,25.4,26.9,0.0,75,1015.0,69,4.0,10.5,25.1,27.4
2024-10-22,32.3,26.0,28.3,31.5,25.2,27.7,0.0,64,1013.7,52,10.0,11.3,24.9,26.8
2024-10-23,28.4,23.4,25.7,27.5,22.5,25.0,0.0,57,1012.4,81,8.3,13.3,21.6,23.5
2024-10-24,28.5,22.0,24.8,27.5,21.1,24.2,0.0,42,1009.2,84,10.0,11.5,18.4,20.8
2024-10-25,29.4,22.9,26.0,28.6,22.3,25.4,0.0,45,1006.7,78,8.4,13.3,20.2,23.1
2024-10-26,28.5,25.3,26.6,27.4,24.7,26.0,0.7,67,1006.6,88,0.7,13.0,22.7,24.2
2024-10-27,29.2,25.9,27.3,28.3,25.3,26.7,0.0,73,1009.3,77,3.3,12.2,24.6,25.9
2024-10-28,27.2,24.6,25.8,26.6,23.8,25.1,0.0,67,1010.1,83,0.3,9.7,21.8,23.3
2024-10-29,26.7,23.7,25.3,26.3,22.7,24.6,0.0,69,1011.1,86,1.7,8.4,21.9,23.9
2024-10-30,29.3,24.3,26.2,29.4,23.6,25.8,0.0,64,1010.3,70,7.8,8.3,23.2,25.5
2024-10-31,30.6,24.1,27.1,30.8,23.6,26.9,0.0,52,1006.0,41,10.4,10.0,22.6,25.4
2024-11-01,30.6,24.0,26.8,30.0,23.1,26.2,0.0,56,1009.7,50,10.3,10.4,22.9,25.4
2024-11-02,27.6,22.9,25.1,27.1,22.0,24.4,0.0,64,1016.3,76,4.3,10.4,21.3,23.8
2024-11-03,29.2,24.6,26.0,28.3,23.7,25.3,0.0,73,1017.1,84,4.3,10.3,23.3,25.2
2024-11-04,29.0,24.8,26.2,29.2,23.7,25.7,0.0,75,1016.9,86,7.0,10.0,24.4,26.2
2024-11-05,29.2,24.1,26.0,28.2,23.1,25.3,0.0,67,1017.8,78,6.8,10.5,22.3,23.9
2024-11-06,28.0,23.3,25.0,27.6,22.7,24.3,0.0,64,1018.9,60,6.4,10.3,21.1,23.5
2024-11-07,27.0,22.3,23.9,26.6,21.6,23.2,0.0,54,1019.4,31,9.8,10.7,18.9,20.4
2024-11-08,27.3,20.9,24.1,27.2,20.2,23.8,0.0,48,1016.6,42,10.1,9.4,19.1,21.6
2024-11-09,27.9,23.4,25.2,28.6,22.5,24.7,1.9,66,1014.5,88,2.7,11.0,21.4,24.5
2024-11-10,26.4,23.4,24.9,26.5,22.8,24.5,6.2,80,1014.8,88,0.0,10.2,22.7,24.1
2024-11-11,26.3,24.0,24.9,26.2,22.8,24.3,0.0,77,1014.4,80,2.1,9.7,22.5,24.1
2024-11-12,29.4,23.3,25.9,29.7,22.7,25.5,0.0,75,1012.3,59,9.9,6.5,24.4,26.1
2024-11-13,26.2,23.2,25.0,26.4,22.7,24.8,14.8,82,1010.1,86,0.3,10.8,22.7,24.4
2024-11-14,25.6,24.2,24.8,25.2,23.6,24.3,6.3,88,1009.6,92,0.0,18.0,23.3,23.9
2024-11-15,25.1,23.5,24.2,24.6,22.9,23.7,36.6,94,1010.0,92,0.1,7.8,23.5,24.2
2024-11-16,27.9,23.8,25.5,27.8,23.1,25.2,33.3,88,1011.7,88,1.5,5.9,24.8,26.8
2024-11-17,26.2,22.9,24.3,26.7,22.2,23.9,6.1,88,1014.4,85,3.2,7.8,23.1,25.8
2024-11-18,25.5,23.2,24.2,25.8,22.4,23.9,0.0,73,1016.8,79,3.2,10.9,21.4,23.2
2024-11-19,23.2,18.4,20.1,22.4,17.8,19.4,7.3,83,1018.6,97,0.0,14.0,17.5,19.9
2024-11-20,18.6,17.5,18.1,18.2,17.0,17.6,73.8,95,1018.4,100,0.0,9.8,16.8,17.3
2024-11-21,21.1,17.9,19.2,21.3,17.3,18.9,5.6,85,1018.2,89,0.4,8.0,18.1,20.5
2024-11-22,22.6,18.8,20.2,23.2,18.2,19.7,0.0,74,1018.9,70,3.7,8.1,18.3,20.8
2024-11-23,22.5,18.4,20.4,22.7,18.0,19.9,0.0,71,1020.0,86,1.8,7.9,17.5,20.1
2024-11-24,23.0,19.8,21.4,22.8,19.2,20.9,1.0,74,1019.5,88,0.5,8.7,18.5,19.9
2024-11-25,23.5,21.1,22.3,23.5,20.3,21.8,0.0,78,1018.4,88,0.6,9.0,19.9,21.0
2024-11-26,23.4,18.7,20.8,23.9,18.2,20.5,1.2,63,1019.0,45,9.8,10.3,17.4,19.9
2024-11-27,21.5,17.0,19.2,22.2,16.2,18.8,0.0,45,1020.8,45,9.8,9.7,14.7,17.2
2024-11-28,21.5,17.0,19.2,22.0,16.3,18.9,0.0,36,1022.0,40,9.8,11.0,13.5,15.9
2024-11-29,21.2,16.6,18.8,21.5,15.8,18.1,0.0,34,1020.9,32,9.8,11.8,12.6,15.4
2024-11-30,22.0,16.5,19.0,23.3,15.6,18.6,0.0,55,1017.7,21,9.8,6.4,15.5,18.2
2024-12-01,22.7,17.6,19.7,23.8,16.3,19.2,0.0,69,1015.0,54,9.7,7.5,17.7,20.2
2024-12-02,23.8,18.8,21.0,25.0,17.6,20.5,0.0,68,1015.1,34,9.7,8.8,18.6,20.5
2024-12-03,24.9,19.7,21.9,26.7,18.3,21.5,0.0,74,1015.7,32,9.4,8.8,20.5,23.7
2024-12-04,23.9,21.4,22.2,24.1,20.5,21.7,0.0,73,1016.3,59,8.7,13.3,19.8,21.4
2024-12-05,23.3,20.7,21.7,24.0,19.2,21.0,0.0,76,1016.4,54,4.2,9.0,19.4,21.8
2024-12-06,23.3,20.2,21.4,23.7,19.0,20.8,0.0,71,1016.6,52,6.2,7.7,19.0,21.0
2024-12-07,23.3,17.9,20.7,23.6,16.8,20.0,0.0,66,1018.2,29,9.5,9.3,18.2,20.6
2024-12-08,21.6,16.0,18.3,21.8,14.9,17.6,0.0,65,1020.9,54,6.6,9.5,15.7,19.2
2024-12-09,20.2,17.1,18.7,20.1,16.1,17.8,0.0,70,1019.6,75,2.3,8.9,15.7,18.2
2024-12-10,22.4,19.2,20.6,23.0,18.3,20.1,0.0,73,1016.5,85,6.0,11.6,18.2,20.4
2024-12-11,25.2,20.0,22.3,26.9,18.8,22.0,0.0,72,1016.4,68,5.6,7.4,20.6,23.5
2024-12-12,22.0,17.1,19.5,22.5,16.2,18.9,0.0,65,1018.3,67,7.8,9.0,16.9,19.6
2024-12-13,20.7,15.6,18.5,20.8,14.2,17.7,0.0,59,1020.2,67,4.7,10.9,15.1,17.3
2024-12-14,17.3,13.8,15.5,17.3,12.9,14.8,0.0,49,1024.7,81,7.7,11.5,11.5,13.7
2024-12-15,17.0,13.0,14.8,16.6,12.0,14.0,0.0,40,1025.2,87,3.9,9.8,9.7,12.1
2024-12-16,18.7,14.4,16.3,19.3,13.6,15.7,0.0,44,1022.7,67,4.9,6.2,11.5,14.3
2024-12-17,20.4,15.5,17.9,22.0,14.2,17.4,0.0,58,1021.0,27,9.5,4.8,15.2,17.5
2024-12-18,20.9,16.6,18.6,21.4,15.7,18.2,0.0,45,1021.0,58,4.5,10.0,13.5,16.8
2024-12-19,18.1,13.7,15.6,18.8,12.5,15.0,0.0,40,1022.7,8,9.3,12.1,11.0,14.4
2024-12-20,17.7,11.9,14.9,18.5,10.7,14.4,0.0,45,1020.6,6,9.4,8.5,11.0,14.5
2024-12-21,20.2,13.9,16.9,20.9,13.2,16.7,0.0,42,1020.0,14,9.4,9.0,12.6,15.7
2024-12-22,18.0,13.5,15.8,19.4,12.4,15.3,0.0,48,1021.4,67,7.8,11.3,11.5,15.0
2024-12-23,17.5,15.1,16.5,17.1,14.3,15.8,0.0,57,1020.6,88,0.0,8.5,11.9,13.8
2024-12-24,19.1,15.6,17.4,19.0,14.8,16.8,0.0,55,1021.2,88,1.4,8.9,13.3,15.4
2024-12-25,20.6,16.6,18.5,21.2,15.6,18.0,0.0,71,1021.1,88,4.0,7.0,16.2,19.5
2024-12-26,22.9,18.0,20.1,22.9,17.8,19.8,0.0,74,1021.6,86,2.6,4.4,18.1,21.5
2024-12-27,20.9,18.1,19.2,20.9,17.1,18.6,0.0,75,1023.1,68,1.4,8.3,17.2,18.8
2024-12-28,18.8,15.1,16.9,19.1,14.1,16.3,0.0,43,1024.9,31,7.7,11.4,12.4,15.1
2024-12-29,17.4,13.3,15.4,17.7,12.4,14.7,0.0,57,1023.4,15,8.6,10.5,12.4,15.2
2024-12-30,20.4,14.3,17.7,21.5,12.8,17.2,0.0,63,1021.2,13,9.3,6.2,15.4,17.9
2024-12-31,22.6,17.6,19.8,23.6,16.4,19.7,0.0,55,1019.1,54,7.7,5.5,16.0,19.0
2025-01-01,19.1,16.7,17.8,18.6,15.9,16.9,0.0,73,1018.4,88,0.1,10.7,14.7,16.2
2025-01-02,22.0,16.9,19.1,22.5,16.1,18.5,0.0,69,1018.3,87,2.6,5.9,16.7,19.9
2025-01-03,21.1,17.1,18.8,21.5,16.1,18.4,0.0,42,1019.8,10,9.6,11.4,13.0,16.3
2025-01-04,19.7,15.9,17.6,20.5,14.6,16.9,0.0,66,1020.5,50,8.2,10.3,14.7,17.4
2025-01-05,21.7,17.1,18.8,23.1,16.1,18.5,0.0,62,1019.5,63,6.1,5.2,15.6,18.2
2025-01-06,21.5,15.7,18.2,22.5,15.6,17.8,0.0,52,1018.9,4,9.6,8.3,14.4,17.0
2025-01-07,19.1,15.9,17.3,19.5,14.6,16.6,0.0,65,1019.8,58,7.2,11.9,14.2,16.4
2025-01-08,20.6,16.6,17.8,21.3,15.7,17.1,0.0,67,1020.0,54,5.6,11.0,15.1,18.2
2025-01-09,20.3,15.8,17.7,20.6,14.7,17.2,0.0,66,1022.1,21,9.6,8.2,15.5,17.4
2025-01-10,17.5,12.7,15.1,17.2,11.5,14.3,0.0,45,1027.7,15,9.6,10.8,10.7,13.3
2025-01-11,16.6,11.5,14.0,17.4,10.1,13.3,0.0,43,1029.1,12,9.6,10.2,10.0,13.5
2025-01-12,18.2,11.0,14.5,19.3,10.1,13.9,0.0,41,1026.1,7,9.8,9.7,9.9,13.5
2025-01-13,18.7,13.9,16.2,19.7,12.0,15.7,0.0,55,1023.1,45,8.9,8.7,12.6,14.9
2025-01-14,20.2,16.2,18.2,20.3,15.4,17.6,0.0,57,1021.9,89,0.1,9.7,13.9,15.6
2025-01-15,22.3,17.2,19.5,22.9,16.0,19.0,0.0,49,1023.6,45,9.1,10.6,14.8,16.5
2025-01-16,18.3,14.1,16.2,19.1,13.1,15.7,0.0,48,1024.9,1,9.6,9.0,12.5,15.7
2025-01-17,18.6,12.9,15.5,18.8,12.0,14.8,0.0,53,1022.9,7,9.9,9.6,11.3,14.0
2025-01-18,19.5,14.2,16.2,20.3,12.7,15.6,0.0,59,1019.7,20,9.9,7.6,13.6,16.2
2025-01-19,21.6,14.3,17.2,22.5,12.4,16.7,0.0,60,1016.6,9,10.0,3.7,14.8,17.6
2025-01-20,20.9,15.4,17.8,21.6,13.7,17.2,0.0,59,1016.3,6,9.9,6.6,14.8,16.5
2025-01-21,20.0,15.9,17.4,20.9,14.8,16.9,0.6,59,1017.2,56,5.4,11.5,13.2,16.1
2025-01-22,21.4,17.3,18.6,21.7,16.7,18.1,1.0,67,1017.4,86,3.5,9.6,15.7,18.1
2025-01-23,21.7,17.7,19.2,21.9,17.0,18.7,1.2,80,1016.2,85,1.5,6.5,18.0,20.0
2025-01-24,20.8,17.1,18.5,20.7,16.0,17.9,0.0,72,1015.2,49,9.9,15.8,16.7,19.0
2025-01-25,20.0,16.8,17.9,20.2,16.0,17.4,0.0,77,1016.5,59,6.1,14.9,16.3,18.3
2025-01-26,17.5,12.2,15.2,16.7,11.4,14.4,0.2,72,1020.9,82,0.0,11.0,12.9,14.9
2025-01-27,17.3,10.6,13.9,17.2,9.7,13.3,0.0,40,1022.1,36,10.3,12.2,9.5,12.4
2025-01-28,19.1,11.8,15.1,19.7,10.8,14.5,0.0,40,1024.4,30,9.9,8.0,11.0,14.4
2025-01-29,18.5,14.3,15.8,18.6,13.1,15.2,0.0,54,1024.2,69,8.5,11.8,11.9,13.6
2025-01-30,18.4,14.5,16.4,19.1,13.4,15.9,0.0,66,1019.9,51,8.9,13.5,14.0,17.0
2025-01-31,20.4,16.8,18.1,21.7,16.2,17.8,1.2,63,1015.9,80,3.3,11.8,14.9,18.0
2025-02-01,21.9,17.2,19.5,22.2,16.5,19.1,1.7,86,1013.1,88,3.0,8.0,18.9,20.8
2025-02-02,20.1,17.5,18.5,19.5,16.9,17.9,0.0,86,1014.3,89,0.4,10.3,17.0,18.2
2025-02-03,17.8,13.1,15.8,17.9,12.1,15.0,0.1,74,1019.6,85,1.2,9.5,13.4,16.0
2025-02-04,18.6,12.2,14.7,18.9,11.4,13.9,0.0,61,1022.2,48,8.2,9.8,12.3,15.2
2025-02-05,18.5,13.6,15.7,18.7,12.4,15.1,0.0,65,1019.4,54,7.0,10.0,13.1,15.4
2025-02-06,20.1,15.9,17.4,20.8,14.9,16.8,0.0,57,1017.9,87,2.2,9.3,13.3,16.5
2025-02-07,17.7,12.7,15.5,17.0,11.8,14.6,0.0,63,1021.4,88,0.0,9.2,12.4,13.8
2025-02-08,17.2,11.5,14.0,17.0,10.6,13.4,0.0,43,1024.6,82,4.1,10.1,9.8,13.1
2025-02-09,17.4,11.8,14.5,17.5,10.6,13.7,0.0,46,1024.0,32,10.4,9.9,9.9,12.9
2025-02-10,19.1,12.8,15.9,19.4,11.2,15.3,0.0,63,1021.7,41,9.7,11.4,13.0,15.3
2025-02-11,19.9,15.2,17.6,20.4,14.4,17.3,0.0,71,1019.1,78,4.4,12.2,15.4,17.4
2025-02-12,20.3,17.2,18.8,20.5,16.5,18.4,23.8,93,1017.2,93,0.0,5.9,18.4,20.1
2025-02-13,19.6,16.9,18.1,19.2,16.0,17.6,0.0,79,1018.9,86,0.3,9.0,15.3,18.3
2025-02-14,18.2,15.5,16.8,17.9,14.7,16.1,0.2,87,1017.9,91,0.7,9.5,15.7,17.4
2025-02-15,22.3,16.7,18.5,22.7,15.8,17.9,0.0,83,1015.6,56,5.2,6.5,17.8,21.1
2025-02-16,25.1,17.8,21.0,26.4,16.9,20.8,0.0,81,1016.9,41,8.6,5.4,20.8,23.5
2025-02-17,21.9,17.3,18.9,21.4,16.0,18.2,0.0,70,1020.6,42,10.0,13.7,16.9,18.7
2025-02-18,20.4,16.7,18.0,20.5,15.6,17.2,0.0,71,1021.7,50,8.7,13.8,15.9,17.8
2025-02-19,18.7,16.1,17.2,18.4,15.3,16.5,0.0,75,1021.9,86,0.5,12.4,14.8,16.3
2025-02-20,19.8,16.6,17.7,20.0,15.7,17.1,0.0,79,1021.2,85,1.2,14.6,16.0,17.8
2025-02-21,19.4,16.3,17.1,18.9,15.5,16.4,0.0,82,1022.4,83,2.1,10.8,15.6,17.8
2025-02-22,18.1,15.5,16.6,18.4,14.8,16.0,0.0,80,1023.2,88,0.1,10.2,14.9,16.7
2025-02-23,18.8,15.4,16.8,18.4,14.4,16.0,0.0,73,1026.0,89,0.8,9.4,14.6,16.5
2025-02-24,19.5,13.0,15.4,19.0,11.9,14.5,0.0,67,1028.2,69,5.6,12.4,13.0,16.2
2025-02-25,19.6,14.4,16.9,19.1,13.5,16.4,0.0,70,1026.1,88,0.2,7.3,14.1,16.2
2025-02-26,20.7,16.1,17.8,20.9,15.6,17.2,0.3,76,1022.9,88,0.7,7.0,16.1,18.6
2025-02-27,22.2,16.1,18.7,22.3,15.2,18.1,0.0,76,1019.0,53,8.7,10.9,17.4,19.5
2025-02-28,25.4,18.1,21.3,25.4,16.9,21.0,0.0,77,1017.3,55,9.1,6.3,20.4,22.5
2025-03-01,23.9,20.4,21.9,23.4,19.2,21.2,0.0,87,1014.7,83,0.3,8.0,20.9,22.1
2025-03-02,27.0,21.2,22.8,26.6,20.6,22.4,0.0,87,1012.4,81,4.6,6.8,22.8,24.8
2025-03-03,26.7,21.3,23.7,26.6,20.6,23.2,0.0,84,1010.8,85,4.6,6.7,23.0,25.1
2025-03-04,27.0,22.4,24.4,27.6,21.9,23.9,0.0,85,1010.3,84,0.5,5.5,23.2,25.4
2025-03-05,23.9,17.4,19.6,23.2,16.5,18.7,1.0,89,1013.4,94,0.0,14.3,17.4,22.3
2025-03-06,17.5,12.7,14.5,16.7,11.8,13.7,11.5,83,1019.7,96,0.0,10.3,11.8,16.2
2025-03-07,14.5,12.1,13.5,13.7,11.2,12.7,5.3,84,1021.2,93,0.0,7.9,11.6,12.3
2025-03-08,20.9,13.9,16.6,20.6,12.9,16.0,0.0,72,1020.8,78,5.0,6.2,14.9,18.2
2025-03-09,22.0,16.0,18.3,21.7,15.1,17.8,0.0,68,1022.0,68,8.2,12.1,16.2,18.5
2025-03-10,25.6,18.0,20.4,25.0,17.2,19.8,0.0,70,1020.3,63,6.0,11.6,18.2,22.0
2025-03-11,24.1,19.6,22.0,24.2,18.7,21.5,0.0,75,1016.6,86,0.7,8.4,19.9,21.6
2025-03-12,24.3,21.4,22.4,24.6,20.9,22.1,2.8,86,1014.3,91,0.5,6.0,21.4,23.7
2025-03-13,28.5,21.9,24.3,28.6,21.3,24.0,0.0,82,1013.4,86,6.6,4.4,23.9,26.1
2025-03-14,23.5,20.1,21.5,22.7,19.6,21.0,0.0,90,1014.4,93,0.1,9.8,20.3,21.9
2025-03-15,25.9,18.8,21.2,26.8,18.2,21.0,12.6,88,1014.3,88,5.0,9.5,21.7,25.2
2025-03-16,20.9,15.4,17.6,20.2,14.8,16.9,0.0,57,1019.3,60,8.2,14.4,13.9,16.4
2025-03-17,18.4,15.1,16.4,17.8,14.3,15.5,0.0,53,1021.0,85,0.8,10.9,11.8,13.9
2025-03-18,19.8,15.1,17.1,19.2,14.1,16.3,0.0,52,1022.4,75,0.8,7.8,12.8,15.7
2025-03-19,22.8,15.5,18.5,21.6,14.5,17.6,0.0,54,1024.4,19,10.9,7.6,14.8,16.7
2025-03-20,24.4,16.5,19.4,23.2,15.1,18.4,0.0,61,1024.1,19,11.0,9.3,16.3,18.7
2025-03-21,25.9,16.9,20.5,25.4,14.9,19.6,0.0,57,1022.7,1,11.1,7.1,16.6,19.1
2025-03-22,26.3,17.9,21.2,25.4,16.1,20.4,0.0,60,1020.5,4,11.2,5.1,17.9,19.5
2025-03-23,26.9,18.1,21.8,25.8,16.5,20.9,0.0,61,1017.6,3,11.1,3.8,19.1,21.2
2025-03-24,27.7,18.9,22.4,26.1,18.1,21.6,0.0,60,1013.4,0,11.1,5.4,19.3,21.5
2025-03-25,28.4,20.2,23.5,27.8,19.5,22.8,0.0,61,1009.4,14,11.1,5.9,20.3,22.7
2025-03-26,26.6,21.8,23.9,26.5,21.1,23.3,0.0,77,1007.9,55,10.4,7.5,22.7,24.7
2025-03-27,28.1,23.2,25.2,27.6,22.3,24.8,0.0,78,1007.2,86,2.0,6.9,23.5,25.2
2025-03-28,29.4,19.3,25.1,28.5,18.3,24.3,1.5,86,1010.7,85,2.0,9.1,24.8,27.7
2025-03-29,19.3,13.7,16.5,18.3,12.5,15.5,1.2,83,1017.5,93,0.0,11.0,14.3,17.8
2025-03-30,15.0,12.7,13.7,14.2,11.7,12.7,2.2,82,1020.6,94,0.0,9.0,11.6,12.9
2025-03-31,14.3,12.5,13.6,13.5,11.7,12.7,0.0,82,1019.5,92,0.0,6.1,11.7,12.5
2025-04-01,20.3,12.9,16.1,19.6,12.1,15.5,0.0,67,1018.3,63,5.5,6.3,14.2,16.8
2025-04-02,23.4,15.0,18.6,22.2,14.3,17.9,0.0,63,1019.1,13,10.5,6.5,16.4,18.5
2025-04-03,25.5,16.9,20.6,25.1,16.1,19.8,0.0,57,1018.6,1,10.9,7.7,16.8,19.8
2025-04-04,21.0,18.9,19.9,21.1,17.8,19.3,0.0,72,1016.2,65,2.6,12.2,17.3,19.0
2025-04-05,19.8,18.7,19.3,19.3,18.2,18.8,7.3,90,1015.3,95,0.0,5.7,18.0,18.6
2025-04-06,23.4,18.8,20.5,23.6,18.2,20.1,0.0,74,1015.9,83,2.3,3.6,18.5,21.4
2025-04-07,26.6,19.5,22.1,25.9,18.6,21.5,0.0,64,1016.9,46,10.0,8.9,18.7,21.2
2025-04-08,26.7,20.8,23.2,26.6,19.7,22.5,0.0,72,1016.2,76,5.9,7.2,21.3,23.5
2025-04-09,27.2,22.2,24.1,27.1,21.0,23.6,0.0,77,1012.5,76,7.5,6.0,23.2,25.2
2025-04-10,27.8,22.7,24.6,27.5,22.2,24.2,0.0,80,1009.2,85,6.9,6.6,23.7,25.6
2025-04-11,27.6,23.0,25.0,27.4,22.3,24.6,0.0,85,1008.8,85,0.6,5.5,24.0,25.8
2025-04-12,27.1,20.4,24.6,26.8,19.9,24.1,6.9,81,1009.3,88,0.0,12.1,24.5,25.5
2025-04-13,24.5,20.3,21.8,23.7,19.7,21.3,0.0,32,1015.0,85,2.6,10.4,14.5,16.4
2025-04-14,26.2,19.8,22.6,26.5,18.8,22.2,0.0,49,1012.9,53,11.0,8.0,18.7,21.3
2025-04-15,33.0,20.3,25.8,32.4,19.5,25.0,0.0,48,1012.5,39,11.0,8.7,20.5,23.2
2025-04-16,27.5,21.9,24.0,27.0,20.9,23.1,0.0,73,1012.2,48,11.3,12.1,22.3,24.2
2025-04-17,28.7,22.4,24.5,27.3,21.3,23.9,0.0,78,1010.1,79,5.9,7.4,23.0,24.8
2025-04-18,26.5,23.5,24.9,25.9,22.8,24.3,3.5,90,1009.6,96,0.0,7.3,23.7,25.1
2025-04-19,28.0,25.0,26.3,27.9,24.5,25.9,0.1,86,1009.7,92,0.7,8.0,25.0,26.0
2025-04-20,30.6,25.8,27.1,30.4,24.9,26.8,0.0,79,1011.1,80,8.1,7.1,26.3,28.0
2025-04-21,29.1,25.6,26.9,29.1,24.8,26.6,0.0,79,1012.0,76,4.0,8.6,25.6,27.3
2025-04-22,29.1,25.8,27.3,30.2,24.9,27.2,0.0,78,1010.5,84,5.7,8.8,26.3,28.4
2025-04-23,30.8,26.4,27.8,31.2,25.8,27.6,0.0,77,1009.3,76,8.0,9.4,26.9,29.0
2025-04-24,30.1,26.1,27.5,29.9,25.7,27.2,0.5,78,1009.3,80,4.4,8.3,26.0,27.8
2025-04-25,26.5,23.5,25.2,26.0,22.7,24.6,18.9,88,1011.5,88,0.0,7.1,23.9,25.0
2025-04-26,23.9,21.3,22.3,23.3,20.6,21.6,0.0,85,1014.6,92,0.1,16.0,20.6,22.3
2025-04-27,23.2,21.2,22.2,23.1,20.5,21.6,0.8,92,1013.4,95,0.5,12.9,21.4,22.8
2025-04-28,29.3,22.6,25.3,29.3,22.1,25.0,19.1,85,1011.7,81,3.1,4.2,23.1,23.8
2025-04-29,28.3,23.5,25.4,27.8,22.4,24.7,0.0,64,1013.5,59,9.3,13.8,,
2025-04-30,29.2,23.1,25.2,28.4,22.2,24.4,0.0,75,1013.3,66,7.2,9.2,,22.4
2025-05-01,27.9,24.5,25.6,28.5,23.4,25.1,1.4,83,1012.9,88,1.8,5.1,24.6,27.1
2025-05-02,32.3,24.6,27.4,31.4,24.2,26.9,0.0,75,1011.3,51,11.3,8.7,25.6,27.5
2025-05-03,29.7,25.3,26.8,29.3,24.3,26.3,0.0,81,1010.1,73,2.9,6.3,25.5,28.1
2025-05-04,31.7,25.5,27.5,30.8,24.9,27.0,0.0,81,1008.8,81,5.0,7.7,26.4,28.2
2025-05-05,32.0,25.8,27.8,30.5,25.0,27.1,0.0,79,1008.5,86,3.5,8.3,26.1,28.1
2025-05-06,30.4,26.9,28.1,30.5,26.2,27.7,0.4,82,1008.0,88,1.7,7.4,26.8,29.0
2025-05-07,28.0,25.6,27.1,27.4,24.7,26.5,9.8,88,1008.0,89,0.0,8.3,26.0,26.7
2025-05-08,29.2,25.0,26.4,28.1,24.2,25.7,0.6,87,1008.0,84,2.4,12.0,25.2,27.0
2025-05-09,29.3,25.7,27.2,30.0,25.4,27.0,0.4,83,1007.8,86,2.3,6.3,25.7,29.3
2025-05-10,30.7,25.1,27.2,30.7,24.9,26.9,0.0,76,1009.0,80,2.6,5.6,25.6,27.8
2025-05-11,29.5,21.0,24.8,28.0,20.4,24.2,3.9,57,1010.1,86,6.3,10.3,20.1,22.6
2025-05-12,30.4,23.1,25.9,28.7,22.0,24.9,0.0,54,1010.9,41,11.3,9.7,20.9,22.8
2025-05-13,29.3,23.8,25.8,27.7,22.5,24.8,0.0,72,1012.4,64,8.0,11.0,23.4,24.9
2025-05-14,31.4,25.0,27.2,30.0,24.2,26.4,0.0,78,1012.8,61,7.3,8.9,25.5,27.6
2025-05-15,31.9,26.3,28.2,30.8,25.5,27.4,0.0,78,1012.3,79,9.4,12.2,26.7,28.5
2025-05-16,29.3,26.7,27.8,29.6,25.8,27.0,0.0,83,1011.2,83,2.6,10.6,26.3,28.3
2025-05-17,32.8,26.7,28.8,32.0,25.7,28.0,0.0,77,1010.8,76,5.7,7.1,27.2,29.3
2025-05-18,32.5,27.3,29.0,32.5,26.8,28.7,0.0,77,1010.3,86,7.2,8.0,27.8,29.7
2025-05-19,31.5,27.9,29.0,31.0,27.3,28.6,0.0,78,1009.1,88,0.7,6.8,27.1,29.0
2025-05-20,30.8,28.3,29.5,31.1,27.7,29.0,0.0,77,1009.2,85,1.4,8.2,27.4,28.4
2025-05-21,32.4,28.5,29.9,32.1,27.8,29.4,0.0,76,1009.3,85,3.5,7.3,27.8,29.8
2025-05-22,33.0,28.4,30.1,32.9,27.8,29.8,0.0,74,1007.6,82,8.5,8.3,28.5,30.1
2025-05-23,32.4,26.5,29.7,33.1,26.6,29.5,2.0,77,1006.8,88,7.4,9.1,28.8,30.4
2025-05-24,30.5,26.4,27.9,31.0,25.6,27.7,3.5,76,1009.7,83,3.0,7.4,26.0,28.1
2025-05-25,27.3,24.5,25.9,27.0,23.6,25.1,0.0,65,1013.7,86,0.1,9.8,22.2,23.9
2025-05-26,27.7,24.2,25.5,26.9,23.0,24.6,0.0,63,1014.7,88,0.9,9.3,21.4,23.4
2025-05-27,29.2,24.4,26.3,28.2,23.4,25.5,0.0,67,1013.5,88,5.8,12.5,22.9,24.7
2025-05-28,27.3,25.0,26.0,26.9,24.1,25.2,0.0,82,1010.2,90,0.2,12.7,24.1,25.9
2025-05-29,27.9,25.0,26.2,27.8,23.9,25.5,53.2,90,1008.8,89,0.3,9.7,25.6,27.4
2025-05-30,25.0,23.6,24.3,24.5,22.9,23.6,6.4,88,1009.5,88,0.1,14.1,22.6,23.6
2025-05-31,25.4,24.3,25.0,25.1,23.4,24.4,0.0,82,1007.1,88,0.0,12.4,22.8,23.4
2025-06-01,31.2,24.9,27.5,30.4,24.2,26.9,0.1,83,1003.9,83,7.1,8.4,26.6,28.8
2025-06-02,31.2,28.2,29.4,31.8,27.8,29.3,0.1,83,1002.2,88,3.6,7.8,28.6,30.5
2025-06-03,30.6,27.7,28.8,30.7,27.5,28.7,0.0,81,1003.2,88,1.6,7.3,27.6,29.1
2025-06-04,28.5,25.0,26.4,28.5,24.2,25.6,3.8,86,1007.3,88,0.0,11.0,24.4,25.3
2025-06-05,28.1,24.8,26.4,28.4,23.8,25.8,0.0,78,1009.2,88,0.8,11.0,24.3,26.7
2025-06-06,31.8,26.1,28.1,30.8,25.4,27.7,0.0,79,1008.3,60,9.4,7.1,27.0,29.0
2025-06-07,33.6,27.0,29.6,32.4,26.4,29.0,0.0,76,1007.2,48,11.1,6.9,28.3,29.8
2025-06-08,33.2,28.0,30.1,32.9,27.3,29.6,0.0,76,1005.9,79,12.0,8.3,28.8,30.2
2025-06-09,34.3,28.2,30.7,33.1,27.6,30.0,0.0,73,1004.5,74,11.1,8.3,28.8,30.7
2025-06-10,35.6,28.4,31.0,33.9,27.5,30.1,0.0,72,1004.2,76,11.3,11.3,28.4,29.8
2025-06-11,31.2,28.7,29.4,30.9,27.9,28.7,4.7,80,1004.3,88,2.0,16.5,27.4,28.9
2025-06-12,31.3,27.1,28.5,30.9,26.1,27.8,14.6,83,1004.6,87,3.5,16.2,26.9,28.8
2025-06-13,31.0,26.2,27.5,30.3,25.5,26.8,46.1,88,1005.8,88,2.3,8.1,26.5,29.3
2025-06-14,31.5,27.1,29.1,30.6,26.5,28.7,1.6,81,1005.5,88,2.1,16.6,27.3,28.4
2025-06-15,30.1,28.7,29.3,29.7,27.8,28.7,0.9,79,1005.2,88,0.8,17.0,27.0,27.8
2025-06-16,31.1,28.3,29.4,31.1,27.6,28.9,1.0,80,1007.7,88,2.6,8.5,27.7,29.1
2025-06-17,29.5,25.5,27.7,29.1,25.0,27.0,46.3,88,1009.8,88,0.0,8.4,25.9,27.6
2025-06-18,31.8,26.7,29.2,31.1,26.0,28.7,0.5,80,1009.7,88,4.1,9.7,27.5,28.8
2025-06-19,32.5,27.0,28.7,31.5,26.2,28.0,11.1,83,1009.0,88,4.3,8.7,27.4,29.5
2025-06-20,30.4,27.1,28.4,30.0,26.4,27.7,6.3,82,1008.7,88,2.3,7.2,26.6,28.3
2025-06-21,32.2,26.5,29.1,31.4,25.7,28.6,10.6,80,1009.1,88,5.5,8.7,27.5,28.8
2025-06-22,31.7,27.4,29.2,31.3,26.9,28.6,2.9,80,1009.0,88,5.6,7.1,27.7,29.2
2025-06-23,32.1,27.0,29.6,31.7,26.4,29.2,7.6,76,1007.3,84,10.3,9.0,28.1,29.5
2025-06-24,33.4,28.4,30.1,32.2,27.9,29.4,0.0,73,1007.7,88,9.9,9.1,28.2,29.7
2025-06-25,34.5,27.9,30.7,32.5,27.4,29.8,0.2,72,1008.6,71,12.1,9.3,28.3,29.5
2025-06-26,31.6,26.9,28.9,30.9,25.9,28.2,48.9,84,1008.1,88,1.7,10.0,27.2,29.0
2025-06-27,30.1,27.0,28.4,29.6,26.3,27.8,5.6,86,1007.7,87,0.8,7.5,26.8,28.2
2025-06-28,30.9,27.0,28.6,30.7,26.5,28.0,3.1,84,1006.4,88,2.3,8.3,27.1,29.3
2025-06-29,30.8,27.4,28.8,30.7,26.2,28.0,3.7,83,1005.0,86,4.1,9.0,27.1,28.7
2025-06-30,30.5,26.7,28.5,30.2,25.5,27.9,17.6,84,1005.8,87,0.6,10.8,26.8,28.2
2025-07-01,29.8,26.4,28.2,31.1,25.3,27.7,5.5,87,1008.0,86,2.9,10.0,27.2,29.6
2025-07-02,33.3,27.4,30.0,32.1,26.4,29.3,0.5,80,1008.8,80,9.0,11.0,28.4,29.6
2025-07-03,33.6,28.4,30.3,32.4,27.5,29.5,0.0,76,1007.5,82,9.2,10.0,27.9,29.8
2025-07-04,34.5,28.5,30.8,32.8,27.5,29.8,0.0,71,1005.4,67,11.4,9.7,27.6,28.9
2025-07-05,34.8,29.0,30.6,33.8,28.2,30.0,3.7,71,1003.3,80,7.3,10.5,27.9,30.5
2025-07-06,33.5,28.2,30.3,33.8,27.8,30.3,0.0,71,1002.8,84,9.7,8.3,28.3,30.2
2025-07-07,34.3,29.1,31.2,34.0,28.6,30.8,0.0,77,1003.1,70,10.5,9.9,29.7,31.3
2025-07-08,33.3,29.7,30.9,33.0,29.0,30.5,0.0,76,1002.7,82,8.0,10.0,29.1,30.7
2025-07-09,33.6,25.8,30.7,33.5,24.6,30.3,15.2,77,1000.0,84,7.7,9.5,29.1,31.2
2025-07-10,29.0,25.0,26.3,28.3,24.4,25.8,126.4,93,996.7,91,0.0,6.3,25.6,27.5
2025-07-11,29.9,25.9,27.9,30.1,25.5,27.6,0.0,84,998.9,88,1.2,6.2,26.9,28.9
2025-07-12,31.3,26.4,28.7,30.9,26.2,28.4,38.4,87,1004.8,88,2.1,5.9,27.6,29.4
2025-07-13,33.3,27.8,30.1,32.7,27.3,29.6,1.9,81,1006.2,88,7.7,6.3,28.9,30.6
2025-07-14,33.2,27.8,30.2,32.5,27.3,29.8,9.2,79,1004.5,87,8.6,7.8,28.8,30.5
2025-07-15,32.7,28.3,30.3,32.1,28.3,29.9,3.2,79,1003.5,85,4.0,8.9,28.7,30.2
2025-07-16,34.0,29.0,31.1,33.3,28.2,30.5,0.0,75,1004.1,58,10.9,9.9,29.4,30.6
2025-07-17,34.2,29.2,31.3,34.0,28.4,30.8,0.0,76,1003.1,74,11.4,9.4,29.8,30.9
2025-07-18,31.3,26.1,28.6,31.8,25.2,28.1,19.0,85,1000.0,85,1.8,7.4,26.6,30.6
2025-07-19,33.5,27.0,29.5,33.7,26.0,29.5,10.0,78,994.3,81,5.8,7.1,28.1,30.2
2025-07-20,28.0,25.9,27.0,28.1,25.3,26.6,87.6,91,988.5,95,0.0,25.1,25.3,26.3
2025-07-21,27.9,26.4,27.1,27.6,25.8,26.6,42.4,92,997.4,92,0.0,8.7,26.0,27.2
2025-07-22,30.5,25.8,28.0,30.3,25.1,27.4,95.7,88,1002.0,88,1.5,11.8,27.1,29.0
2025-07-23,33.3,26.4,29.0,31.9,25.7,28.4,2.6,81,1003.2,88,6.1,9.2,27.3,29.4
2025-07-24,32.0,27.5,29.4,31.9,27.3,29.2,0.0,77,1002.0,80,6.5,6.8,27.9,30.1
2025-07-25,33.6,25.4,29.2,33.2,24.1,28.9,31.8,78,1000.1,62,9.3,8.6,28.7,30.7
2025-07-26,35.2,26.1,30.2,34.3,26.0,29.7,0.0,74,1000.0,36,11.7,8.6,28.7,30.4
2025-07-27,33.1,28.8,30.4,32.9,27.8,30.0,0.0,76,1000.1,52,11.0,10.9,29.3,30.8
2025-07-28,32.8,28.3,30.1,32.6,27.9,29.7,0.6,80,998.1,87,7.2,9.9,29.3,31.0
2025-07-29,29.1,25.8,27.8,28.4,25.1,27.2,106.5,90,996.9,91,1.0,8.1,26.0,27.6
2025-07-30,32.6,28.5,29.8,32.7,27.8,29.4,0.0,84,997.4,88,4.4,8.8,28.9,31.4
2025-07-31,31.8,28.2,29.9,31.7,27.5,29.5,1.5,83,998.6,88,4.0,9.5,28.7,30.4
2025-08-01,33.2,28.6,30.1,32.9,28.1,29.6,3.0,79,1000.3,85,7.4,8.6,28.7,30.6
2025-08-02,30.1,26.3,28.1,29.4,25.5,27.4,109.0,90,1002.9,95,0.0,8.2,25.8,27.9
2025-08-03,30.2,25.5,29.2,29.7,25.3,28.4,47.5,86,1003.1,89,0.0,11.6,27.0,28.0
2025-08-04,30.0,26.1,28.8,29.0,25.3,27.9,72.2,88,1003.6,93,0.0,10.0,26.8,27.7
2025-08-05,29.2,24.0,27.1,28.9,23.4,26.4,368.9,92,1005.4,97,0.0,10.3,24.9,27.2
2025-08-06,30.1,25.5,27.5,29.7,25.0,27.3,6.8,87,1007.7,90,0.0,9.5,26.2,27.9
2025-08-07,32.9,26.8,29.3,32.1,26.4,28.9,0.0,80,1009.3,81,8.5,6.9,28.0,29.5
2025-08-08,32.9,27.6,29.8,32.8,27.3,29.6,0.0,79,1008.7,45,11.0,8.3,28.7,30.1
2025-08-09,33.8,28.0,30.1,32.5,27.4,29.4,0.0,78,1007.8,44,9.6,7.5,28.1,29.7
2025-08-10,34.4,28.6,30.5,33.3,27.9,29.8,0.0,77,1006.9,68,9.9,8.0,28.2,29.8
2025-08-11,32.5,28.1,29.7,32.2,27.7,29.3,0.3,77,1006.3,78,6.3,7.5,27.5,29.6
2025-08-12,32.6,27.7,29.8,32.2,27.4,29.4,8.5,77,1006.9,82,9.2,8.5,27.7,28.9
2025-08-13,33.0,28.3,30.1,32.7,27.7,29.8,0.0,77,1005.6,84,11.1,9.6,27.2,28.1
2025-08-14,29.5,24.4,26.3,28.8,23.8,25.6,117.4,91,1005.5,95,0.0,9.6,23.0,26.7
2025-08-15,30.2,25.5,27.5,29.4,25.0,26.9,4.3,86,1008.9,79,3.2,11.1,25.3,26.1
2025-08-16,32.8,27.4,29.3,31.3,26.9,28.7,0.0,76,1008.5,74,9.9,13.4,27.3,28.4
2025-08-17,30.2,25.6,27.3,30.1,24.9,26.7,41.5,84,1009.0,92,1.6,15.0,25.7,28.0
2025-08-18,28.4,25.4,26.6,28.1,24.7,26.1,80.1,92,1010.4,91,0.2,10.5,25.8,27.1
2025-08-19,27.9,25.4,27.1,27.6,24.4,26.7,68.9,94,1010.9,94,0.0,8.1,26.1,27.0
2025-08-20,32.2,27.1,29.0,31.9,26.5,28.7,0.2,82,1010.7,86,5.2,7.3,27.8,29.6
2025-08-21,33.3,27.9,29.6,32.0,27.2,29.0,0.0,79,1011.4,82,5.9,6.5,28.1,30.0
2025-08-22,32.7,27.3,29.7,32.4,26.8,29.4,0.0,71,1009.9,82,10.9,6.3,27.9,29.7
2025-08-23,33.6,27.6,30.0,32.9,27.2,29.5,0.2,73,1008.5,82,10.1,12.0,27.6,29.2
2025-08-24,31.7,28.5,29.6,30.8,27.6,28.9,0.0,79,1009.6,88,4.6,16.9,27.6,28.8
2025-08-25,31.3,28.3,29.4,31.0,27.3,28.7,0.1,76,1010.2,88,7.0,12.4,27.3,28.4
2025-08-26,34.2,28.0,30.3,32.6,27.2,29.4,0.0,72,1009.7,65,10.4,8.8,28.0,29.5
2025-08-27,32.7,27.7,29.8,32.1,27.0,29.1,0.0,74,1008.3,65,10.6,8.2,27.7,29.4
2025-08-28,30.6,26.0,28.9,30.4,25.3,28.3,2.7,77,1008.1,85,0.2,11.0,26.3,27.9
2025-08-29,33.0,28.9,30.2,32.0,27.1,29.5,0.5,72,1009.3,80,8.6,17.8,27.6,28.5
2025-08-30,31.9,27.6,29.4,30.7,26.0,28.4,7.1,77,1010.3,85,4.2,14.5,27.1,28.5
2025-08-31,33.0,28.1,29.8,31.9,27.2,28.9,0.0,75,1009.4,77,8.4,10.7,27.7,29.2
2025-09-01,34.4,28.2,30.3,32.2,27.2,29.3,0.0,74,1007.9,74,9.2,9.1,28.0,29.3
2025-09-02,33.7,28.5,30.3,32.0,27.6,29.3,0.1,75,1008.2,60,10.5,9.3,28.2,29.5
2025-09-03,34.1,28.5,30.5,32.9,27.2,29.7,0.0,73,1008.2,59,10.5,7.9,28.3,30.0
2025-09-04,35.2,28.5,30.9,33.7,27.5,30.0,0.0,71,1007.9,62,10.4,7.4,28.4,29.5
2025-09-05,35.3,28.3,30.9,33.7,27.4,29.9,0.0,70,1008.2,52,11.0,7.2,28.2,30.2
2025-09-06,34.5,28.7,30.7,32.9,27.9,29.8,0.0,72,1007.9,55,7.7,8.2,28.1,29.4
2025-09-07,30.5,25.9,28.1,29.5,24.9,27.1,46.7,84,1006.2,85,2.8,14.5,26.3,28.1
2025-09-08,28.6,25.0,27.4,28.1,23.9,26.7,85.6,86,1005.4,91,0.4,20.5,25.8,26.5
2025-09-09,29.9,27.7,28.7,29.6,27.0,28.1,13.1,84,1010.3,86,1.4,9.8,27.2,28.6
2025-09-10,32.4,27.5,29.1,32.0,26.8,28.5,0.1,80,1011.2,83,6.1,6.4,27.6,29.7
2025-09-11,33.2,27.3,29.5,30.6,26.6,28.4,0.0,79,1011.1,70,5.6,6.4,27.6,29.2
2025-09-12,33.6,28.0,30.1,32.3,26.9,29.1,0.0,73,1011.4,31,10.3,7.1,27.9,29.5
2025-09-13,33.9,28.0,30.1,32.8,26.8,29.3,0.0,71,1011.7,27,11.1,7.1,27.7,29.1
2025-09-14,34.0,27.7,29.8,31.8,26.5,28.6,0.0,72,1011.7,24,8.4,6.4,27.2,28.9
2025-09-15,33.8,28.2,30.4,32.5,27.1,29.4,0.0,73,1012.1,59,8.6,10.2,28.0,29.6
2025-09-16,33.2,28.5,30.4,31.6,27.2,29.3,0.5,74,1011.2,87,6.7,11.2,27.8,29.1
2025-09-17,33.6,25.3,29.9,32.4,23.9,29.2,18.1,77,1009.9,83,6.7,10.4,27.4,29.3
2025-09-18,33.3,28.2,29.9,32.1,26.5,29.1,1.4,74,1008.9,74,8.2,11.1,27.6,29.2
2025-09-19,30.0,27.0,28.5,29.8,26.3,28.0,0.4,73,1005.9,85,0.0,11.8,25.3,26.4
2025-09-20,28.5,25.0,26.3,27.9,24.6,25.8,98.4,91,1006.1,98,0.0,7.3,24.8,26.5
2025-09-21,27.5,25.7,26.5,27.2,25.2,26.0,81.6,94,1007.9,93,0.0,7.3,25.4,26.5
2025-09-22,32.5,26.5,29.3,32.6,26.3,29.5,0.0,76,1006.3,70,8.6,7.5,27.5,29.3
2025-09-23,31.4,26.2,29.3,31.2,25.7,29.0,10.2,70,999.5,89,0.6,15.4,26.1,27.5
2025-09-24,27.2,25.0,26.1,27.0,24.7,25.7,170.1,91,994.0,95,0.0,33.3,24.8,25.9
2025-09-25,28.5,27.0,27.8,28.1,25.9,27.2,1.7,86,1008.1,91,2.2,20.2,26.2,26.9
2025-09-26,33.3,27.4,29.4,32.4,27.0,28.8,0.0,77,1012.7,77,10.0,14.0,27.4,29.0
2025-09-27,32.8,28.3,30.0,32.1,27.6,29.3,0.0,72,1012.9,62,11.1,15.2,27.4,28.7
2025-09-28,31.4,28.1,29.2,30.3,27.3,28.4,0.7,79,1012.8,86,6.1,14.2,27.1,28.4
2025-09-29,32.7,27.8,29.5,31.5,27.1,28.6,0.0,78,1013.2,85,10.2,10.5,27.8,29.2
2025-09-30,32.8,27.0,29.5,32.5,26.4,29.1,0.0,74,1012.5,80,10.1,6.5,27.9,29.4
2025-10-01,33.6,27.7,29.8,32.8,27.0,28.9,0.0,73,1012.2,50,10.7,7.5,27.4,29.3
2025-10-02,32.5,27.9,29.5,31.9,26.9,28.7,0.0,76,1012.9,43,10.9,10.3,27.7,28.7
2025-10-03,33.4,27.8,29.7,32.7,26.7,29.0,0.0,73,1012.5,43,10.1,6.6,27.7,29.9
2025-10-04,33.4,27.5,29.6,32.7,26.9,29.0,0.6,70,1010.6,60,6.9,15.2,26.7,28.9
2025-10-05,29.9,27.8,28.8,29.2,26.9,28.0,1.0,81,1010.8,88,1.3,23.1,26.6,27.4
2025-10-06,31.0,27.3,28.6,30.3,26.4,27.8,0.6,81,1013.1,68,5.3,11.8,26.9,28.7
2025-10-07,32.7,26.7,29.3,32.2,25.9,28.9,0.0,72,1013.6,34,10.0,5.5,27.4,29.2
2025-10-08,33.1,28.0,30.0,32.7,26.9,29.2,0.0,71,1012.8,47,9.7,10.4,26.7,28.1
2025-10-09,32.7,28.4,29.8,31.7,27.4,29.0,0.0,73,1012.5,36,9.9,,27.1,28.3
2025-10-10,32.1,27.8,29.2,30.9,26.9,28.3,0.1,75,1012.1,56,6.1,,26.7,28.4
2025-10-11,32.5,28.0,29.5,31.7,26.9,28.6,0.0,75,1011.4,54,10.1,,27.4,28.8
2025-10-12,29.1,26.6,28.3,28.9,25.3,27.6,15.7,85,1011.8,83,1.7,,26.5,28.4
2025-10-13,31.0,27.1,28.7,30.8,26.7,28.2,3.8,84,1012.8,75,8.0,,27.7,29.5
2025-10-14,32.0,26.7,29.1,31.6,26.2,28.4,5.5,80,1013.3,55,9.7,,27.6,29.0
2025-10-15,32.8,27.6,29.7,32.1,26.7,28.9,0.0,73,1013.4,31,10.3,,27.0,28.5
2025-10-16,32.0,28.3,29.6,31.1,27.3,28.7,0.0,72,1013.8,43,8.9,,26.8,28.2
2025-10-17,32.2,28.1,29.6,31.1,27.1,28.7,0.0,72,1014.0,49,8.6,,26.8,28.1
2025-10-18,32.8,28.3,29.9,32.1,27.3,28.9,0.0,74,1012.6,48,9.5,,27.4,29.5
2025-10-19,32.9,28.2,30.1,32.0,27.3,29.2,0.0,67,1011.5,66,7.0,,26.4,27.7
2025-10-20,29.0,23.7,26.8,28.7,22.4,25.8,0.0,66,1011.8,87,3.0,,23.2,25.3
2025-10-21,24.0,20.4,22.4,23.0,19.5,21.4,0.1,70,1014.4,94,0.1,,19.2,20.1
2025-10-22,20.9,18.2,19.2,19.8,17.4,18.4,3.3,76,1016.4,92,0.0,,16.5,17.2
2025-10-23,22.8,18.7,20.8,22.3,18.1,20.3,0.0,65,1017.2,88,0.2,,17.6,19.1
2025-10-24,26.4,21.1,23.3,25.2,20.4,22.6,0.0,60,1016.4,88,3.8,,19.3,21.9
2025-10-25,29.0,23.2,25.6,28.1,22.5,25.1,0.0,60,1015.5,82,6.9,,21.9,24.3
2025-10-26,29.2,24.2,26.5,28.8,23.4,25.9,0.0,57,1015.6,79,9.1,,22.3,24.5
2025-10-27,26.1,22.9,24.6,25.3,21.7,23.8,0.0,63,1016.9,88,0.0,,20.0,21.5
2025-10-28,24.4,21.5,23.4,23.6,20.7,22.6,0.5,73,1017.1,89,0.0,,20.0,21.3
2025-10-29,25.5,22.9,24.4,25.2,21.8,23.7,0.0,73,1016.7,90,0.5,,21.4,22.4
2025-10-30,28.9,24.8,26.3,28.8,24.0,25.8,0.0,70,1016.1,82,5.6,,23.3,25.6
2025-10-31,28.7,25.1,26.6,29.3,24.1,26.2,0.0,68,1015.6,73,5.4,9.2,24.0,26.4
2025-11-01,25.2,23.1,24.5,24.7,21.9,23.6,0.0,64,1017.2,83,2.3,8.7,20.4,21.7
2025-11-02,27.7,23.5,25.3,27.1,22.5,24.5,0.0,66,1017.4,77,4.5,8.8,21.9,24.0
2025-11-03,24.8,22.9,23.7,24.2,22.0,22.9,0.0,64,1017.9,84,1.3,11.8,19.2,20.6
2025-11-04,23.2,21.6,22.3,22.2,20.6,21.3,0.0,70,1016.6,89,0.0,10.0,18.5,19.3
2025-11-05,26.4,20.9,23.5,26.4,19.9,22.8,0.0,71,1013.6,48,8.0,8.8,21.4,23.9
2025-11-06,27.3,23.0,24.8,27.2,21.9,24.1,0.3,75,1013.6,79,4.4,11.9,22.6,24.8
2025-11-07,25.6,23.2,24.6,25.1,22.4,23.9,5.7,82,1014.8,92,0.0,15.5,22.4,23.3
2025-11-08,28.1,24.6,25.9,27.9,24.0,25.3,0.0,76,1015.4,40,9.4,12.9,24.2,25.7
2025-11-09,28.9,24.2,26.4,29.2,23.3,26.0,0.0,73,1012.0,49,7.2,6.8,25.0,27.3
2025-11-10,27.2,23.3,25.0,27.0,22.5,24.5,0.0,65,1008.8,82,9.4,10.6,21.9,24.1
2025-11-11,23.6,22.4,23.0,23.1,21.7,22.4,0.0,65,1008.1,86,0.0,10.2,19.1,19.9
2025-11-12,25.3,20.8,22.5,25.1,19.8,21.8,0.0,63,1011.6,78,8.7,10.0,19.6,22.1
2025-11-13,24.0,19.1,21.1,23.7,18.1,20.2,0.2,69,1015.4,88,2.5,11.3,18.4,21.3
2025-11-14,26.0,18.4,22.2,26.2,17.6,21.6,0.7,73,1017.1,62,7.8,8.5,20.3,22.5
2025-11-15,26.6,22.7,24.0,26.7,21.9,23.4,0.0,64,1019.4,73,6.2,10.9,20.2,21.8
2025-11-16,26.4,22.4,23.8,26.5,21.5,23.2,0.0,72,1020.3,39,9.5,11.8,21.5,23.5
2025-11-17,27.4,22.7,24.5,27.6,21.6,23.9,0.0,73,1019.9,57,9.9,9.9,22.4,24.2
2025-11-18,23.9,14.7,20.3,22.9,13.4,19.5,0.0,57,1022.8,86,5.0,15.1,16.5,20.8
2025-11-19,16.8,13.2,15.4,16.1,12.3,14.5,0.1,41,1024.5,89,0.7,15.0,9.8,11.3
2025-11-20,18.2,14.6,16.5,17.6,13.8,15.8,0.0,39,1023.7,88,0.0,10.8,10.7,12.8
2025-11-21,22.5,17.3,19.7,22.6,16.3,19.2,0.0,41,1022.7,77,6.0,9.6,14.7,17.9
2025-11-22,23.7,17.5,20.5,24.2,16.2,20.0,0.0,53,1021.4,23,9.9,8.0,16.7,20.1
2025-11-23,25.2,20.3,22.3,26.2,19.0,21.8,0.0,67,1019.5,55,8.8,5.3,20.0,22.3
2025-11-24,25.8,21.5,23.4,26.3,20.6,23.1,0.0,65,1018.3,77,6.9,7.5,21.1,23.6
2025-11-25,23.7,20.0,21.9,24.0,19.1,21.3,0.0,34,1018.9,59,9.7,13.2,15.3,17.3
2025-11-26,22.8,17.6,20.0,23.1,16.8,19.4,0.0,46,1019.5,83,9.6,7.5,15.7,18.2
2025-11-27,22.2,18.2,19.8,22.5,17.0,19.2,0.0,28,1020.3,87,7.1,17.4,12.4,15.2
2025-11-28,22.6,16.7,19.3,23.2,16.0,18.6,0.0,38,1017.9,76,9.8,11.3,13.8,16.7
2025-11-29,23.9,18.4,20.5,23.8,16.8,19.8,0.0,55,1016.0,74,8.6,6.3,16.7,19.3
2025-11-30,24.5,20.7,22.3,24.5,19.9,21.7,0.0,64,1015.1,88,0.6,7.8,18.7,20.1
2025-12-01,25.6,21.0,22.9,26.1,20.4,22.5,1.3,79,1014.4,74,4.3,4.8,21.8,24.4
2025-12-02,24.5,21.7,22.8,24.3,20.9,22.2,0.0,76,1014.9,83,3.6,9.6,20.7,22.3
2025-12-03,22.7,20.5,21.5,22.7,19.8,20.9,2.0,69,1019.4,89,0.8,9.0,17.8,19.7
2025-12-04,20.9,18.9,19.8,20.5,17.9,18.8,0.0,72,1021.4,76,1.4,10.3,17.0,18.6
2025-12-05,22.8,18.9,20.4,22.8,17.6,19.6,0.0,72,1021.3,45,8.0,8.7,18.3,20.5
2025-12-06,22.9,18.8,20.4,23.4,17.6,19.7,0.0,74,1019.8,27,8.5,7.1,18.7,20.9
2025-12-07,24.0,18.7,21.3,23.8,17.7,20.5,0.0,72,1019.5,67,4.7,5.9,18.7,20.6
2025-12-08,25.5,20.5,22.5,26.3,19.4,22.0,0.0,59,1019.3,30,9.6,8.4,18.8,21.0
2025-12-09,23.4,19.5,21.1,23.7,18.3,20.5,0.0,68,1019.8,32,9.6,11.1,18.4,20.3
2025-12-10,21.9,19.7,20.8,21.5,18.7,20.1,0.2,79,1018.8,89,0.0,4.8,18.5,19.3
2025-12-11,26.0,20.4,22.7,26.7,19.7,22.3,0.0,70,1017.8,69,6.1,5.1,20.4,22.6
2025-12-12,21.8,20.3,21.1,22.2,19.5,20.4,0.0,71,1018.3,56,8.8,17.7,18.4,19.9
2025-12-13,22.6,15.7,20.0,22.6,14.8,19.2,0.7,72,1019.8,88,0.6,12.9,18.1,19.9
2025-12-14,19.5,15.6,17.0,19.4,14.8,16.3,0.0,48,1021.9,81,2.3,9.6,12.1,14.9
2025-12-15,19.9,15.6,17.6,20.1,14.4,16.9,0.0,56,1021.4,23,9.5,9.1,14.0,16.0
2025-12-16,22.9,18.0,20.1,23.5,16.8,19.6,0.0,69,1019.7,34,9.5,7.8,18.2,20.5
2025-12-17,25.3,18.3,21.4,26.7,17.3,21.2,0.0,70,1019.7,12,9.5,4.4,19.9,22.4
2025-12-18,22.4,19.1,20.4,22.8,17.2,19.7,0.0,73,1019.4,52,5.7,10.5,17.9,19.9
2025-12-19,23.7,18.9,21.0,23.9,18.0,20.6,0.3,76,1016.6,81,3.8,8.8,19.2,21.2
2025-12-20,24.9,21.2,23.0,26.1,20.8,22.8,0.0,64,1016.6,65,5.2,9.0,19.9,21.9
2025-12-21,24.7,19.9,21.9,25.2,19.2,21.4,0.0,74,1018.2,41,9.4,11.8,20.4,22.2
2025-12-22,21.0,19.0,19.7,21.2,18.2,18.9,0.0,74,1018.9,76,3.8,13.9,17.3,19.0
2025-12-23,21.3,18.9,20.0,20.9,17.9,19.3,0.3,74,1017.2,73,0.7,8.7,17.2,18.4
2025-12-24,23.8,19.1,21.3,24.3,17.9,20.7,0.0,78,1014.6,55,5.5,4.8,20.0,22.3
2025-12-25,20.8,14.8,17.8,19.8,14.0,17.1,1.7,66,1018.3,77,3.9,12.0,14.4,18.6
2025-12-26,15.5,14.0,14.7,14.7,13.2,13.8,0.0,61,1021.2,91,0.0,10.2,10.8,12.1
2025-12-27,19.5,13.8,16.8,20.6,12.7,16.2,0.0,66,1020.1,44,7.6,5.0,14.5,17.5
2025-12-28,20.5,16.1,18.0,21.2,15.2,17.3,0.0,71,1019.0,35,5.5,5.9,16.1,18.7
2025-12-29,21.5,16.8,18.8,22.6,15.0,18.2,0.0,75,1016.9,20,7.2,5.0,17.4,20.0
2025-12-30,23.3,17.1,19.5,24.4,15.4,18.8,0.0,73,1015.4,32,6.3,4.0,17.6,21.0
2025-12-31,20.8,18.6,19.4,21.4,17.5,18.8,0.0,72,1014.8,77,4.6,12.0,16.9,18.5
2026-01-01,21.7,16.5,18.8,21.5,15.3,18.1,0.0,69,1017.9,43,4.7,10.4,17.0,19.4
2026-01-02,17.7,12.8,15.0,17.7,11.9,14.2,0.0,55,1023.5,24,8.7,12.6,12.0,15.0
2026-01-03,16.5,11.4,14.3,16.6,10.3,13.4,0.0,60,1024.7,18,9.6,10.2,11.6,14.0
2026-01-04,20.3,14.1,17.0,21.3,13.2,16.8,0.0,65,1022.2,32,8.9,6.6,15.3,18.7
2026-01-05,22.1,15.1,18.3,22.5,13.7,17.9,0.0,63,1020.9,6,9.6,6.1,16.4,18.7
2026-01-06,16.8,11.8,14.0,16.9,10.8,13.3,0.0,50,1024.3,18,9.1,12.8,10.9,13.2
2026-01-07,16.4,10.9,13.4,17.1,9.9,12.9,0.0,39,1025.3,2,9.7,10.7,9.6,12.8
2026-01-08,18.1,11.8,14.9,18.5,10.3,14.5,0.0,33,1024.9,1,9.8,9.5,9.9,13.3
2026-01-09,18.9,13.0,15.7,20.2,12.1,15.2,0.0,42,1022.8,12,9.7,7.9,11.6,14.5
2026-01-10,20.6,14.2,17.1,21.6,12.1,16.8,0.0,54,1020.8,14,9.7,4.8,14.3,16.8
2026-01-11,20.7,14.7,17.5,21.1,13.6,17.1,0.0,41,1023.1,2,9.8,10.3,12.3,14.9
2026-01-12,20.6,15.7,17.5,21.3,14.5,16.8,0.0,67,1021.4,41,4.8,6.7,15.0,17.9
2026-01-13,22.5,15.9,18.9,24.2,14.6,18.3,0.0,61,1018.7,6,9.7,3.7,16.3,19.4
2026-01-14,21.2,17.0,18.8,21.4,15.8,18.2,0.0,59,1018.3,9,9.9,9.8,15.4,17.0
2026-01-15,23.1,16.2,19.2,24.5,15.0,18.8,1.0,72,1016.5,22,9.7,3.5,18.1,20.5
2026-01-16,24.0,16.9,19.9,24.1,15.6,19.5,0.0,62,1014.3,6,9.8,5.6,17.1,19.3
2026-01-17,24.8,17.6,20.7,25.4,16.6,20.2,0.0,54,1013.0,7,9.9,6.6,16.9,18.7
2026-01-18,22.4,18.9,20.2,22.7,18.1,19.7,0.0,57,1013.3,9,9.9,12.6,16.3,18.2
2026-01-19,21.9,18.1,19.6,22.2,16.9,18.9,0.0,76,1014.8,20,9.6,9.8,18.1,19.7
2026-01-20,20.1,17.6,18.6,20.5,16.7,17.9,0.0,71,1018.1,75,3.6,12.5,16.1,18.6
2026-01-21,18.1,14.9,15.7,17.2,13.7,14.7,0.0,63,1021.8,90,0.6,9.8,11.9,14.5
2026-01-22,16.3,12.9,14.2,15.7,11.8,13.2,0.0,63,1024.3,88,0.5,9.2,11.2,13.2
2026-01-23,17.5,12.3,14.5,17.3,11.3,13.8,0.0,64,1024.6,87,1.6,6.0,12.3,15.5
2026-01-24,19.6,14.7,16.8,20.6,13.4,16.3,0.0,69,1022.5,44,9.7,6.0,15.5,18.2
2026-01-25,20.1,16.6,18.2,20.4,15.7,17.7,0.0,74,1020.9,63,7.5,12.9,16.2,18.3
2026-01-26,22.6,17.8,19.7,22.6,17.1,19.3,0.0,78,1020.2,80,7.9,9.4,18.4,20.6
2026-01-27,24.8,18.9,21.1,24.7,18.3,20.7,0.0,76,1019.6,72,5.5,5.8,20.0,22.2
2026-01-28,21.3,17.9,18.8,20.6,17.1,18.0,0.0,77,1021.2,71,3.6,10.2,16.9,19.0
2026-01-29,19.9,16.8,18.2,19.7,15.7,17.4,0.0,70,1020.8,78,3.0,11.7,15.3,17.8
2026-01-30,20.4,17.6,19.2,20.1,17.0,18.7,0.0,75,1020.1,92,0.0,11.0,17.0,18.1
2026-01-31,19.6,16.0,18.2,19.1,15.0,17.5,2.2,85,1020.8,97,0.0,7.1,17.2,18.2
2026-02-01,19.7,12.0,15.8,19.4,11.4,15.2,1.6,76,1023.4,92,4.2,7.3,14.2,17.6
2026-02-02,21.0,15.2,17.5,20.9,14.0,17.0,0.0,66,1024.0,34,9.2,7.0,15.5,18.2
2026-02-03,20.2,16.5,17.8,19.8,15.6,16.9,0.0,73,1024.1,83,3.0,11.1,15.3,17.9
2026-02-04,22.1,16.6,18.8,23.1,15.9,18.3,0.0,73,1019.9,54,8.3,10.3,17.4,20.2
2026-02-05,25.2,18.1,20.9,25.1,17.0,20.3,0.0,78,1016.7,47,8.1,3.5,20.3,23.1
2026-02-06,26.2,18.9,22.1,25.9,17.9,21.6,0.0,72,1015.2,19,9.0,4.4,20.8,23.1
2026-02-07,21.2,18.3,19.6,20.4,17.4,18.8,0.0,81,1018.7,77,1.5,10.0,17.5,18.8
2026-02-08,18.4,14.9,16.5,18.1,14.1,15.6,0.1,62,1024.3,81,0.9,10.7,12.4,16.3
2026-02-09,16.4,14.1,15.5,16.7,13.2,14.7,0.0,66,1022.7,79,2.0,12.0,12.0,14.7
2026-02-10,19.6,16.4,17.9,19.6,15.5,17.3,0.0,76,1020.7,83,1.5,9.2,16.1,18.4
2026-02-11,25.2,18.0,21.0,26.1,16.9,20.7,0.0,73,1020.6,45,10.0,5.3,19.9,22.8
2026-02-12,19.9,17.6,18.4,19.3,16.7,17.6,0.0,78,1020.2,78,1.2,10.3,16.1,17.5
2026-02-13,24.5,17.7,20.2,25.2,16.7,19.7,0.0,71,1017.7,35,10.5,7.2,18.9,21.4
2026-02-14,25.8,18.5,21.8,27.1,17.5,21.5,0.0,76,1016.2,25,10.4,4.5,21.2,23.8
2026-02-15,26.9,20.9,22.9,26.6,19.8,22.3,0.0,81,1015.7,48,6.8,6.9,22.2,24.6
2026-02-16,27.9,22.0,24.0,28.1,21.2,23.6,0.0,79,1015.3,52,8.8,7.7,23.3,25.4
2026-02-17,22.4,18.2,19.5,21.5,17.2,18.6,0.0,80,1019.3,91,0.0,10.8,16.9,20.5
2026-02-18,23.0,17.9,19.6,23.2,17.1,18.8,0.0,65,1021.9,58,8.4,9.7,16.9,20.2
2026-02-19,22.4,17.8,19.6,22.7,16.5,18.9,0.0,70,1022.3,59,9.5,9.1,17.9,20.1
2026-02-20,24.6,18.6,20.9,24.2,17.4,20.2,0.0,72,1018.7,33,10.4,5.0,19.7,21.8
2026-02-21,23.4,19.2,21.0,24.1,17.9,20.3,0.0,79,1013.5,44,8.4,8.0,19.8,22.1
2026-02-22,25.3,20.2,22.3,24.9,19.3,21.9,0.0,76,1012.5,51,6.5,5.6,21.1,22.8
2026-02-23,23.0,20.8,21.4,23.5,19.8,20.9,0.0,79,1013.6,67,6.0,11.5,19.5,21.4
2026-02-24,25.7,19.5,22.3,25.9,18.7,21.7,0.4,83,1013.7,83,2.9,6.3,21.5,24.5
2026-02-25,26.0,21.3,22.7,26.2,20.4,22.2,0.0,81,1014.3,79,7.0,9.6,22.0,24.4
2026-02-26,21.9,19.0,20.5,22.0,18.4,19.9,0.2,84,1012.3,92,1.3,12.0,19.2,21.2
2026-02-27,22.8,20.4,21.4,22.8,19.7,20.9,0.3,88,1010.1,88,0.3,9.3,20.5,21.8
2026-02-28,21.8,19.0,20.0,21.2,18.3,19.4,39.0,93,1010.8,90,0.0,14.8,18.8,20.7
2026-03-01,21.1,18.7,19.8,20.7,18.1,19.4,0.1,92,1010.4,91,0.0,15.1,19.1,20.4
2026-03-02,23.9,21.0,22.5,24.3,20.4,22.2,15.4,93,1010.7,90,0.3,6.2,22.2,23.9
2026-03-03,22.8,17.0,19.8,22.5,16.1,19.2,68.0,89,1014.4,95,0.6,7.6,18.3,22.1
2026-03-04,17.5,15.4,16.5,17.0,14.7,15.8,66.0,90,1017.0,98,0.0,7.1,15.2,16.2
2026-03-05,23.2,16.2,19.3,22.8,15.5,18.9,0.0,78,1016.4,78,6.0,6.5,18.3,21.1
2026-03-06,23.6,17.4,20.0,22.2,16.6,19.4,0.0,67,1017.6,73,4.9,7.4,17.1,19.4
2026-03-07,22.3,18.3,19.5,21.0,17.2,18.7,0.0,69,1020.1,42,8.7,14.1,17.0,18.4
2026-03-08,22.4,16.8,19.1,21.3,15.7,18.4,0.0,71,1020.3,46,9.8,15.1,17.0,18.8
2026-03-09,22.8,17.9,19.7,22.1,17.0,19.0,0.0,74,1021.6,79,8.2,13.3,18.0,20.1
2026-03-10,19.6,16.3,17.7,18.9,15.3,16.8,0.1,75,1022.5,90,0.1,8.8,15.1,16.7
2026-03-11,20.7,17.6,18.8,19.9,16.7,18.0,0.0,74,1019.4,79,1.4,7.5,16.7,18.5
2026-03-12,24.5,17.5,20.3,23.9,16.4,19.6,0.0,69,1019.2,16,11.1,8.6,18.9,21.3
2026-03-13,21.8,17.2,18.8,20.2,16.2,18.0,0.0,56,1022.5,23,11.2,18.2,15.2,17.1
2026-03-14,24.3,16.0,19.4,22.9,14.8,18.6,0.0,61,1023.0,11,11.3,12.2,16.4,19.1
2026-03-15,25.0,18.2,20.7,24.0,17.3,19.9,0.0,72,1021.5,15,11.0,11.5,18.7,20.5
2026-03-16,24.0,18.7,20.8,23.0,17.6,20.0,0.0,70,1018.6,23,10.4,12.0,18.0,19.7
2026-03-17,24.0,20.0,21.2,23.2,19.1,20.5,0.0,81,1016.9,70,3.2,9.0,19.6,21.4
2026-03-18,27.8,20.8,23.4,26.4,19.7,22.8,0.0,77,1015.7,39,8.9,5.5,22.3,24.1
2026-03-19,28.1,21.1,24.1,26.8,20.2,23.4,0.0,74,1014.3,19,10.5,5.9,22.6,24.6
2026-03-20,23.3,20.5,21.5,22.6,19.8,20.8,0.1,86,1015.7,92,0.1,12.8,19.7,21.5
2026-03-21,22.3,20.6,21.4,22.0,20.0,20.8,0.0,84,1016.9,95,0.0,12.1,19.6,20.8
2026-03-22,25.4,20.8,22.3,25.2,20.2,21.7,0.0,81,1016.1,53,7.7,10.4,21.1,23.1
2026-03-23,27.4,21.1,23.4,26.8,20.3,22.7,0.0,79,1014.3,37,6.5,6.3,22.3,24.5
2026-03-24,26.9,22.4,24.0,26.9,21.3,23.5,0.0,83,1012.8,68,5.2,6.8,23.3,25.5
2026-03-25,30.0,22.2,25.3,27.9,21.9,24.7,0.0,76,1012.7,22,10.8,4.5,24.4,25.9
2026-03-26,28.4,23.4,25.0,28.2,22.6,24.4,0.0,80,1012.2,77,2.5,7.7,23.7,25.5
2026-03-27,26.2,23.2,24.2,26.4,22.4,23.5,1.1,86,1011.7,85,3.8,9.7,23.3,25.4
2026-03-28,27.4,22.9,24.5,26.8,22.3,23.9,0.0,86,1011.8,86,2.5,9.9,23.7,25.7
2026-03-29,25.8,22.2,23.6,25.6,21.5,23.0,0.0,86,1011.7,87,1.9,10.4,22.5,24.6
2026-03-30,28.3,22.1,25.2,27.6,21.9,24.6,3.6,81,1010.7,76,5.4,8.1,23.7,25.7
2026-03-31,27.5,24.6,25.9,27.3,23.8,25.3,0.0,81,1010.2,81,1.0,8.4,23.8,25.1
2026-04-01,27.3,22.4,24.5,27.1,21.8,24.1,0.6,76,1012.3,85,3.8,7.5,22.4,25.0
2026-04-02,24.0,22.0,23.0,23.4,21.2,22.2,0.4,88,1013.5,92,0.3,14.3,21.1,21.9
2026-04-03,27.1,23.2,25.5,27.3,22.4,25.1,0.0,84,1009.0,88,1.0,11.7,24.2,26.0
2026-04-04,26.4,23.2,25.0,26.2,22.7,24.4,11.6,86,1007.2,84,0.7,6.5,23.7,25.2
2026-04-05,25.7,23.1,24.0,25.3,22.5,23.4,45.1,92,1007.8,93,0.1,9.6,22.7,24.3
2026-04-06,28.1,25.3,26.5,27.6,24.9,26.1,1.1,84,1007.7,90,1.0,10.0,24.8,26.1
2026-04-07,29.2,26.0,27.2,29.4,25.4,26.9,0.1,83,1009.2,89,2.1,7.5,25.9,27.4
2026-04-08,26.7,22.3,23.4,26.0,21.2,22.4,1.1,88,1012.6,92,0.0,14.8,21.0,24.7
2026-04-09,28.0,23.3,25.6,27.9,22.6,25.3,0.0,82,1011.3,72,4.8,11.0,24.5,26.0
2026-04-10,28.3,25.6,26.7,28.5,24.9,26.4,0.0,78,1009.9,80,4.0,8.9,24.9,26.1
2026-04-11,27.6,25.9,26.6,26.9,25.2,26.1,0.0,81,1008.9,88,0.5,8.3,24.6,25.3
2026-04-12,28.5,25.5,26.8,28.0,24.6,26.3,0.0,80,1009.3,81,1.3,8.4,25.0,25.8
2026-04-13,29.7,25.9,27.1,29.5,25.2,26.7,0.0,78,1011.1,72,5.1,8.9,25.4,27.1
2026-04-14,29.0,25.6,27.1,28.4,24.8,26.6,0.0,79,1011.1,70,3.1,7.3,25.4,26.4
2026-04-15,28.9,25.4,26.9,28.7,24.5,26.4,0.0,79,1010.1,49,6.4,7.0,25.3,27.0
2026-04-16,30.2,25.3,27.0,29.4,24.5,26.4,0.0,75,1010.9,47,9.2,7.1,25.1,26.6
2026-04-17,28.0,23.0,25.2,28.1,22.4,24.5,19.6,82,1012.0,68,0.9,5.8,23.7,25.8
2026-04-18,28.5,23.0,25.5,28.4,22.2,25.1,0.0,75,1011.2,24,11.3,8.7,24.0,25.5
2026-04-19,30.0,24.4,26.7,29.7,23.4,26.1,0.0,77,1011.2,42,10.6,7.7,25.2,26.5
2026-04-20,28.4,25.2,26.7,28.4,24.3,26.1,0.0,78,1011.7,76,4.4,7.6,24.8,26.7
2026-04-21,28.9,24.4,26.8,28.6,23.7,26.3,2.5,81,1010.4,73,2.5,6.9,25.1,26.4
2026-04-22,29.4,25.6,27.2,29.0,24.9,26.7,0.0,75,1008.7,72,7.1,8.7,25.3,26.5
2026-04-23,29.0,23.5,25.8,28.1,22.7,25.5,0.1,82,1008.5,86,1.4,8.9,24.6,26.6
2026-04-24,23.7,19.7,21.1,22.8,19.2,20.5,34.0,91,1012.8,94,0.0,5.6,19.5,21.2
2026-04-25,26.5,20.1,23.2,25.9,19.4,22.7,0.0,81,1014.8,88,3.8,6.8,22.2,24.5
2026-04-26,28.8,22.8,25.1,28.1,22.0,24.4,0.0,73,1013.5,65,10.0,9.9,23.3,25.6
2026-04-27,27.9,23.5,25.2,26.9,22.6,24.5,0.0,78,1012.3,83,5.4,10.0,23.3,24.9
2026-04-28,29.4,24.8,26.3,28.4,24.0,25.6,0.5,82,1010.2,86,2.4,10.3,24.9,27.0
2026-04-29,28.4,22.3,24.8,27.7,21.9,24.5,43.7,84,1010.4,89,3.0,7.4,24.5,26.6
2026-04-30,26.7,20.2,22.7,25.4,19.6,22.1,0.0,62,1014.5,65,4.3,9.0,19.2,22.1
2026-05-01,26.9,22.1,24.0,26.2,21.3,23.4,0.0,76,1014.2,82,6.8,11.6,22.2,24.2
2026-05-02,27.0,24.1,25.2,26.8,23.3,24.6,0.0,83,1011.7,83,1.9,11.3,23.9,25.5
2026-05-03,29.6,22.8,25.1,29.2,22.2,24.6,45.4,87,1011.5,89,3.9,5.8,24.6,27.6
2026-05-04,27.6,21.9,23.7,27.3,21.6,23.4,1.2,79,1014.6,90,2.0,9.2,21.8,24.3
2026-05-05,23.0,19.7,21.3,22.3,18.9,20.6,28.1,90,1014.0,97,0.1,11.2,19.7,21.1
2026-05-06,24.6,21.6,23.3,24.5,20.9,22.9,0.0,85,1012.6,88,0.4,10.4,22.3,23.5
2026-05-07,29.3,24.0,25.9,28.2,23.4,25.3,0.0,81,1011.8,56,8.6,9.8,24.8,26.4
2026-05-08,30.3,24.7,26.9,29.7,23.9,26.4,0.6,81,1012.2,81,6.8,5.5,25.9,27.9
2026-05-09,26.1,23.0,23.7,25.0,22.3,23.0,13.0,85,1014.6,89,0.0,12.4,21.7,24.3
2026-05-10,26.1,23.4,24.0,25.1,22.6,23.3,0.0,81,1014.2,78,0.3,7.8,22.1,23.9
2026-05-11,28.8,23.2,25.7,28.0,22.3,25.1,0.0,79,1012.1,73,4.9,6.0,24.7,26.8
2026-05-12,31.6,25.0,27.6,30.1,24.4,27.0,0.0,80,1008.6,81,10.0,7.4,26.8,28.3
2026-05-13,31.1,26.2,28.3,31.0,25.6,27.9,0.0,76,1006.6,73,11.1,9.8,27.0,28.4
2026-05-14,29.2,26.0,27.5,29.1,25.2,26.9,5.9,84,1005.8,86,0.7,8.1,26.0,27.2
2026-05-15,27.4,25.2,26.1,27.5,24.4,25.5,6.5,87,1007.3,92,0.1,10.4,24.7,26.7
2026-05-16,25.6,23.9,24.6,25.0,23.3,24.0,9.1,88,1010.1,92,0.0,16.8,23.0,24.0
2026-05-17,25.4,23.3,24.3,25.0,22.6,23.8,4.8,87,1010.9,93,0.0,15.5,22.6,23.4
2026-05-18,26.3,24.7,25.4,26.7,24.1,25.1,2.3,87,1010.3,88,0.7,12.0,24.3,25.9
2026-05-19,26.4,25.0,25.6,26.2,24.2,25.0,27.8,91,1009.0,90,0.2,10.1,24.5,26.0
2026-05-20,30.7,25.9,28.0,30.4,25.4,27.7,3.2,84,1008.1,88,1.3,10.0,26.8,28.8
2026-05-21,31.5,25.3,28.1,30.2,24.8,27.5,66.1,87,1010.2,92,1.6,9.5,26.9,29.0
2026-05-22,31.4,27.2,28.9,31.1,26.9,28.7,1.0,80,1010.4,88,6.2,8.2,27.9,29.5
2026-05-23,30.3,28.0,29.0,29.9,27.3,28.5,0.0,80,1009.7,86,1.6,8.2,27.1,28.1
2026-05-24,31.5,28.6,29.6,31.5,27.9,29.1,0.0,78,1009.2,87,3.0,8.4,27.8,29.2
2026-05-25,32.0,28.7,29.8,31.7,28.0,29.5,0.0,75,1007.8,83,6.5,10.9,28.2,29.9
2026-05-26,32.0,29.0,30.0,32.2,28.4,29.6,0.0,79,1007.1,85,4.1,8.2,28.4,30.3
2026-05-27,33.7,28.8,30.7,32.6,28.2,30.1,0.0,75,1008.5,83,11.0,9.8,29.2,30.2
2026-05-28,33.4,28.8,30.6,32.8,28.1,30.1,0.0,75,1009.3,46,11.7,9.8,29.3,31.0
2026-05-29,34.1,27.0,30.6,33.5,25.9,30.0,12.2,76,1009.1,55,10.9,9.1,29.1,30.6
2026-05-30,32.6,27.3,29.3,31.6,26.0,28.7,0.0,73,1009.6,70,8.9,8.3,27.2,28.7
2026-05-31,30.9,27.9,28.8,30.1,27.1,28.0,0.0,74,1009.4,79,4.6,11.0,26.3,28.1
2026-06-01,32.3,27.6,29.2,30.9,26.7,28.4,0.0,74,1008.9,79,2.5,6.6,26.8,28.8
2026-06-02,33.3,28.3,30.0,32.9,27.6,29.6,0.0,76,1006.7,74,8.7,9.2,28.7,30.5
2026-06-03,34.3,28.7,30.5,32.3,28.1,29.9,0.0,75,1004.6,71,8.7,7.7,28.6,30.1
2026-06-04,34.2,27.5,30.8,33.2,26.6,30.2,0.2,73,1003.3,44,10.2,8.4,28.9,30.3
2026-06-05,34.6,27.4,30.7,33.8,26.7,30.2,7.5,76,1004.2,72,9.5,8.5,29.7,31.8
2026-06-06,30.4,25.2,27.7,30.5,24.4,27.1,71.2,86,1006.1,86,0.8,6.0,26.5,29.3
2026-06-07,32.0,25.8,28.1,31.3,25.1,27.8,10.2,88,1005.4,88,1.9,4.9,27.6,30.3
2026-06-08,30.9,25.2,27.6,29.8,24.3,27.1,109.7,88,1002.8,90,1.2,6.9,26.7,28.9
2026-06-09,28.4,25.5,26.7,27.7,24.8,26.2,0.3,80,1003.2,88,0.4,9.4,24.6,26.1
2026-06-10,28.6,25.2,26.3,27.7,24.5,25.6,0.0,75,1008.5,85,1.0,8.7,24.0,26.2
2026-06-11,29.0,25.6,26.7,27.9,24.6,25.9,0.4,79,1011.8,88,0.6,9.8,24.8,26.3
2026-06-12,30.4,26.0,27.4,29.9,25.0,26.7,0.0,79,1012.4,84,2.8,9.9,25.4,27.6
2026-06-13,30.6,25.9,27.8,29.9,25.2,27.2,27.0,87,1008.7,89,0.5,6.5,26.3,28.9
2026-06-14,29.5,26.6,28.9,28.9,25.9,28.2,23.4,85,1005.1,97,0.0,12.1,27.4,27.8
2026-06-15,29.9,25.2,27.3,29.8,24.4,26.6,122.6,91,1005.8,96,0.1,8.5,26.4,29.3
2026-06-16,27.1,25.3,26.1,26.4,24.8,25.5,119.3,92,1007.6,98,0.0,6.0,25.1,26.0
2026-06-17,28.4,25.9,27.0,28.1,25.2,26.4,2.6,86,1009.2,89,0.0,8.9,25.5,27.0
2026-06-18,29.0,24.2,27.1,28.3,23.7,26.7,54.1,91,1009.3,93,0.0,9.3,25.7,27.1
2026-06-19,31.3,27.6,29.3,31.1,27.0,29.0,2.2,82,1009.0,88,3.1,12.6,27.8,29.3
2026-06-20,31.5,28.5,29.6,31.4,28.0,29.2,1.1,80,1009.9,88,5.2,10.1,28.1,29.4
2026-06-21,33.1,28.2,29.9,32.6,27.5,29.5,0.0,76,1009.9,81,9.7,8.7,28.4,29.9
2026-06-22,33.0,28.4,30.2,32.2,27.7,29.8,0.0,74,1006.6,56,11.7,9.1,28.6,29.6
2026-06-23,32.2,28.9,30.4,32.0,28.3,30.0,0.0,77,1004.0,69,7.3,9.9,28.8,30.0
2026-06-24,32.8,29.2,30.7,32.8,28.6,30.3,0.0,79,1003.5,82,7.8,9.3,29.4,30.9
2026-06-25,32.9,28.5,30.8,32.4,28.4,30.4,0.0,79,1004.0,87,5.2,9.2,29.4,31.0
2026-06-26,31.6,26.5,28.5,31.4,25.7,28.0,14.8,83,1004.6,87,1.8,5.9,27.0,29.8
2026-06-27,30.2,27.2,28.9,30.3,26.8,28.4,0.0,83,1004.4,86,1.7,6.3,27.4,29.2
2026-06-28,30.0,26.1,27.9,29.7,25.5,27.3,11.8,89,1005.3,89,0.0,6.3,26.4,28.4
2026-06-29,31.6,26.3,28.7,31.1,25.4,28.1,7.2,84,1006.9,85,4.2,8.3,27.5,29.6
2026-06-30,32.1,26.4,28.7,31.9,25.9,28.3,14.9,84,1008.2,85,7.2,7.9,27.9,29.6
2026-07-01,33.5,28.2,30.3,32.4,27.6,29.6,0.0,80,1007.9,87,9.6,11.6,28.7,30.1
2026-07-02,32.2,27.5,30.0,31.7,26.7,29.5,6.0,82,1009.1,86,5.9,15.0,28.5,29.6
2026-07-03,31.0,26.9,28.8,30.5,25.6,28.2,14.2,84,1009.9,87,1.9,15.5,26.9,28.2
2026-07-04,32.6,27.2,28.8,31.8,26.1,28.0,12.8,84,1009.4,91,2.3,11.9,26.9,29.5
2026-07-05,33.0,27.7,30.0,31.8,26.9,29.4,4.5,79,1008.8,84,6.6,15.8,28.0,29.7
2026-07-06,31.6,25.4,28.7,31.0,24.7,28.0,72.9,83,1007.5,88,1.8,14.8,27.2,29.3
2026-07-07,28.6,25.7,26.9,28.4,25.0,26.5,66.0,91,1007.2,90,0.0,6.8,25.8,27.3
2026-07-08,31.8,25.3,28.4,31.2,24.6,27.9,30.8,86,1006.5,87,4.0,8.5,27.3,29.4
2026-07-09,31.8,27.9,29.4,31.2,27.3,28.9,0.1,81,1005.2,85,4.0,6.8,27.7,29.7
2026-07-10,33.1,26.6,29.8,32.7,26.1,29.2,3.7,76,1003.0,78,6.3,5.7,27.9,29.7
2026-07-11,34.2,27.8,30.4,33.7,27.3,30.0,0.0,75,998.8,30,12.0,10.1,28.5,30.0
2026-07-12,34.5,29.0,31.1,33.3,28.4,30.4,0.0,78,999.6,55,11.7,9.3,29.9,31.3
2026-07-13,33.8,28.7,30.5,32.5,27.6,29.8,0.2,77,1002.5,83,4.9,8.7,28.4,30.9
2026-07-14,28.8,27.0,27.9,28.4,26.1,27.1,21.7,84,1003.1,90,0.7,9.3,26.1,27.5
2026-07-15,28.8,25.7,27.1,28.3,25.1,26.5,47.6,89,1006.2,91,0.4,7.9,25.7,27.6
2026-07-16,27.8,25.5,26.3,27.4,24.9,25.8,86.2,92,1006.8,92,0.0,6.5,25.1,27.4
2026-07-17,30.3,25.8,27.9,30.0,25.3,27.3,31.4,88,1006.0,88,1.9,6.4,26.5,29.2
2026-07-18,30.5,27.5,29.1,30.5,27.0,28.8,3.8,83,1005.5,88,1.4,7.2,27.4,28.8
2026-07-19,30.6,28.4,29.3,30.3,28.1,28.9,0.0,80,1005.5,83,4.1,7.8,27.6,28.8
2026-07-20,29.7,25.7,28.2,29.5,25.1,27.7,72.8,87,1006.0,92,0.8,6.8,26.0,28.7
2026-07-21,30.9,26.4,28.7,31.0,25.9,28.3,13.6,84,1007.6,78,2.8,6.7,27.2,29.2
2026-07-22,33.4,27.5,29.9,32.6,27.0,29.4,0.0,77,1008.2,53,10.0,7.8,28.3,29.7
2026-07-23,33.4,28.4,30.3,32.6,27.8,29.6,0.0,75,1007.2,44,9.2,6.4,28.6,30.5
2026-07-24,33.7,28.1,30.7,33.1,27.7,30.1,0.0,67,1006.2,37,10.7,7.5,27.8,30.0
2026-07-25,34.5,26.0,30.1,34.8,24.4,29.9,3.6,72,1002.3,88,4.6,10.8,27.9,30.8
2026-07-26,28.3,24.6,26.1,27.8,24.4,25.4,109.2,87,997.5,97,0.0,19.5,24.3,25.6
2026-07-27,28.7,25.2,26.8,28.8,24.9,26.5,14.9,87,1005.7,87,1.4,8.2,25.9,27.3
2026-07-28,29.5,25.1,27.0,28.3,24.4,26.3,46.7,89,1009.4,90,2.3,9.4,25.9,27.6
2026-07-29,27.9,26.0,27.0,27.5,25.4,26.4,40.8,92,1010.7,90,0.0,11.5,25.9,26.5
2026-07-30,28.8,24.6,26.9,29.1,23.6,26.4,15.9,89,1010.6,89,0.9,9.4,25.6,28.0
2026-07-31,27.6,23.9,26.0,27.5,23.3,25.4,70.9,92,1009.5,93,0.0,8.2,24.3,26.4
2026-08-01,28.9,25.2,26.4,29.3,24.2,25.9,30.5,91,1007.9,90,1.9,7.5,26.2,28.4
2026-08-02,26.8,25.1,25.6,26.5,24.5,25.0,62.4,94,1007.8,96,0.3,8.2,25.0,26.4
2026-08-03,28.4,25.0,26.5,28.3,24.4,26.1,31.7,90,1008.3,90,0.9,7.8,25.9,28.3
2026-08-04,32.5,26.2,28.4,31.9,26.0,28.2,0.0,83,1006.6,87,7.5,5.1,27.7,30.0
2026-08-05,33.1,27.0,29.1,31.6,26.3,28.3,0.0,76,1004.7,83,4.6,6.5,27.0,28.9
2026-08-06,34.4,26.9,29.9,32.4,26.3,29.1,0.0,73,1003.6,32,11.3,5.8,28.3,29.4
2026-08-07,33.8,27.4,30.3,33.1,26.6,29.7,0.0,72,1001.6,38,11.3,8.8,28.5,30.4
2026-08-08,34.7,28.9,31.6,34.4,28.2,31.2,0.0,72,998.8,36,10.0,9.1,29.5,30.8
2026-08-09,36.9,29.6,32.9,36.2,29.3,32.8,0.0,62,995.9,55,10.8,9.8,29.0,30.1
2026-08-10,35.4,30.1,32.3,34.6,29.7,31.9,0.0,62,995.4,58,10.8,10.9,28.5,29.7
2026-08-11,35.1,29.7,31.8,34.3,29.1,31.2,0.0,62,998.0,49,9.8,9.9,27.8,29.6
2026-08-12,34.5,30.2,31.7,33.5,29.4,31.1,0.0,73,1000.0,72,10.8,9.6,30.1,31.4
2026-08-13,33.8,30.1,31.4,33.5,29.3,30.8,0.0,74,1000.5,86,7.1,9.0,29.2,30.8
2026-08-14,30.7,26.6,28.4,30.0,25.8,27.8,43.4,86,1002.2,89,1.6,5.5,26.3,28.4
2026-08-15,31.8,26.8,28.9,31.2,26.4,28.4,7.9,85,1003.0,89,4.7,5.5,27.6,30.1
2026-08-16,33.6,28.3,30.5,33.1,27.7,30.0,0.0,77,1002.8,53,11.0,8.1,29.2,30.4
2026-08-17,32.3,28.9,29.9,32.1,28.3,29.4,4.4,82,1003.1,82,4.5,8.3,28.4,30.9
2026-08-18,32.2,28.2,29.7,31.3,27.4,29.1,2.0,78,1003.4,87,4.1,13.7,27.4,29.3
2026-08-19,32.8,28.1,30.0,31.7,27.3,29.3,1.9,73,1003.4,79,7.8,20.7,27.3,28.4
2026-08-20,29.7,26.7,28.0,29.7,25.9,27.4,28.6,87,1003.1,89,2.0,10.9,26.9,28.6
2026-08-21,31.5,25.7,28.2,31.2,25.1,27.9,6.6,84,1003.1,86,3.0,5.0,27.2,29.5
2026-08-22,31.8,27.2,29.3,31.8,26.7,28.9,10.0,83,1001.5,88,3.1,7.2,28.1,30.7
2026-08-23,32.0,28.6,29.9,32.0,28.1,29.5,0.2,79,1001.1,88,4.2,8.1,28.3,30.8
2026-08-24,33.0,28.7,30.3,32.8,28.3,30.0,4.3,79,1000.8,87,8.3,10.0,29.2,30.7
2026-08-25,31.1,27.7,29.8,30.5,27.1,29.0,1.7,80,1002.3,88,0.2,8.3,27.6,28.7
2026-08-26,29.9,26.8,28.5,29.2,25.8,27.9,33.5,87,1003.4,88,0.5,7.7,26.9,29.1
2026-08-27,29.6,26.3,28.2,29.5,25.6,27.6,85.0,89,1003.5,91,0.0,6.5,27.2,28.8
2026-08-28,32.2,28.6,30.1,32.2,28.1,29.6,0.0,81,1001.6,88,6.3,8.4,29.1,30.9
2026-08-29,32.8,28.2,30.1,32.5,27.9,29.7,0.8,80,999.8,88,8.1,8.7,29.4,31.2
2026-08-30,30.1,28.1,29.1,29.8,27.9,28.7,0.1,84,999.1,87,0.2,7.0,27.5,28.6
2026-08-31,29.5,26.2,27.7,30.4,25.7,27.6,25.0,85,998.7,88,2.2,4.8,26.6,29.2
